session_id,at_ns,merchant_id,amount_paise,local_hour,label,anomalous,split
1000,1700046500000000000,2,21769,12,normal,0,test
1000,1700135900000000000,2,20625,13,normal,0,test
1000,1700220920000000000,2,26761,13,normal,0,test
1000,1700305160000000000,2,29047,12,normal,0,test
1000,1700390900000000000,2,22247,12,normal,0,test
1000,1700402840000000000,2,26296,15,legit: late lunch,0,test
1000,1700486240000000000,2,23706,15,legit: late lunch,0,test
1000,1700565740000000000,2,26590,13,normal,0,test
1000,1700652980000000000,2,21039,13,normal,0,test
1000,1700646500000000000,2,31208,11,normal,0,test
1000,1700738420000000000,2,29707,13,normal,0,test
1000,1700822540000000000,2,25875,12,normal,0,test
1000,1700908820000000000,2,24653,12,normal,0,test
1000,1700998220000000000,2,22754,13,normal,0,test
1001,1700054060000000000,2,44562,15,normal,0,test
1001,1700140340000000000,5,42821,14,normal,0,test
1001,1700226440000000000,5,50351,14,normal,0,test
1001,1700307980000000000,5,47296,13,normal,0,test
1001,1700394260000000000,2,44557,13,normal,0,test
1001,1700402300000000000,5,47550,15,normal,0,test
1001,1700478860000000000,2,44909,13,normal,0,test
1001,1700571980000000000,5,43469,14,normal,0,test
1001,1700659100000000000,2,42240,15,normal,0,test
1001,1700657000000000000,2,42986,14,normal,0,test
1001,1700747180000000000,5,47452,15,normal,0,test
1001,1700826020000000000,2,42559,13,normal,0,test
1001,1700824520000000000,5,52005,13,normal,0,test
1001,1700916500000000000,5,51593,14,normal,0,test
1001,1701004340000000000,2,42215,14,normal,0,test
1001,1701093440000000000,5,44414,15,normal,0,test
1001,1701178760000000000,2,40866,15,normal,0,test
1001,1701266240000000000,2,41942,15,normal,0,test
1001,1701351140000000000,2,43987,15,normal,0,test
1001,1701436820000000000,5,51274,15,normal,0,test
1001,1701430340000000000,2,41318,13,normal,0,test
1002,1700046920000000000,2,50578,13,normal,0,test
1002,1700047280000000000,2,42621,13,normal,0,test
1002,1700142980000000000,5,45203,15,normal,0,test
1002,1700224580000000000,5,49823,14,normal,0,test
1002,1700314340000000000,5,40153,15,normal,0,test
1002,1700393720000000000,2,45860,13,normal,0,test
1002,1700481740000000000,5,43483,13,normal,0,test
1002,1700488100000000000,5,49163,15,normal,0,test
1002,1700565200000000000,5,49873,13,normal,0,test
1002,1700575760000000000,5,41871,15,normal,0,test
1002,1700654480000000000,2,50987,13,normal,0,test
1002,1700740220000000000,5,51767,13,normal,0,test
1002,1700824460000000000,5,40362,13,normal,0,test
1002,1700911340000000000,2,50288,13,normal,0,test
1002,1701001280000000000,2,39926,14,normal,0,test
1002,1701087080000000000,2,48835,13,normal,0,test
1002,1701085340000000000,2,40881,13,normal,0,test
1002,1701177020000000000,2,40286,14,normal,0,test
1002,1701264080000000000,2,49192,15,normal,0,test
1002,1701306800000000000,5,45897,3,odd hour,1,test
1002,1701393200000000000,5,45897,3,odd hour,1,test
1003,1700049560000000000,4,41823,13,normal,0,test
1003,1700133500000000000,6,43118,13,normal,0,test
1003,1700222600000000000,4,41139,13,normal,0,test
1003,1700320160000000000,4,48116,16,legit: late lunch,0,test
1003,1700398880000000000,6,48122,14,normal,0,test
1003,1700475680000000000,6,39952,12,normal,0,test
1003,1700569880000000000,6,42345,14,normal,0,test
1003,1700652740000000000,6,42576,13,normal,0,test
1003,1700653940000000000,6,48789,13,normal,0,test
1003,1700744120000000000,6,41841,14,normal,0,test
1003,1700824880000000000,6,49662,13,normal,0,test
1003,1700826080000000000,4,39885,13,normal,0,test
1003,1700916800000000000,6,42319,14,normal,0,test
1003,1701002300000000000,6,46673,14,normal,0,test
1003,1701096800000000000,6,39598,16,legit: late lunch,0,test
1003,1701170720000000000,4,41467,13,normal,0,test
1003,1701253460000000000,6,39943,12,normal,0,test
1003,1701254600000000000,6,39561,12,normal,0,test
1003,1701356900000000000,4,46746,16,legit: late lunch,0,test
1003,1701339680000000000,6,39905,12,normal,0,test
1003,1701431300000000000,4,42738,13,normal,0,test
1003,1701516440000000000,6,107484,13,legit: team order,0,test
1003,1701607340000000000,6,48250,14,normal,0,test
1004,1700044460000000000,1,46559,12,normal,0,test
1004,1700131520000000000,4,42597,12,normal,0,test
1004,1700132240000000000,4,38919,12,normal,0,test
1004,1700223920000000000,1,41088,14,normal,0,test
1004,1700302820000000000,1,48302,12,normal,0,test
1004,1700391740000000000,1,46136,12,normal,0,test
1004,1700475860000000000,1,47758,12,normal,0,test
1004,1700571200000000000,4,42438,14,normal,0,test
1004,1700657000000000000,4,45939,14,normal,0,test
1004,1700654000000000000,4,47216,13,normal,0,test
1004,1700739140000000000,1,48510,13,normal,0,test
1004,1700744660000000000,4,38849,14,normal,0,test
1004,1700831240000000000,4,42765,14,normal,0,test
1004,1700907680000000000,4,45999,12,normal,0,test
1004,1700997020000000000,4,42417,12,normal,0,test
1004,1701085160000000000,1,44766,13,normal,0,test
1004,1701123200000000000,45,86826,13,new merchant,1,test
1004,1701134000000000000,45,86826,13,new merchant,1,test
1004,1701144800000000000,47,86826,13,new merchant,1,test
1005,1700056880000000000,5,24083,15,legit: late lunch,0,test
1005,1700136560000000000,5,19594,13,normal,0,test
1005,1700215160000000000,5,27075,11,normal,0,test
1005,1700302160000000000,5,19773,11,normal,0,test
1005,1700299520000000000,5,25064,11,normal,0,test
1005,1700388140000000000,5,20191,11,normal,0,test
1005,1700387900000000000,6,26079,11,normal,0,test
1005,1700479700000000000,6,26128,13,normal,0,test
1005,1700562800000000000,5,28465,12,normal,0,test
1005,1700647220000000000,5,21101,11,normal,0,test
1005,1700731700000000000,5,19870,11,normal,0,test
1005,1700733440000000000,6,26121,11,normal,0,test
1005,1700818040000000000,5,22685,11,normal,0,test
1005,1700822060000000000,6,24539,12,normal,0,test
1005,1700910620000000000,5,26485,12,normal,0,test
1005,1700991680000000000,6,25281,11,normal,0,test
1005,1700990180000000000,6,20319,11,normal,0,test
1005,1701086300000000000,5,28081,13,normal,0,test
1005,1701076820000000000,6,25048,11,normal,0,test
1005,1701173300000000000,6,21040,13,normal,0,test
1005,1701171620000000000,6,28370,13,normal,0,test
1005,1701210800000000000,5,70179,12,spend spike,1,test
1005,1701212000000000000,5,93572,12,spend spike,1,test
1005,1701213200000000000,5,116965,12,spend spike,1,test
1006,1700059280000000000,1,38583,16,legit: late lunch,0,test
1006,1700046620000000000,6,36528,12,legit: occasional merchant,0,test
1006,1700131760000000000,1,33773,12,normal,0,test
1006,1700222960000000000,2,91110,13,legit: team order,0,test
1006,1700312180000000000,2,31721,14,normal,0,test
1006,1700392160000000000,2,31706,12,normal,0,test
1006,1700477900000000000,2,35638,12,normal,0,test
1006,1700476880000000000,3,30305,12,legit: occasional merchant,0,test
1006,1700564840000000000,2,37337,12,normal,0,test
1006,1700653100000000000,2,32796,13,normal,0,test
1006,1700737160000000000,2,38590,12,normal,0,test
1006,1700828420000000000,1,32227,14,normal,0,test
1006,1700910440000000000,1,31998,12,normal,0,test
1006,1701001100000000000,2,33323,14,normal,0,test
1006,1701082700000000000,2,30445,12,normal,0,test
1006,1701081920000000000,1,40152,12,normal,0,test
1007,1700047640000000000,6,45545,13,normal,0,test
1007,1700136260000000000,1,52459,13,legit: occasional merchant,0,test
1007,1700225960000000000,6,56094,14,normal,0,test
1007,1700220680000000000,6,52015,13,normal,0,test
1007,1700312720000000000,6,56767,14,normal,0,test
1007,1700316020000000000,6,56204,15,normal,0,test
1007,1700396120000000000,4,47799,14,legit: occasional merchant,0,test
1007,1700489480000000000,6,52200,15,normal,0,test
1007,1700567240000000000,6,46520,13,normal,0,test
1007,1700652380000000000,6,51681,13,normal,0,test
1007,1700743160000000000,6,56414,14,normal,0,test
1007,1700826620000000000,6,53549,13,normal,0,test
1007,1700921240000000000,6,54213,15,normal,0,test
1007,1700925740000000000,4,54182,17,legit: occasional merchant,0,test
1007,1701002120000000000,6,49886,14,normal,0,test
1007,1701088160000000000,6,56006,14,normal,0,test
1007,1701170180000000000,6,55549,13,normal,0,test
1007,1701257900000000000,6,53827,13,normal,0,test
1007,1701266060000000000,6,52307,15,normal,0,test
1007,1701347900000000000,6,52586,14,normal,0,test
1007,1701436280000000000,6,48979,14,normal,0,test
1007,1701479600000000000,6,51510,3,odd hour,1,test
1007,1701566000000000000,6,51510,3,odd hour,1,test
1008,1700048240000000000,1,36423,13,normal,0,test
1008,1700141300000000000,1,30819,15,normal,0,test
1008,1700220260000000000,5,31715,13,normal,0,test
1008,1700220140000000000,1,34450,13,normal,0,test
1008,1700307020000000000,5,38493,13,normal,0,test
1008,1700307740000000000,1,33624,13,normal,0,test
1008,1700393480000000000,5,28623,13,normal,0,test
1008,1700484500000000000,1,34587,14,normal,0,test
1008,1700568560000000000,5,33550,13,normal,0,test
1008,1700658800000000000,5,31850,15,normal,0,test
1008,1700748560000000000,5,33511,15,normal,0,test
1008,1700826320000000000,1,29152,13,normal,0,test
1008,1700914400000000000,1,30619,14,normal,0,test
1008,1701006800000000000,1,29309,15,normal,0,test
1008,1701090800000000000,1,29972,15,normal,0,test
1008,1701180500000000000,2,37740,15,legit: occasional merchant,0,test
1008,1701261980000000000,1,39725,14,normal,0,test
1008,1701351440000000000,5,33539,15,normal,0,test
1008,1701434960000000000,5,31470,14,normal,0,test
1008,1701522620000000000,5,33370,14,normal,0,test
1008,1701608300000000000,1,37372,14,normal,0,test
1008,1701602060000000000,5,39014,13,normal,0,test
1008,1701688880000000000,1,38402,13,normal,0,test
1008,1701691880000000000,5,33719,13,normal,0,test
1008,1701782540000000000,5,30271,15,normal,0,test
1009,1700051720000000000,4,29082,14,normal,0,test
1009,1700138840000000000,4,26914,14,normal,0,test
1009,1700224580000000000,6,34856,14,normal,0,test
1009,1700219540000000000,4,32274,12,normal,0,test
1009,1700302580000000000,6,83574,12,legit: team order,0,test
1009,1700395460000000000,6,31694,13,normal,0,test
1009,1700483360000000000,6,83574,14,legit: team order,0,test
1009,1700564420000000000,4,28374,12,normal,0,test
1009,1700649980000000000,6,36356,12,normal,0,test
1009,1700739560000000000,6,28159,13,normal,0,test
1009,1700742080000000000,4,37151,14,normal,0,test
1009,1700827940000000000,4,37270,13,normal,0,test
1009,1700908640000000000,4,36988,12,normal,0,test
1009,1700913740000000000,6,27266,13,normal,0,test
1009,1700994560000000000,6,26643,12,normal,0,test
1009,1701089540000000000,6,29385,14,normal,0,test
1009,1701173000000000000,4,30639,13,normal,0,test
1009,1701172340000000000,6,83574,13,legit: team order,0,test
1009,1701258860000000000,6,30845,13,normal,0,test
1009,1701345020000000000,6,31983,13,normal,0,test
1009,1701342680000000000,6,26074,12,normal,0,test
1009,1701435740000000000,6,30496,14,normal,0,test
1009,1701521180000000000,4,29502,14,normal,0,test
1009,1701605600000000000,6,27380,14,normal,0,test
1009,1701689420000000000,6,37581,13,normal,0,test
1009,1701773960000000000,4,29271,12,normal,0,test
1010,1700053520000000000,1,27382,14,normal,0,test
1010,1700047220000000000,1,17182,13,normal,0,test
1010,1700134100000000000,3,25894,13,normal,0,test
1010,1700217920000000000,3,21629,12,normal,0,test
1010,1700302760000000000,3,18552,12,normal,0,test
1010,1700399060000000000,1,25714,14,normal,0,test
1010,1700477240000000000,3,21690,12,normal,0,test
1010,1700566220000000000,3,26220,13,normal,0,test
1010,1700651720000000000,1,26666,13,normal,0,test
1010,1700657180000000000,1,19936,14,normal,0,test
1010,1700741480000000000,3,23148,13,normal,0,test
1010,1700744600000000000,1,23788,14,normal,0,test
1010,1700825660000000000,1,20455,13,normal,0,test
1010,1700910980000000000,3,20960,13,normal,0,test
1010,1701002540000000000,3,25790,14,normal,0,test
1010,1701090140000000000,1,17443,14,normal,0,test
1010,1701085580000000000,1,24307,13,normal,0,test
1010,1701173660000000000,1,20554,14,normal,0,test
1010,1701257540000000000,1,65258,13,legit: team order,0,test
1010,1701341840000000000,1,26415,12,normal,0,test
1010,1701340880000000000,3,20683,12,normal,0,test
1010,1701434900000000000,1,19106,14,normal,0,test
1010,1701427940000000000,4,26966,12,legit: occasional merchant,0,test
1010,1701522380000000000,3,19080,14,normal,0,test
1010,1701605600000000000,1,23613,14,normal,0,test
1010,1701603080000000000,1,18713,13,normal,0,test
1010,1701641600000000000,40,45258,13,new merchant,1,test
1010,1701652400000000000,43,45258,13,new merchant,1,test
1010,1701663200000000000,54,45258,13,new merchant,1,test
1011,1700043560000000000,6,62718,12,normal,0,test
1011,1700130320000000000,6,53652,12,normal,0,test
1011,1700217800000000000,6,56459,12,normal,0,test
1011,1700217800000000000,6,61252,12,normal,0,test
1011,1700305640000000000,6,53437,12,normal,0,test
1011,1700387900000000000,1,63679,11,normal,0,test
1011,1700478440000000000,1,63975,12,normal,0,test
1011,1700473520000000000,6,54598,11,normal,0,test
1011,1700565440000000000,6,59665,13,normal,0,test
1011,1700647700000000000,1,61272,11,normal,0,test
1011,1700737280000000000,1,60966,12,normal,0,test
1011,1700821460000000000,6,59229,12,normal,0,test
1011,1700819960000000000,1,58982,11,normal,0,test
1011,1700907620000000000,6,60591,12,normal,0,test
1011,1700998160000000000,1,63477,13,normal,0,test
1011,1701077240000000000,6,61533,11,normal,0,test
1012,1700046260000000000,4,36282,12,normal,0,test
1012,1700128220000000000,5,41469,11,normal,0,test
1012,1700216360000000000,4,42051,12,normal,0,test
1012,1700302100000000000,5,44072,11,normal,0,test
1012,1700402000000000000,5,37164,15,legit: late lunch,0,test
1012,1700475440000000000,5,39248,12,normal,0,test
1012,1700568560000000000,5,33474,13,normal,0,test
1012,1700563580000000000,4,33414,12,normal,0,test
1012,1700654600000000000,4,33095,13,normal,0,test
1012,1700734880000000000,5,39173,12,normal,0,test
1012,1700734580000000000,4,36587,12,normal,0,test
1012,1700817320000000000,4,40260,11,normal,0,test
1012,1700906060000000000,5,38108,11,normal,0,test
1012,1700998100000000000,4,34642,13,normal,0,test
1012,1701076520000000000,4,44312,11,normal,0,test
1012,1701085160000000000,4,40759,13,normal,0,test
1012,1701171020000000000,4,44249,13,normal,0,test
1012,1701263600000000000,4,40159,15,legit: late lunch,0,test
1012,1701254000000000000,4,36730,12,normal,0,test
1012,1701339320000000000,5,39396,12,normal,0,test
1012,1701425960000000000,5,40249,12,normal,0,test
1012,1701516440000000000,5,36270,13,normal,0,test
1012,1701610100000000000,5,38934,15,legit: late lunch,0,test
1012,1701690140000000000,5,36228,13,normal,0,test
1012,1701776300000000000,4,39511,13,normal,0,test
1012,1701814400000000000,4,38505,12,burst,1,test
1012,1701814520000000000,4,38505,12,burst,1,test
1012,1701814640000000000,4,38505,12,burst,1,test
1012,1701814760000000000,4,38505,12,burst,1,test
1012,1701814880000000000,4,38505,12,burst,1,test
1012,1701815000000000000,4,38505,12,burst,1,test
1013,1700050700000000000,1,57120,14,normal,0,test
1013,1700138600000000000,1,52299,14,normal,0,test
1013,1700220380000000000,4,52477,13,normal,0,test
1013,1700311340000000000,1,130762,14,legit: team order,0,test
1013,1700315480000000000,1,50065,15,normal,0,test
1013,1700393600000000000,4,57210,13,normal,0,test
1013,1700482040000000000,4,55886,13,normal,0,test
1013,1700566340000000000,4,59375,13,normal,0,test
1013,1700660660000000000,1,53581,15,normal,0,test
1013,1700651900000000000,1,53994,13,normal,0,test
1013,1700746160000000000,1,58896,15,normal,0,test
1013,1700826200000000000,4,50708,13,normal,0,test
1013,1700913200000000000,4,53566,13,normal,0,test
1013,1700916020000000000,1,54455,14,normal,0,test
1013,1701013160000000000,4,61128,17,legit: late lunch,0,test
1013,1701093260000000000,4,57718,15,normal,0,test
1013,1701176840000000000,1,52067,14,normal,0,test
1013,1701178220000000000,4,60251,15,normal,0,test
1013,1701260780000000000,1,55960,14,normal,0,test
1013,1701349640000000000,1,52838,14,normal,0,test
1013,1701438140000000000,1,54735,15,normal,0,test
1013,1701521300000000000,4,50540,14,normal,0,test
1013,1701608120000000000,1,50191,14,normal,0,test
1013,1701611060000000000,1,55313,15,normal,0,test
1013,1701697940000000000,1,55067,15,normal,0,test
1013,1701779000000000000,1,58048,14,normal,0,test
1014,1700051300000000000,5,45732,14,normal,0,test
1014,1700149940000000000,5,54810,17,legit: late lunch,0,test
1014,1700221700000000000,5,52039,13,normal,0,test
1014,1700229980000000000,5,50072,15,normal,0,test
1014,1700316620000000000,5,45311,15,normal,0,test
1014,1700394140000000000,5,45680,13,normal,0,test
1014,1700494400000000000,5,50579,17,legit: late lunch,0,test
1014,1700489360000000000,5,121566,15,legit: team order,0,test
1014,1700572880000000000,5,55707,15,normal,0,test
1014,1700654240000000000,5,51965,13,normal,0,test
1014,1700739680000000000,5,45420,13,normal,0,test
1014,1700742140000000000,5,121566,14,legit: team order,0,test
1014,1700832200000000000,5,47379,15,normal,0,test
1014,1700920400000000000,5,52754,15,normal,0,test
1014,1701007040000000000,5,49806,15,normal,0,test
1014,1701088700000000000,5,56000,14,normal,0,test
1014,1701179360000000000,5,46843,15,normal,0,test
1014,1701170540000000000,5,53834,13,normal,0,test
1014,1701259460000000000,5,51378,13,normal,0,test
1014,1701265460000000000,2,54903,15,legit: occasional merchant,0,test
1014,1701296000000000000,5,50783,14,burst,1,test
1014,1701296120000000000,5,50783,14,burst,1,test
1014,1701296240000000000,5,50783,14,burst,1,test
1014,1701296360000000000,5,50783,14,burst,1,test
1014,1701296480000000000,5,50783,14,burst,1,test
1014,1701296600000000000,5,50783,14,burst,1,test
1015,1700055800000000000,4,41685,15,normal,0,test
1015,1700056520000000000,4,43310,15,normal,0,test
1015,1700143580000000000,4,45564,15,normal,0,test
1015,1700224640000000000,4,45268,14,normal,0,test
1015,1700310980000000000,2,44910,14,normal,0,test
1015,1700395340000000000,4,45747,13,normal,0,test
1015,1700482520000000000,4,45878,14,normal,0,test
1015,1700482340000000000,2,41467,13,normal,0,test
1015,1700570540000000000,2,47432,14,normal,0,test
1015,1700575640000000000,4,43630,15,normal,0,test
1015,1700657240000000000,2,46137,14,normal,0,test
1015,1700652680000000000,4,39877,13,normal,0,test
1015,1700742140000000000,2,49246,14,normal,0,test
1015,1700832140000000000,4,47559,15,normal,0,test
1015,1700830460000000000,4,40564,14,normal,0,test
1015,1700915480000000000,4,49268,14,normal,0,test
1015,1701004160000000000,4,41557,14,normal,0,test
1015,1701093560000000000,2,50269,15,normal,0,test
1015,1701173900000000000,4,42032,14,normal,0,test
1015,1701261380000000000,2,46405,14,normal,0,test
1015,1701349220000000000,4,44247,14,normal,0,test
1015,1701439520000000000,2,49873,15,normal,0,test
1015,1701435140000000000,2,42703,14,normal,0,test
1015,1701519740000000000,4,45685,14,normal,0,test
1015,1701606380000000000,2,109322,14,legit: team order,0,test
1015,1701691280000000000,2,39845,13,normal,0,test
1016,1700057240000000000,4,47733,15,normal,0,test
1016,1700048660000000000,2,50637,13,normal,0,test
1016,1700140040000000000,4,44376,14,normal,0,test
1016,1700140580000000000,2,47639,15,normal,0,test
1016,1700222600000000000,4,51434,13,normal,0,test
1016,1700308100000000000,2,53745,13,normal,0,test
1016,1700402780000000000,2,43839,15,normal,0,test
1016,1700488940000000000,2,50981,15,normal,0,test
1016,1700571320000000000,2,46850,14,normal,0,test
1016,1700658680000000000,4,46849,14,normal,0,test
1016,1700654960000000000,2,52936,13,normal,0,test
1016,1700743820000000000,4,53966,14,normal,0,test
1016,1700833220000000000,2,47049,15,normal,0,test
1016,1700832380000000000,4,46013,15,normal,0,test
1016,1700911940000000000,4,51760,13,normal,0,test
1016,1700999960000000000,4,45519,13,normal,0,test
1016,1701011660000000000,2,47458,17,legit: late lunch,0,test
1016,1701091700000000000,2,49964,15,legit: occasional merchant,0,test
1016,1701180020000000000,2,47914,15,normal,0,test
1016,1701261440000000000,4,53312,14,normal,0,test
1016,1701260600000000000,4,54816,14,normal,0,test
1016,1701343940000000000,4,52028,13,normal,0,test
1016,1701382400000000000,46,98448,14,new merchant,1,test
1016,1701393200000000000,46,98448,14,new merchant,1,test
1016,1701404000000000000,59,98448,14,new merchant,1,test
1017,1700050400000000000,5,42527,14,normal,0,test
1017,1700138060000000000,1,47027,14,normal,0,test
1017,1700135000000000000,5,105402,13,legit: team order,0,test
1017,1700225540000000000,5,46782,14,normal,0,test
1017,1700311160000000000,5,44545,14,normal,0,test
1017,1700305160000000000,1,37578,12,normal,0,test
1017,1700395880000000000,5,41047,13,normal,0,test
1017,1700485520000000000,1,45109,14,normal,0,test
1017,1700569580000000000,1,39950,14,normal,0,test
1017,1700654120000000000,5,42825,13,normal,0,test
1017,1700744600000000000,3,105402,14,legit: occasional merchant,0,test
1017,1700823560000000000,5,39183,12,normal,0,test
1017,1700915720000000000,1,38730,14,normal,0,test
1017,1700994620000000000,5,42274,12,normal,0,test
1018,1700044520000000000,6,33837,12,normal,0,test
1018,1700129960000000000,6,36676,12,normal,0,test
1018,1700145560000000000,1,32562,16,legit: late lunch,0,test
1018,1700218460000000000,1,39882,12,normal,0,test
1018,1700303960000000000,1,30089,12,normal,0,test
1018,1700395040000000000,6,40546,13,normal,0,test
1018,1700478140000000000,1,33207,12,normal,0,test
1018,1700571800000000000,6,39459,14,normal,0,test
1018,1700651780000000000,1,36940,13,normal,0,test
1018,1700655860000000000,1,38484,14,normal,0,test
1018,1700742920000000000,6,36050,14,normal,0,test
1018,1700827160000000000,6,29437,13,normal,0,test
1018,1700830640000000000,1,35174,14,normal,0,test
1018,1700910740000000000,6,29388,12,normal,0,test
1018,1700997260000000000,6,34513,13,normal,0,test
1018,1701087620000000000,1,30233,14,normal,0,test
1018,1701084320000000000,1,34630,13,normal,0,test
1018,1701168320000000000,6,38494,12,normal,0,test
1018,1701176360000000000,1,89662,14,legit: team order,0,test
1018,1701263240000000000,6,40518,14,normal,0,test
1018,1701257540000000000,1,31151,13,normal,0,test
1018,1701339800000000000,1,32367,12,normal,0,test
1018,1701427220000000000,6,33449,12,normal,0,test
1018,1701521240000000000,1,35547,14,normal,0,test
1018,1701519500000000000,1,32771,14,normal,0,test
1018,1701604520000000000,6,36867,13,normal,0,test
1018,1701598520000000000,6,35596,12,normal,0,test
1018,1701692420000000000,1,30040,14,normal,0,test
1018,1701774320000000000,6,29257,12,normal,0,test
1018,1701780080000000000,1,34267,14,normal,0,test
1018,1701814400000000000,1,34831,13,burst,1,test
1018,1701814520000000000,1,34831,13,burst,1,test
1018,1701814640000000000,1,34831,13,burst,1,test
1018,1701814760000000000,1,34831,13,burst,1,test
1018,1701814880000000000,1,34831,13,burst,1,test
1018,1701815000000000000,1,34831,13,burst,1,test
1019,1700056820000000000,5,52097,15,normal,0,test
1019,1700050700000000000,5,53554,14,legit: occasional merchant,0,test
1019,1700139800000000000,6,50364,14,normal,0,test
1019,1700223020000000000,6,48975,13,normal,0,test
1019,1700308820000000000,5,123568,13,legit: team order,0,test
1019,1700393960000000000,6,52802,13,normal,0,test
1019,1700484500000000000,5,55450,14,legit: occasional merchant,0,test
1019,1700566880000000000,5,52477,13,normal,0,test
1019,1700655440000000000,6,123568,14,legit: team order,0,test
1019,1700740520000000000,5,49245,13,normal,0,test
1019,1700745500000000000,6,50131,15,normal,0,test
1019,1700834780000000000,5,46442,15,normal,0,test
1019,1700824880000000000,6,53176,13,normal,0,test
1019,1700920340000000000,6,52399,15,normal,0,test
1019,1701006440000000000,5,47715,15,normal,0,test
1019,1701086900000000000,6,56944,13,normal,0,test
1019,1701173120000000000,6,54350,13,normal,0,test
1019,1701175760000000000,6,46603,14,normal,0,test
1019,1701256460000000000,6,46550,13,normal,0,test
1019,1701344840000000000,5,54607,13,normal,0,test
1019,1701431420000000000,6,55569,13,normal,0,test
1019,1701519260000000000,5,48242,14,normal,0,test
1020,1700044460000000000,1,29985,12,normal,0,test
1020,1700045240000000000,1,34146,12,normal,0,test
1020,1700140760000000000,1,26765,15,legit: late lunch,0,test
1020,1700223020000000000,1,78844,13,legit: team order,0,test
1020,1700229140000000000,1,26895,15,legit: late lunch,0,test
1020,1700307560000000000,1,24326,13,normal,0,test
1020,1700388560000000000,1,26084,11,normal,0,test
1020,1700390360000000000,1,34450,12,normal,0,test
1020,1700475380000000000,1,28927,12,normal,0,test
1020,1700565620000000000,1,34915,13,normal,0,test
1020,1700645900000000000,1,27001,11,normal,0,test
1020,1700732180000000000,1,31006,11,normal,0,test
1020,1700824820000000000,1,25216,13,normal,0,test
1020,1700905520000000000,1,28658,11,normal,0,test
1020,1701007340000000000,1,26840,15,legit: late lunch,0,test
1020,1701080360000000000,1,31022,12,normal,0,test
1020,1701080300000000000,1,30076,12,normal,0,test
1020,1701170540000000000,1,29511,13,normal,0,test
1020,1701252800000000000,1,31066,12,normal,0,test
1020,1701338300000000000,1,34424,11,normal,0,test
1020,1701430580000000000,1,24239,13,normal,0,test
1020,1701511400000000000,1,32481,11,normal,0,test
1020,1701603020000000000,1,24754,13,normal,0,test
1020,1701641600000000000,1,29422,12,burst,1,test
1020,1701641720000000000,1,29422,12,burst,1,test
1020,1701641840000000000,1,29422,12,burst,1,test
1020,1701641960000000000,1,29422,12,burst,1,test
1020,1701642080000000000,1,29422,12,burst,1,test
1020,1701642200000000000,1,29422,12,burst,1,test
1021,1700055080000000000,6,13167,15,normal,0,test
1021,1700138600000000000,6,21565,14,normal,0,test
1021,1700225600000000000,3,23071,14,normal,0,test
1021,1700311220000000000,6,15086,14,normal,0,test
1021,1700401760000000000,3,19353,15,normal,0,test
1021,1700394800000000000,3,20537,13,normal,0,test
1021,1700481440000000000,3,22348,13,normal,0,test
1021,1700482100000000000,6,16143,13,normal,0,test
1021,1700575640000000000,6,13787,15,normal,0,test
1021,1700568860000000000,6,17948,14,normal,0,test
1021,1700666780000000000,3,18708,17,legit: late lunch,0,test
1021,1700741540000000000,3,13153,13,normal,0,test
1021,1700830940000000000,3,15023,14,normal,0,test
1021,1700916560000000000,3,15120,14,normal,0,test
1021,1701014780000000000,3,16379,17,legit: late lunch,0,test
1021,1701084500000000000,6,13999,13,normal,0,test
1021,1701173600000000000,3,15739,14,normal,0,test
1021,1701174260000000000,3,17374,14,normal,0,test
1021,1701263120000000000,6,13319,14,normal,0,test
1021,1701347900000000000,6,54502,14,legit: team order,0,test
1022,1700047340000000000,6,56093,13,normal,0,test
1022,1700137940000000000,6,64048,14,normal,0,test
1022,1700219540000000000,3,53119,12,normal,0,test
1022,1700302400000000000,6,54672,12,normal,0,test
1022,1700395940000000000,3,58610,13,normal,0,test
1022,1700483960000000000,3,61764,14,normal,0,test
1022,1700564540000000000,3,53224,12,normal,0,test
1022,1700665340000000000,6,55330,16,legit: late lunch,0,test
1022,1700649020000000000,3,60482,12,normal,0,test
1022,1700735840000000000,3,58308,12,normal,0,test
1022,1700824520000000000,3,58459,13,normal,0,test
1022,1700914700000000000,3,54703,14,normal,0,test
1022,1700912480000000000,6,54058,13,normal,0,test
1022,1700999180000000000,6,137412,13,legit: team order,0,test
1022,1701080240000000000,6,60709,12,normal,0,test
1022,1701168740000000000,6,57362,12,normal,0,test
1023,1700044700000000000,4,22555,12,legit: occasional merchant,0,test
1023,1700130500000000000,4,21617,12,normal,0,test
1023,1700224160000000000,4,73748,14,legit: team order,0,test
1023,1700305040000000000,4,29432,12,normal,0,test
1023,1700392100000000000,4,26506,12,normal,0,test
1023,1700479400000000000,4,28559,13,normal,0,test
1023,1700570900000000000,4,29750,14,normal,0,test
1023,1700655020000000000,4,29467,13,normal,0,test
1023,1700741180000000000,4,25870,13,normal,0,test
1023,1700831060000000000,4,26397,14,normal,0,test
1023,1700915780000000000,4,27640,14,normal,0,test
1023,1701001400000000000,4,20879,14,normal,0,test
1023,1701080600000000000,3,22546,12,legit: occasional merchant,0,test
1023,1701175880000000000,4,30982,14,normal,0,test
1023,1701256820000000000,4,31991,13,normal,0,test
1023,1701258320000000000,4,22272,13,normal,0,test
1023,1701349640000000000,4,32071,14,normal,0,test
1023,1701435380000000000,4,26688,14,normal,0,test
1023,1701432740000000000,4,26428,13,normal,0,test
1023,1701515840000000000,4,30585,13,normal,0,test
1023,1701520280000000000,4,73748,14,legit: team order,0,test
1023,1701600140000000000,4,25630,12,normal,0,test
1024,1700053100000000000,2,46189,14,normal,0,test
1024,1700136860000000000,2,53314,14,normal,0,test
1024,1700140820000000000,3,52828,15,normal,0,test
1024,1700227040000000000,2,53835,15,normal,0,test
1024,1700315540000000000,3,47591,15,normal,0,test
1024,1700313980000000000,3,47604,15,normal,0,test
1024,1700393000000000000,2,54649,13,normal,0,test
1024,1700487380000000000,3,52876,15,normal,0,test
1024,1700487020000000000,2,47295,15,normal,0,test
1024,1700571860000000000,3,49895,14,normal,0,test
1024,1700565920000000000,2,54440,13,normal,0,test
1024,1700653280000000000,2,53261,13,normal,0,test
1024,1700744720000000000,2,48798,14,normal,0,test
1024,1700826860000000000,3,56972,13,normal,0,test
1024,1700918540000000000,3,47490,15,normal,0,test
1024,1701004940000000000,2,48911,15,normal,0,test
1024,1701087680000000000,2,56842,14,normal,0,test
1024,1701176060000000000,2,48386,14,normal,0,test
1025,1700055380000000000,2,49041,15,normal,0,test
1025,1700048120000000000,2,52450,13,normal,0,test
1025,1700138960000000000,2,114900,14,legit: team order,0,test
1025,1700138180000000000,2,51742,14,normal,0,test
1025,1700220140000000000,2,41876,13,normal,0,test
1025,1700312420000000000,2,48877,14,normal,0,test
1025,1700313740000000000,2,51059,15,normal,0,test
1025,1700399900000000000,2,46022,15,normal,0,test
1025,1700393420000000000,2,51374,13,normal,0,test
1025,1700483240000000000,2,47486,14,normal,0,test
1025,1700565500000000000,2,48692,13,normal,0,test
1025,1700571980000000000,2,49086,14,normal,0,test
1025,1700655800000000000,2,47936,14,normal,0,test
1025,1700745680000000000,2,51746,15,normal,0,test
1025,1700744900000000000,2,51409,14,normal,0,test
1025,1700828960000000000,2,43696,14,normal,0,test
1025,1700920640000000000,2,44093,15,normal,0,test
1025,1700997980000000000,2,48300,13,normal,0,test
1025,1701087620000000000,2,44460,14,normal,0,test
1025,1701178340000000000,1,44182,15,legit: occasional merchant,0,test
1025,1701176660000000000,2,46292,14,normal,0,test
1025,1701264320000000000,2,43624,15,normal,0,test
1025,1701349760000000000,2,48013,14,normal,0,test
1026,1700047700000000000,4,40657,13,normal,0,test
1026,1700136260000000000,1,40735,13,normal,0,test
1026,1700219960000000000,4,35542,13,normal,0,test
1026,1700304320000000000,1,41650,12,normal,0,test
1026,1700309540000000000,4,36487,13,normal,0,test
1026,1700391500000000000,4,42725,12,normal,0,test
1026,1700396180000000000,4,40873,14,normal,0,test
1026,1700477600000000000,1,32802,12,normal,0,test
1026,1700477840000000000,1,35943,12,normal,0,test
1026,1700569520000000000,4,36582,14,normal,0,test
1026,1700655680000000000,1,34075,14,normal,0,test
1026,1700658440000000000,1,43402,14,normal,0,test
1026,1700741300000000000,4,36549,13,normal,0,test
1026,1700826740000000000,5,36240,13,legit: occasional merchant,0,test
1026,1700911100000000000,1,33225,13,normal,0,test
1026,1700909780000000000,1,39549,12,normal,0,test
1026,1700996060000000000,4,33713,12,normal,0,test
1026,1701001640000000000,1,40468,14,normal,0,test
1026,1701081920000000000,1,41900,12,normal,0,test
1026,1701086000000000000,4,38759,13,normal,0,test
1026,1701168860000000000,1,35419,12,normal,0,test
1027,1700047760000000000,6,52274,13,normal,0,test
1027,1700141480000000000,5,49741,15,legit: late lunch,0,test
1027,1700227940000000000,6,60158,15,legit: late lunch,0,test
1027,1700220560000000000,5,52630,13,normal,0,test
1027,1700300900000000000,6,57209,11,normal,0,test
1027,1700394800000000000,6,49868,13,normal,0,test
1027,1700476340000000000,5,57722,12,normal,0,test
1027,1700559200000000000,6,51266,11,normal,0,test
1027,1700563340000000000,6,57386,12,legit: occasional merchant,0,test
1027,1700649740000000000,5,58119,12,normal,0,test
1027,1700740160000000000,5,60302,13,normal,0,test
1027,1700822840000000000,6,52556,12,normal,0,test
1027,1700912480000000000,5,129816,13,legit: team order,0,test
1027,1700906660000000000,6,49551,11,normal,0,test
1027,1701000200000000000,6,53853,13,normal,0,test
1027,1701078020000000000,6,49301,11,normal,0,test
1027,1701168500000000000,6,50541,12,normal,0,test
1028,1700053880000000000,2,17539,14,normal,0,test
1028,1700140940000000000,4,22842,15,normal,0,test
1028,1700220800000000000,2,13779,13,normal,0,test
1028,1700310080000000000,4,20014,14,normal,0,test
1028,1700396420000000000,4,22440,14,normal,0,test
1028,1700485520000000000,4,16160,14,normal,0,test
1028,1700571860000000000,2,18312,14,normal,0,test
1028,1700653040000000000,2,18338,13,normal,0,test
1028,1700741420000000000,2,15900,13,normal,0,test
1028,1700748680000000000,4,17707,15,normal,0,test
1028,1700832920000000000,4,22546,15,normal,0,test
1028,1700918000000000000,2,22414,15,normal,0,test
1028,1701005840000000000,4,18049,15,normal,0,test
1028,1701090380000000000,4,23801,14,normal,0,test
1029,1700048000000000000,3,49733,13,normal,0,test
1029,1700049080000000000,3,50076,13,normal,0,test
1029,1700129900000000000,3,56514,12,normal,0,test
1029,1700223560000000000,5,55740,14,normal,0,test
1029,1700303600000000000,5,59570,12,normal,0,test
1029,1700392760000000000,5,130920,13,legit: team order,0,test
1029,1700483180000000000,5,58424,14,normal,0,test
1029,1700570300000000000,5,52596,14,normal,0,test
1029,1700655200000000000,3,56442,14,normal,0,test
1029,1700736800000000000,3,56130,12,normal,0,test
1029,1700821040000000000,3,130920,12,legit: team order,0,test
1029,1700908460000000000,3,60919,12,normal,0,test
1029,1700995340000000000,5,58179,12,normal,0,test
1029,1701084860000000000,3,59757,13,normal,0,test
1029,1701167120000000000,3,56237,12,normal,0,test
1029,1701256220000000000,3,58442,12,normal,0,test
1029,1701261500000000000,3,57887,14,normal,0,test
1029,1701344120000000000,3,53185,13,normal,0,test
1029,1701426620000000000,3,52098,12,normal,0,test
1029,1701520040000000000,3,51800,14,normal,0,test
1030,1700049200000000000,2,25396,13,normal,0,test
1030,1700049200000000000,2,19207,13,normal,0,test
1030,1700136380000000000,2,64518,13,legit: team order,0,test
1030,1700216720000000000,2,19954,12,normal,0,test
1030,1700308700000000000,2,26953,13,normal,0,test
1030,1700307920000000000,2,27326,13,normal,0,test
1030,1700385620000000000,2,22238,11,normal,0,test
1030,1700476580000000000,2,64518,12,legit: team order,0,test
1030,1700559860000000000,2,22719,11,normal,0,test
1030,1700561660000000000,2,17068,12,normal,0,test
1030,1700654120000000000,2,26922,13,normal,0,test
1030,1700653880000000000,2,64518,13,legit: team order,0,test
1030,1700733740000000000,2,22496,11,normal,0,test
1030,1700818700000000000,2,19033,11,normal,0,test
1030,1700914100000000000,2,23087,13,normal,0,test
1030,1700992760000000000,2,22070,11,normal,0,test
1030,1700993360000000000,2,23127,11,normal,0,test
1030,1701085880000000000,2,20970,13,normal,0,test
1030,1701079640000000000,2,18743,11,normal,0,test
1030,1701172700000000000,2,27234,13,normal,0,test
1031,1700053820000000000,5,37051,14,normal,0,test
1031,1700135600000000000,3,37456,13,normal,0,test
1031,1700220800000000000,3,36716,13,normal,0,test
1031,1700306360000000000,5,31632,13,normal,0,test
1031,1700395760000000000,3,28159,13,normal,0,test
1031,1700482460000000000,5,26750,14,normal,0,test
1031,1700564960000000000,3,29448,12,normal,0,test
1031,1700648300000000000,5,35862,12,normal,0,test
1031,1700736620000000000,3,32076,12,normal,0,test
1031,1700830340000000000,5,84522,14,legit: team order,0,test
1031,1700909660000000000,5,37487,12,normal,0,test
1031,1700997860000000000,3,34836,13,normal,0,test
1031,1701086360000000000,5,30769,13,normal,0,test
1031,1701169940000000000,3,26416,12,normal,0,test
1031,1701255380000000000,5,34152,12,normal,0,test
1031,1701357020000000000,3,31706,16,legit: late lunch,0,test
1031,1701432920000000000,5,29370,14,normal,0,test
1031,1701429800000000000,5,30861,13,normal,0,test
1031,1701468800000000000,40,64522,13,new merchant,1,test
1031,1701479600000000000,59,64522,13,new merchant,1,test
1031,1701490400000000000,42,64522,13,new merchant,1,test
1032,1700051180000000000,3,28311,14,normal,0,test
1032,1700135660000000000,3,29939,13,normal,0,test
1032,1700226560000000000,3,34393,14,normal,0,test
1032,1700306060000000000,3,23369,13,normal,0,test
1032,1700391080000000000,3,32704,12,normal,0,test
1032,1700489600000000000,3,78020,16,legit: team order,0,test
1032,1700570060000000000,3,25245,14,normal,0,test
1032,1700653820000000000,3,28954,13,normal,0,test
1032,1700741360000000000,3,23026,13,normal,0,test
1032,1700824640000000000,3,24385,13,normal,0,test
1032,1700923700000000000,3,27449,16,legit: late lunch,0,test
1032,1700999900000000000,3,29418,13,normal,0,test
1033,1700043800000000000,2,37491,12,normal,0,test
1033,1700128880000000000,6,41644,11,normal,0,test
1033,1700216540000000000,2,37205,12,normal,0,test
1033,1700299460000000000,5,33467,11,legit: occasional merchant,0,test
1033,1700395220000000000,2,33880,13,normal,0,test
1033,1700388500000000000,6,34311,11,normal,0,test
1033,1700478440000000000,6,36326,12,normal,0,test
1033,1700558000000000000,6,41787,11,normal,0,test
1033,1700562620000000000,6,40163,12,normal,0,test
1033,1700645180000000000,6,38007,11,normal,0,test
1033,1700737220000000000,6,40475,12,normal,0,test
1033,1700825180000000000,6,42286,13,normal,0,test
1033,1700911400000000000,6,92868,13,legit: team order,0,test
1033,1700999420000000000,6,39900,13,normal,0,test
1033,1701086900000000000,6,33731,13,normal,0,test
1033,1701167600000000000,2,40979,12,normal,0,test
1033,1701170600000000000,2,38407,13,normal,0,test
1033,1701250580000000000,6,41676,11,normal,0,test
1033,1701253580000000000,6,32541,12,normal,0,test
1033,1701342980000000000,3,40175,13,legit: occasional merchant,0,test
1034,1700049620000000000,1,28630,13,legit: occasional merchant,0,test
1034,1700048540000000000,4,24358,13,normal,0,test
1034,1700134040000000000,4,34172,13,normal,0,test
1034,1700226740000000000,4,27628,14,normal,0,test
1034,1700310020000000000,6,28264,14,normal,0,test
1034,1700309420000000000,4,25642,13,normal,0,test
1034,1700389880000000000,6,33781,12,normal,0,test
1034,1700485760000000000,6,24775,14,normal,0,test
1034,1700563520000000000,4,30537,12,normal,0,test
1034,1700652020000000000,4,33885,13,normal,0,test
1034,1700736020000000000,4,25730,12,normal,0,test
1034,1700821700000000000,6,27192,12,normal,0,test
1034,1700917520000000000,4,33017,14,normal,0,test
1034,1700997680000000000,4,32247,13,normal,0,test
1035,1700047040000000000,6,56807,13,normal,0,test
1035,1700135900000000000,6,51042,13,normal,0,test
1035,1700219900000000000,6,55619,13,normal,0,test
1035,1700226800000000000,6,59729,15,normal,0,test
1035,1700316560000000000,6,58502,15,normal,0,test
1035,1700399360000000000,6,52896,14,normal,0,test
1035,1700486360000000000,6,49572,15,normal,0,test
1035,1700567480000000000,4,55742,13,legit: occasional merchant,0,test
1035,1700652440000000000,6,53540,13,normal,0,test
1035,1700755280000000000,6,48682,17,legit: late lunch,0,test
1035,1700741120000000000,6,48734,13,normal,0,test
1035,1700829620000000000,6,51936,14,normal,0,test
1035,1700824760000000000,6,48686,13,normal,0,test
1035,1700915900000000000,6,52547,14,normal,0,test
1035,1701000380000000000,6,56222,13,normal,0,test
1035,1701087500000000000,6,51003,14,normal,0,test
1035,1701177860000000000,6,52593,15,normal,0,test
1035,1701186020000000000,6,50178,17,legit: late lunch,0,test
1035,1701209600000000000,6,54463,14,burst,1,test
1035,1701209720000000000,6,54463,14,burst,1,test
1035,1701209840000000000,6,54463,14,burst,1,test
1035,1701209960000000000,6,54463,14,burst,1,test
1035,1701210080000000000,6,54463,14,burst,1,test
1035,1701210200000000000,6,54463,14,burst,1,test
1036,1700054240000000000,3,60857,15,normal,0,train
1036,1700136080000000000,3,64522,13,normal,0,train
1036,1700219960000000000,3,57790,13,normal,0,train
1036,1700315420000000000,3,65086,15,normal,0,train
1036,1700399960000000000,1,63277,15,legit: occasional merchant,0,train
1036,1700484200000000000,3,55026,14,normal,0,train
1036,1700575400000000000,3,61195,15,normal,0,train
1036,1700656640000000000,3,61113,14,normal,0,train
1036,1700745140000000000,3,62362,14,normal,0,train
1036,1700828000000000000,3,64624,14,normal,0,train
1036,1700828540000000000,3,53739,14,normal,0,train
1036,1700921120000000000,3,58601,15,normal,0,train
1036,1700911400000000000,3,57472,13,normal,0,train
1036,1701003740000000000,3,63410,14,normal,0,train
1036,1701087800000000000,3,59852,14,normal,0,train
1036,1701084500000000000,3,60103,13,normal,0,train
1037,1700049860000000000,1,25879,13,normal,0,train
1037,1700051720000000000,2,29066,14,normal,0,train
1037,1700138000000000000,1,28816,14,normal,0,train
1037,1700222960000000000,1,32521,13,normal,0,train
1037,1700314100000000000,2,35884,15,normal,0,train
1037,1700399660000000000,2,34586,15,normal,0,train
1037,1700484440000000000,2,26980,14,normal,0,train
1037,1700570120000000000,1,28809,14,normal,0,train
1037,1700660120000000000,1,31777,15,normal,0,train
1037,1700747780000000000,2,34680,15,normal,0,train
1037,1700824520000000000,1,35341,13,normal,0,train
1037,1700828540000000000,1,26456,14,normal,0,train
1037,1700914580000000000,1,37096,14,normal,0,train
1037,1700999360000000000,2,26408,13,normal,0,train
1037,1701003080000000000,1,26696,14,normal,0,train
1037,1701092780000000000,2,30582,15,normal,0,train
1037,1701178760000000000,2,30759,15,normal,0,train
1037,1701257600000000000,2,28604,13,normal,0,train
1037,1701256460000000000,1,29508,13,normal,0,train
1037,1701351860000000000,1,36263,15,normal,0,train
1037,1701349220000000000,2,32335,14,normal,0,train
1037,1701430580000000000,2,31023,13,normal,0,train
1037,1701521960000000000,1,25884,14,normal,0,train
1037,1701602060000000000,1,30890,13,normal,0,train
1037,1701608180000000000,2,31929,14,normal,0,train
1037,1701688580000000000,2,29190,13,normal,0,train
1038,1700053220000000000,6,24335,14,normal,0,train
1038,1700046980000000000,3,23770,13,normal,0,train
1038,1700146580000000000,3,27184,16,legit: late lunch,0,train
1038,1700221340000000000,3,23568,13,normal,0,train
1038,1700306000000000000,6,26024,13,normal,0,train
1038,1700389880000000000,6,23340,12,normal,0,train
1038,1700475560000000000,3,30701,12,normal,0,train
1038,1700484320000000000,6,29115,14,normal,0,train
1038,1700576540000000000,3,29938,16,legit: late lunch,0,train
1038,1700658020000000000,6,32339,14,normal,0,train
1038,1700740100000000000,6,21574,13,normal,0,train
1038,1700831000000000000,3,21831,14,normal,0,train
1038,1700838020000000000,3,26200,16,legit: late lunch,0,train
1038,1700908760000000000,3,27064,12,normal,0,train
1038,1700999720000000000,6,22518,13,normal,0,train
1038,1701083240000000000,3,24850,12,normal,0,train
1038,1701166820000000000,3,26552,12,normal,0,train
1038,1701167720000000000,3,27036,12,normal,0,train
1038,1701260720000000000,3,25306,14,normal,0,train
1038,1701260600000000000,3,25928,14,normal,0,train
1039,1700045840000000000,1,28460,12,normal,0,train
1039,1700042420000000000,1,22324,11,normal,0,train
1039,1700135120000000000,6,23976,13,normal,0,train
1039,1700136440000000000,1,23250,13,normal,0,train
1039,1700218100000000000,1,22847,12,normal,0,train
1039,1700301500000000000,1,22078,11,normal,0,train
1039,1700389580000000000,1,21809,12,normal,0,train
1039,1700478020000000000,6,27727,12,normal,0,train
1039,1700561960000000000,6,23359,12,normal,0,train
1039,1700650400000000000,1,27848,12,normal,0,train
1039,1700735900000000000,6,23662,12,normal,0,train
1039,1700822000000000000,6,22595,12,normal,0,train
1039,1700913620000000000,1,29640,13,normal,0,train
1039,1700995700000000000,6,29126,12,normal,0,train
1039,1701083660000000000,6,27058,13,normal,0,train
1039,1701168080000000000,1,25538,12,normal,0,train
1039,1701256100000000000,1,28182,12,normal,0,train
1039,1701258620000000000,6,22681,13,normal,0,train
1039,1701343880000000000,6,27558,13,normal,0,train
1039,1701430340000000000,2,26854,13,legit: occasional merchant,0,train
1040,1700053040000000000,1,25008,14,normal,0,train
1040,1700129600000000000,4,25094,12,normal,0,train
1040,1700133020000000000,4,20935,12,normal,0,train
1040,1700216540000000000,1,23000,12,normal,0,train
1040,1700307680000000000,1,21074,13,normal,0,train
1040,1700393420000000000,4,26820,13,normal,0,train
1040,1700480360000000000,4,21760,13,normal,0,train
1040,1700569100000000000,4,27553,14,legit: occasional merchant,0,train
1040,1700652200000000000,4,19810,13,normal,0,train
1040,1700740820000000000,1,23112,13,normal,0,train
1040,1700823020000000000,1,27099,12,normal,0,train
1040,1700907860000000000,1,22688,12,normal,0,train
1040,1700917760000000000,1,20371,14,normal,0,train
1040,1700998040000000000,4,26619,13,normal,0,train
1040,1701083840000000000,4,28465,13,normal,0,train
1040,1701085880000000000,1,24520,13,normal,0,train
1040,1701176840000000000,1,27343,14,normal,0,train
1040,1701257060000000000,1,24683,13,normal,0,train
1040,1701257900000000000,1,22041,13,normal,0,train
1040,1701344420000000000,4,29380,13,normal,0,train
1040,1701340640000000000,1,22629,12,normal,0,train
1040,1701429440000000000,1,23241,13,normal,0,train
1040,1701468800000000000,55,51598,13,new merchant,1,train
1040,1701479600000000000,53,51598,13,new merchant,1,train
1040,1701490400000000000,57,51598,13,new merchant,1,train
1041,1700050760000000000,6,39913,14,normal,0,train
1041,1700138360000000000,3,43738,14,normal,0,train
1041,1700222960000000000,6,39329,13,normal,0,train
1041,1700308280000000000,3,42945,13,normal,0,train
1041,1700400200000000000,6,42654,15,normal,0,train
1041,1700487740000000000,3,47543,15,normal,0,train
1041,1700566880000000000,3,41622,13,normal,0,train
1041,1700656400000000000,6,47071,14,normal,0,train
1041,1700740940000000000,6,49213,13,normal,0,train
1041,1700833520000000000,3,48093,15,normal,0,train
1041,1700915180000000000,6,46999,14,normal,0,train
1041,1700998340000000000,3,48731,13,normal,0,train
1041,1701090080000000000,6,46685,14,normal,0,train
1041,1701170840000000000,3,49972,13,normal,0,train
1041,1701177320000000000,3,46454,15,normal,0,train
1041,1701261260000000000,6,45941,14,normal,0,train
1042,1700052560000000000,5,56450,14,normal,0,train
1042,1700136440000000000,1,52095,13,normal,0,train
1042,1700220380000000000,1,56633,13,normal,0,train
1042,1700228300000000000,1,54288,15,normal,0,train
1042,1700308040000000000,5,56381,13,normal,0,train
1042,1700313260000000000,5,56754,15,normal,0,train
1042,1700398640000000000,1,59315,14,normal,0,train
1042,1700488340000000000,1,52311,15,normal,0,train
1042,1700481740000000000,5,53978,13,normal,0,train
1042,1700574800000000000,5,59814,15,normal,0,train
1042,1700658980000000000,5,60140,15,normal,0,train
1042,1700742560000000000,1,56655,14,normal,0,train
1042,1700825600000000000,1,52527,13,normal,0,train
1042,1700915720000000000,5,58563,14,normal,0,train
1042,1701000440000000000,5,51202,13,normal,0,train
1042,1701093500000000000,5,54561,15,normal,0,train
1042,1701087200000000000,5,129618,14,legit: team order,0,train
1042,1701172340000000000,5,53542,13,normal,0,train
1042,1701209600000000000,45,109618,14,new merchant,1,train
1042,1701220400000000000,50,109618,14,new merchant,1,train
1042,1701231200000000000,54,109618,14,new merchant,1,train
1043,1700047340000000000,4,42410,13,normal,0,train
1043,1700135780000000000,4,51054,13,normal,0,train
1043,1700215580000000000,1,48530,11,normal,0,train
1043,1700306300000000000,4,46937,13,normal,0,train
1043,1700389400000000000,4,41902,12,normal,0,train
1043,1700401220000000000,1,115104,15,legit: team order,0,train
1043,1700481140000000000,4,44542,13,normal,0,train
1043,1700568140000000000,1,51741,13,normal,0,train
1043,1700650280000000000,1,42026,12,normal,0,train
1043,1700733140000000000,1,51676,11,normal,0,train
1043,1700820140000000000,4,49896,11,normal,0,train
1043,1700912180000000000,1,53088,13,normal,0,train
1043,1700912240000000000,1,49672,13,normal,0,train
1043,1700990960000000000,4,51915,11,normal,0,train
1043,1701082160000000000,1,41821,12,normal,0,train
1043,1701169940000000000,1,52877,12,normal,0,train
1043,1701264320000000000,1,49596,15,legit: late lunch,0,train
1043,1701345500000000000,1,48475,13,normal,0,train
1043,1701437720000000000,4,52523,15,legit: late lunch,0,train
1043,1701508640000000000,1,47753,11,normal,0,train
1043,1701595100000000000,4,48610,11,normal,0,train
1043,1701691100000000000,4,50302,13,normal,0,train
1044,1700043500000000000,2,46776,12,normal,0,train
1044,1700145020000000000,1,47164,16,legit: late lunch,0,train
1044,1700219840000000000,2,51516,13,normal,0,train
1044,1700308760000000000,1,55134,13,normal,0,train
1044,1700392280000000000,1,53947,12,normal,0,train
1044,1700396660000000000,1,49446,14,normal,0,train
1044,1700480600000000000,1,48097,13,normal,0,train
1044,1700491220000000000,2,49584,16,legit: late lunch,0,train
1044,1700571740000000000,2,48129,14,normal,0,train
1044,1700657120000000000,1,49115,14,normal,0,train
1044,1700744000000000000,2,51006,14,normal,0,train
1044,1700827880000000000,1,49724,13,normal,0,train
1044,1700912060000000000,1,52687,13,normal,0,train
1044,1700998880000000000,1,51800,13,normal,0,train
1044,1700999060000000000,2,48219,13,normal,0,train
1044,1701080240000000000,2,51690,12,normal,0,train
1044,1701081440000000000,2,51586,12,normal,0,train
1044,1701167060000000000,1,54779,12,normal,0,train
1045,1700052140000000000,2,21516,14,normal,0,train
1045,1700052860000000000,2,18051,14,normal,0,train
1045,1700143880000000000,2,20092,15,normal,0,train
1045,1700149280000000000,2,20944,17,legit: late lunch,0,train
1045,1700223440000000000,5,17397,14,legit: occasional merchant,0,train
1045,1700226620000000000,2,16208,14,normal,0,train
1045,1700310500000000000,1,25465,14,normal,0,train
1045,1700311940000000000,1,25305,14,normal,0,train
1045,1700401820000000000,1,17194,15,normal,0,train
1045,1700399120000000000,1,23452,14,normal,0,train
1045,1700487560000000000,2,60212,15,legit: team order,0,train
1045,1700573720000000000,2,25741,15,normal,0,train
1045,1700654240000000000,2,20609,13,legit: occasional merchant,0,train
1045,1700747000000000000,1,22924,15,normal,0,train
1045,1700831660000000000,2,25544,15,normal,0,train
1045,1700840300000000000,1,21592,17,legit: late lunch,0,train
1045,1700918120000000000,1,17629,15,normal,0,train
1045,1701011900000000000,1,20320,17,legit: late lunch,0,train
1045,1701084320000000000,2,16482,13,normal,0,train
1045,1701179420000000000,2,21201,15,normal,0,train
1045,1701170900000000000,1,20030,13,normal,0,train
1045,1701267080000000000,2,60212,15,legit: team order,0,train
1045,1701347060000000000,2,22726,14,normal,0,train
1045,1701345620000000000,1,15877,13,normal,0,train
1045,1701435200000000000,2,14113,14,normal,0,train
1045,1701523160000000000,2,60212,15,legit: team order,0,train
1045,1701603380000000000,1,14586,13,normal,0,train
1045,1701698120000000000,2,18480,15,normal,0,train
1045,1701780440000000000,2,25769,14,normal,0,train
1046,1700044280000000000,2,20482,12,normal,0,train
1046,1700127680000000000,1,21201,11,normal,0,train
1046,1700222720000000000,2,18581,13,normal,0,train
1046,1700301560000000000,2,17010,11,normal,0,train
1046,1700388920000000000,1,14859,12,normal,0,train
1046,1700476100000000000,2,15950,12,normal,0,train
1046,1700559200000000000,2,19992,11,normal,0,train
1046,1700647460000000000,1,14373,11,normal,0,train
1046,1700733800000000000,1,20454,11,normal,0,train
1046,1700733440000000000,1,21322,11,normal,0,train
1046,1700819960000000000,2,12734,11,normal,0,train
1046,1700911280000000000,1,17576,13,normal,0,train
1046,1700999660000000000,2,19904,13,normal,0,train
1046,1700999840000000000,2,13598,13,normal,0,train
1046,1701086240000000000,2,18682,13,normal,0,train
1046,1701080300000000000,2,15677,12,normal,0,train
1046,1701164060000000000,2,22556,11,normal,0,train
1046,1701163160000000000,1,20787,11,normal,0,train
1046,1701250580000000000,2,21743,11,normal,0,train
1046,1701346040000000000,2,11902,13,normal,0,train
1046,1701351860000000000,2,19961,15,legit: late lunch,0,train
1046,1701430580000000000,2,21483,13,normal,0,train
1046,1701522920000000000,2,13097,15,legit: late lunch,0,train
1046,1701596000000000000,1,17984,11,normal,0,train
1046,1701642800000000000,2,49683,12,spend spike,1,train
1046,1701644000000000000,2,66244,12,spend spike,1,train
1046,1701645200000000000,2,82805,12,spend spike,1,train
1047,1700055980000000000,6,22353,15,legit: late lunch,0,train
1047,1700132720000000000,6,11228,12,normal,0,train
1047,1700227700000000000,3,12492,15,legit: late lunch,0,train
1047,1700306600000000000,3,16021,13,normal,0,train
1047,1700390420000000000,3,16747,12,normal,0,train
1047,1700482220000000000,4,19457,13,legit: occasional merchant,0,train
1047,1700477360000000000,6,17646,12,normal,0,train
1047,1700567120000000000,6,16977,13,normal,0,train
1047,1700558060000000000,3,18622,11,normal,0,train
1047,1700660960000000000,3,54104,15,legit: team order,0,train
1047,1700735360000000000,6,11586,12,normal,0,train
1047,1700745680000000000,6,22216,15,legit: late lunch,0,train
1047,1700819480000000000,3,11258,11,normal,0,train
1047,1700907080000000000,6,11293,11,normal,0,train
1047,1700994920000000000,3,18350,12,normal,0,train
1047,1701036800000000000,45,34104,12,new merchant,1,train
1047,1701047600000000000,57,34104,12,new merchant,1,train
1047,1701058400000000000,49,34104,12,new merchant,1,train
1048,1700048600000000000,6,40388,13,normal,0,train
1048,1700137820000000000,6,43896,14,normal,0,train
1048,1700225840000000000,6,40825,14,normal,0,train
1048,1700319020000000000,6,40839,16,legit: late lunch,0,train
1048,1700396360000000000,6,49400,14,normal,0,train
1048,1700475680000000000,6,48257,12,normal,0,train
1048,1700477420000000000,6,48368,12,normal,0,train
1048,1700572100000000000,6,40928,14,normal,0,train
1048,1700570780000000000,6,41701,14,normal,0,train
1048,1700654060000000000,6,45948,13,normal,0,train
1048,1700738900000000000,6,39337,13,normal,0,train
1048,1700741300000000000,6,41467,13,normal,0,train
1048,1700830640000000000,6,47058,14,normal,0,train
1048,1700910080000000000,6,50226,12,normal,0,train
1048,1700998640000000000,6,48751,13,normal,0,train
1048,1701085220000000000,6,46435,13,normal,0,train
1048,1701090020000000000,6,42683,14,normal,0,train
1049,1700046440000000000,2,60303,12,normal,0,train
1049,1700139620000000000,4,49224,14,normal,0,train
1049,1700138600000000000,4,54641,14,normal,0,train
1049,1700218220000000000,4,54942,12,normal,0,train
1049,1700305040000000000,2,51991,12,normal,0,train
1049,1700305400000000000,2,56016,12,normal,0,train
1049,1700390900000000000,4,52635,12,normal,0,train
1049,1700398940000000000,2,60524,14,normal,0,train
1049,1700477420000000000,2,49754,12,normal,0,train
1049,1700475380000000000,4,58016,12,normal,0,train
1049,1700565140000000000,2,54948,12,normal,0,train
1049,1700658380000000000,4,53878,14,normal,0,train
1049,1700736680000000000,6,59627,12,legit: occasional merchant,0,train
1049,1700823260000000000,2,53033,12,normal,0,train
1049,1700916380000000000,4,51549,14,legit: occasional merchant,0,train
1049,1700998340000000000,4,53246,13,normal,0,train
1049,1701088160000000000,2,58931,14,normal,0,train
1049,1701173000000000000,2,48822,13,normal,0,train
1049,1701269300000000000,4,51631,16,legit: late lunch,0,train
1049,1701254360000000000,3,59277,12,legit: occasional merchant,0,train
1049,1701343700000000000,4,56964,13,normal,0,train
1049,1701426980000000000,4,57559,12,normal,0,train
1049,1701515120000000000,4,50333,12,normal,0,train
1050,1700053700000000000,2,63011,14,normal,0,train
1050,1700131940000000000,6,58978,12,normal,0,train
1050,1700220020000000000,5,60273,13,legit: occasional merchant,0,train
1050,1700305520000000000,6,137072,12,legit: team order,0,train
1050,1700304260000000000,2,53266,12,normal,0,train
1050,1700389100000000000,6,63572,12,normal,0,train
1050,1700483120000000000,6,54575,14,normal,0,train
1050,1700565680000000000,6,54208,13,normal,0,train
1050,1700654240000000000,6,53500,13,normal,0,train
1050,1700736800000000000,2,63950,12,normal,0,train
1050,1700828420000000000,3,53940,14,legit: occasional merchant,0,train
1050,1700831420000000000,2,52866,14,normal,0,train
1050,1700917460000000000,6,62457,14,normal,0,train
1050,1701000200000000000,2,60685,13,normal,0,train
1050,1701084620000000000,2,59547,13,normal,0,train
1050,1701173240000000000,2,59671,13,normal,0,train
1050,1701257120000000000,6,60655,13,normal,0,train
1050,1701340760000000000,6,54432,12,normal,0,train
1051,1700045360000000000,6,49251,12,normal,0,train
1051,1700129180000000000,3,53813,11,normal,0,train
1051,1700213300000000000,3,54501,11,normal,0,train
1051,1700307080000000000,6,56647,13,normal,0,train
1051,1700395760000000000,6,50852,13,normal,0,train
1051,1700478380000000000,6,51592,12,normal,0,train
1051,1700563940000000000,6,57907,12,normal,0,train
1051,1700651060000000000,6,55250,12,normal,0,train
1051,1700734160000000000,1,53289,11,legit: occasional merchant,0,train
1051,1700818820000000000,6,55581,11,normal,0,train
1051,1700913860000000000,3,53651,13,normal,0,train
1051,1700997980000000000,2,56786,13,legit: occasional merchant,0,train
1051,1701083240000000000,3,49326,12,normal,0,train
1051,1701163040000000000,3,49494,11,normal,0,train
1051,1701255380000000000,3,54602,12,normal,0,train
1051,1701344720000000000,3,53485,13,normal,0,train
1051,1701424400000000000,3,59830,11,normal,0,train
1051,1701423020000000000,6,56466,11,normal,0,train
1052,1700043320000000000,4,35329,12,normal,0,train
1052,1700142440000000000,4,101856,15,legit: team order,0,train
1052,1700222900000000000,4,35149,13,normal,0,train
1052,1700308040000000000,4,44494,13,normal,0,train
1052,1700301680000000000,4,101856,11,legit: team order,0,train
1052,1700389700000000000,4,45755,12,normal,0,train
1052,1700477600000000000,2,44328,12,legit: occasional merchant,0,train
1052,1700563160000000000,3,40823,12,legit: occasional merchant,0,train
1052,1700649080000000000,4,45347,12,normal,0,train
1052,1700735900000000000,4,35852,12,normal,0,train
1052,1700824760000000000,4,44347,13,normal,0,train
1052,1700904620000000000,4,42282,11,normal,0,train
1052,1700991020000000000,4,35944,11,normal,0,train
1052,1701080420000000000,4,41784,12,normal,0,train
1052,1701078380000000000,4,36592,11,normal,0,train
1053,1700044280000000000,6,51099,12,normal,0,train
1053,1700132180000000000,4,42250,12,normal,0,train
1053,1700218520000000000,6,51928,12,normal,0,train
1053,1700305700000000000,4,44485,12,normal,0,train
1053,1700392460000000000,6,43069,13,normal,0,train
1053,1700472020000000000,2,52373,11,legit: occasional merchant,0,train
1053,1700567300000000000,4,42408,13,normal,0,train
1053,1700653760000000000,4,45235,13,normal,0,train
1053,1700733620000000000,4,46107,11,normal,0,train
1053,1700824580000000000,6,113428,13,legit: team order,0,train
1053,1700910260000000000,6,50060,12,normal,0,train
1053,1700998640000000000,6,41068,13,normal,0,train
1054,1700051600000000000,5,59156,14,normal,0,train
1054,1700143700000000000,3,54354,15,normal,0,train
1054,1700225420000000000,5,55792,14,normal,0,train
1054,1700308040000000000,3,62309,13,normal,0,train
1054,1700314580000000000,3,54588,15,normal,0,train
1054,1700407640000000000,3,57680,17,legit: late lunch,0,train
1054,1700485220000000000,5,53802,14,normal,0,train
1054,1700565740000000000,3,56808,13,normal,0,train
1054,1700654780000000000,3,62564,13,normal,0,train
1054,1700743820000000000,5,54732,14,normal,0,train
1054,1700830460000000000,3,54392,14,normal,0,train
1054,1700920940000000000,5,60520,15,normal,0,train
1054,1700999360000000000,5,62939,13,normal,0,train
1054,1701092660000000000,5,60867,15,normal,0,train
1054,1701171920000000000,3,55961,13,normal,0,train
1054,1701258680000000000,3,60424,13,normal,0,train
1054,1701352700000000000,5,53462,15,normal,0,train
1054,1701346820000000000,5,62048,14,normal,0,train
1054,1701437480000000000,5,59522,15,normal,0,train
1054,1701518060000000000,5,58076,13,normal,0,train
1054,1701619460000000000,3,60858,17,legit: late lunch,0,train
1054,1701696020000000000,5,54780,15,normal,0,train
1054,1701782720000000000,5,57347,15,normal,0,train
1054,1701775640000000000,3,63998,13,normal,0,train
1054,1701825200000000000,3,59287,3,odd hour,1,train
1054,1701911600000000000,3,59287,3,odd hour,1,train
1055,1700051360000000000,1,26405,14,normal,0,train
1055,1700055200000000000,1,25992,15,normal,0,train
1055,1700141660000000000,1,18329,15,normal,0,train
1055,1700223920000000000,6,22270,14,normal,0,train
1055,1700221520000000000,6,61156,13,legit: team order,0,train
1055,1700312420000000000,1,19239,14,normal,0,train
1055,1700399000000000000,1,15689,14,normal,0,train
1055,1700482220000000000,1,17644,13,normal,0,train
1055,1700571920000000000,6,16085,14,normal,0,train
1055,1700655560000000000,1,24172,14,normal,0,train
1055,1700742140000000000,1,25364,14,normal,0,train
1055,1700833760000000000,6,18252,15,normal,0,train
1055,1700916800000000000,6,25422,14,normal,0,train
1055,1701005480000000000,1,61156,15,legit: team order,0,train
1055,1701083780000000000,6,20607,13,normal,0,train
1055,1701178220000000000,6,16920,15,normal,0,train
1055,1701174860000000000,1,20595,14,normal,0,train
1055,1701257060000000000,6,25081,13,normal,0,train
1055,1701349520000000000,6,18474,14,normal,0,train
1055,1701439520000000000,6,25409,15,normal,0,train
1055,1701468800000000000,6,20578,14,burst,1,train
1055,1701468920000000000,6,20578,14,burst,1,train
1055,1701469040000000000,6,20578,14,burst,1,train
1055,1701469160000000000,6,20578,14,burst,1,train
1055,1701469280000000000,6,20578,14,burst,1,train
1055,1701469400000000000,6,20578,14,burst,1,train
1056,1700041760000000000,6,47327,11,normal,0,train
1056,1700135660000000000,5,46862,13,normal,0,train
1056,1700212940000000000,5,55751,11,normal,0,train
1056,1700303540000000000,6,50452,12,normal,0,train
1056,1700387180000000000,5,48253,11,normal,0,train
1056,1700390000000000000,5,54303,12,normal,0,train
1056,1700488580000000000,5,56698,15,legit: late lunch,0,train
1056,1700563640000000000,6,51773,12,normal,0,train
1056,1700652740000000000,5,45880,13,normal,0,train
1056,1700735900000000000,5,51837,12,normal,0,train
1056,1700819720000000000,5,55848,11,normal,0,train
1056,1700909060000000000,6,48304,12,normal,0,train
1056,1700904020000000000,5,49528,11,normal,0,train
1056,1700999960000000000,5,50615,13,normal,0,train
1056,1701085040000000000,6,50166,13,normal,0,train
1056,1701164060000000000,5,46351,11,normal,0,train
1056,1701251240000000000,5,46568,11,normal,0,train
1056,1701249860000000000,6,55035,11,normal,0,train
1056,1701339440000000000,6,49346,12,normal,0,train
1056,1701432320000000000,5,56017,13,normal,0,train
1056,1701510740000000000,5,48281,11,normal,0,train
1056,1701516620000000000,6,54593,13,normal,0,train
1056,1701600260000000000,6,51126,12,normal,0,train
1057,1700047640000000000,3,31069,13,normal,0,train
1057,1700136080000000000,3,36070,13,normal,0,train
1057,1700142860000000000,3,30983,15,normal,0,train
1057,1700221880000000000,4,31122,13,normal,0,train
1057,1700228120000000000,3,28923,15,normal,0,train
1057,1700314880000000000,4,31832,15,normal,0,train
1057,1700311460000000000,4,33690,14,normal,0,train
1057,1700392580000000000,4,28820,13,normal,0,train
1057,1700480420000000000,4,29679,13,normal,0,train
1057,1700570000000000000,3,26217,14,normal,0,train
1057,1700655560000000000,3,27918,14,normal,0,train
1057,1700748620000000000,4,28326,15,normal,0,train
1057,1700826740000000000,3,29700,13,normal,0,train
1057,1700911220000000000,3,27018,13,normal,0,train
1057,1701006920000000000,3,33062,15,normal,0,train
1057,1701089960000000000,4,33737,14,normal,0,train
1057,1701090020000000000,3,32485,14,normal,0,train
1057,1701179060000000000,3,33063,15,normal,0,train
1057,1701180020000000000,4,28688,15,normal,0,train
1057,1701273560000000000,3,30387,17,legit: late lunch,0,train
1057,1701261260000000000,4,28563,14,normal,0,train
1057,1701347180000000000,3,30083,14,normal,0,train
1057,1701436100000000000,3,35398,14,normal,0,train
1057,1701520040000000000,4,84358,14,legit: team order,0,train
1057,1701605480000000000,4,31572,13,normal,0,train
1057,1701641600000000000,56,64358,14,new merchant,1,train
1057,1701652400000000000,48,64358,14,new merchant,1,train
1057,1701663200000000000,45,64358,14,new merchant,1,train
1058,1700054420000000000,4,20407,15,normal,0,train
1058,1700133860000000000,4,20878,13,normal,0,train
1058,1700136260000000000,1,19837,13,normal,0,train
1058,1700237180000000000,1,14450,17,legit: late lunch,0,train
1058,1700306480000000000,1,13909,13,normal,0,train
1058,1700397980000000000,4,16995,14,normal,0,train
1058,1700484560000000000,1,54358,14,legit: team order,0,train
1058,1700567780000000000,1,18401,13,normal,0,train
1058,1700656220000000000,1,18087,14,normal,0,train
1058,1700755220000000000,1,20863,17,legit: late lunch,0,train
1058,1700748680000000000,1,11997,15,normal,0,train
1058,1700832320000000000,1,21769,15,normal,0,train
1058,1700911580000000000,1,11550,13,normal,0,train
1058,1701006200000000000,1,13510,15,normal,0,train
1058,1701088400000000000,4,20763,14,normal,0,train
1058,1701175940000000000,4,21396,14,normal,0,train
1058,1701264200000000000,1,12322,15,normal,0,train
1058,1701346520000000000,1,13185,14,normal,0,train
1058,1701435200000000000,1,19858,14,normal,0,train
1058,1701526040000000000,4,12276,15,normal,0,train
1058,1701556400000000000,1,51537,14,spend spike,1,train
1058,1701557600000000000,1,68716,14,spend spike,1,train
1058,1701558800000000000,1,85895,14,spend spike,1,train
1059,1700050040000000000,3,47795,13,normal,0,train
1059,1700127800000000000,3,45901,11,normal,0,train
1059,1700219840000000000,5,48216,13,normal,0,train
1059,1700214920000000000,3,50431,11,normal,0,train
1059,1700305940000000000,5,45615,12,normal,0,train
1059,1700389880000000000,3,44014,12,normal,0,train
1059,1700391320000000000,3,46677,12,normal,0,train
1059,1700482100000000000,3,51063,13,normal,0,train
1059,1700565560000000000,5,52332,13,normal,0,train
1059,1700648600000000000,5,42862,12,normal,0,train
1059,1700731460000000000,3,50971,11,normal,0,train
1059,1700818400000000000,3,43475,11,normal,0,train
1059,1700903600000000000,3,50599,11,normal,0,train
1059,1700999600000000000,5,46259,13,normal,0,train
1059,1701082400000000000,3,42937,12,normal,0,train
1059,1701083240000000000,3,47979,12,normal,0,train
1059,1701163040000000000,5,50952,11,normal,0,train
1059,1701256100000000000,3,46899,12,normal,0,train
1059,1701342320000000000,5,46754,12,normal,0,train
1059,1701430880000000000,3,54054,13,normal,0,train
1059,1701517460000000000,5,48655,13,normal,0,train
1059,1701602540000000000,3,52168,13,normal,0,train
1059,1701691160000000000,5,51801,13,normal,0,train
1059,1701775640000000000,3,49465,13,normal,0,train
1060,1700049140000000000,5,54600,13,normal,0,train
1060,1700134280000000000,5,52600,13,normal,0,train
1060,1700226740000000000,4,55139,14,normal,0,train
1060,1700309540000000000,5,53293,13,normal,0,train
1060,1700389640000000000,5,47625,12,normal,0,train
1060,1700395040000000000,4,44279,13,normal,0,train
1060,1700477180000000000,5,53450,12,normal,0,train
1060,1700571500000000000,5,54887,14,normal,0,train
1060,1700569340000000000,5,50315,14,normal,0,train
1060,1700651900000000000,5,45377,13,normal,0,train
1060,1700741300000000000,4,48000,13,normal,0,train
1060,1700826140000000000,4,48265,13,normal,0,train
1060,1700913440000000000,4,48283,13,normal,0,train
1060,1701000320000000000,5,48258,13,normal,0,train
1060,1700993960000000000,5,52966,12,normal,0,train
1060,1701082340000000000,4,46631,12,normal,0,train
1060,1701167720000000000,4,45404,12,normal,0,train
1060,1701173000000000000,5,49856,13,normal,0,train
1060,1701254480000000000,5,53600,12,normal,0,train
1060,1701261860000000000,5,46656,14,normal,0,train
1060,1701353720000000000,5,51309,16,legit: late lunch,0,train
1060,1701434000000000000,5,48181,14,normal,0,train
1060,1701512420000000000,5,50923,12,normal,0,train
1060,1701512600000000000,5,54197,12,normal,0,train
1060,1701602000000000000,4,55357,13,normal,0,train
1060,1701700700000000000,5,44241,16,legit: late lunch,0,train
1060,1701778040000000000,4,46635,13,normal,0,train
1061,1700045420000000000,5,21685,12,normal,0,train
1061,1700131340000000000,5,24280,12,normal,0,train
1061,1700128340000000000,3,26750,11,normal,0,train
1061,1700221700000000000,5,22356,13,normal,0,train
1061,1700304500000000000,5,22618,12,normal,0,train
1061,1700400560000000000,5,28160,15,legit: late lunch,0,train
1061,1700387900000000000,5,30835,11,normal,0,train
1061,1700480720000000000,3,29150,13,normal,0,train
1061,1700567360000000000,3,70660,13,legit: team order,0,train
1061,1700654540000000000,3,27783,13,normal,0,train
1061,1700737040000000000,5,30127,12,normal,0,train
1061,1700827880000000000,5,21821,13,normal,0,train
1061,1700908820000000000,3,28682,12,normal,0,train
1061,1700992280000000000,5,22408,11,normal,0,train
1061,1701000260000000000,5,25793,13,normal,0,train
1061,1701076460000000000,3,22547,11,normal,0,train
1061,1701171200000000000,5,20585,13,normal,0,train
1061,1701249500000000000,5,28611,11,normal,0,train
1061,1701254600000000000,3,30791,12,normal,0,train
1061,1701344060000000000,3,70660,13,legit: team order,0,train
1062,1700049860000000000,4,25159,13,normal,0,train
1062,1700043500000000000,4,25979,12,normal,0,train
1062,1700127740000000000,4,28883,11,normal,0,train
1062,1700212820000000000,4,81012,11,legit: team order,0,train
1062,1700302700000000000,4,31823,12,normal,0,train
1062,1700391740000000000,4,27403,12,normal,0,train
1062,1700489480000000000,2,26860,15,legit: late lunch,0,train
1062,1700567600000000000,4,27799,13,normal,0,train
1062,1700567360000000000,2,29454,13,normal,0,train
1062,1700651840000000000,4,81012,13,legit: team order,0,train
1062,1700740400000000000,4,33592,13,normal,0,train
1062,1700821220000000000,2,25565,12,normal,0,train
1062,1700909000000000000,4,35626,12,normal,0,train
1062,1700996300000000000,2,26265,12,normal,0,train
1062,1701086060000000000,2,29099,13,normal,0,train
1062,1701169400000000000,4,35007,12,normal,0,train
1062,1701255620000000000,4,26311,12,normal,0,train
1062,1701341600000000000,4,29733,12,normal,0,train
1062,1701427700000000000,2,29305,12,normal,0,train
1063,1700048300000000000,3,46079,13,normal,0,train
1063,1700052260000000000,3,49613,14,normal,0,train
1063,1700139200000000000,3,41304,14,normal,0,train
1063,1700220740000000000,3,52287,13,normal,0,train
1063,1700310320000000000,3,40579,14,normal,0,train
1063,1700401940000000000,3,50698,15,normal,0,train
1063,1700397920000000000,3,44861,14,normal,0,train
1063,1700485100000000000,3,47669,14,normal,0,train
1063,1700565260000000000,3,52281,13,normal,0,train
1063,1700661860000000000,3,41458,15,normal,0,train
1063,1700738720000000000,3,41472,13,normal,0,train
1063,1700841620000000000,4,113024,17,legit: occasional merchant,0,train
1063,1700834480000000000,3,51029,15,normal,0,train
1063,1700913740000000000,3,48240,13,normal,0,train
1063,1701001820000000000,3,44624,14,normal,0,train
1063,1701088760000000000,6,48986,14,legit: occasional merchant,0,train
1063,1701087800000000000,3,43740,14,normal,0,train
1063,1701173600000000000,3,113024,14,legit: team order,0,train
1063,1701260900000000000,3,52191,14,normal,0,train
1063,1701351500000000000,3,46343,15,normal,0,train
1063,1701382400000000000,57,93024,14,new merchant,1,train
1063,1701393200000000000,42,93024,14,new merchant,1,train
1063,1701404000000000000,51,93024,14,new merchant,1,train
1064,1700048000000000000,2,51295,13,normal,0,train
1064,1700141060000000000,3,43124,15,normal,0,train
1064,1700139920000000000,2,44517,14,normal,0,train
1064,1700219780000000000,3,52474,13,normal,0,train
1064,1700315660000000000,3,41546,15,normal,0,train
1064,1700398760000000000,2,47422,14,normal,0,train
1064,1700478920000000000,2,47517,13,normal,0,train
1064,1700566580000000000,3,52186,13,normal,0,train
1064,1700566100000000000,3,45372,13,normal,0,train
1064,1700657840000000000,3,43322,14,normal,0,train
1064,1700739980000000000,2,44940,13,normal,0,train
1064,1700828720000000000,3,48758,14,normal,0,train
1064,1700914880000000000,3,49469,14,normal,0,train
1064,1700916920000000000,2,42446,14,normal,0,train
1064,1701003620000000000,3,51560,14,normal,0,train
1064,1701094040000000000,3,49481,15,normal,0,train
1064,1701179780000000000,2,44468,15,normal,0,train
1064,1701263600000000000,2,40892,15,normal,0,train
1064,1701346160000000000,3,47107,13,normal,0,train
1064,1701353360000000000,3,49632,15,normal,0,train
1064,1701445040000000000,2,51764,17,legit: late lunch,0,train
1064,1701432380000000000,3,45554,13,normal,0,train
1064,1701523340000000000,3,42027,15,normal,0,train
1064,1701610040000000000,2,47783,15,normal,0,train
1064,1701693140000000000,2,50084,14,normal,0,train
1064,1701693800000000000,2,50491,14,normal,0,train
1064,1701781280000000000,2,50397,14,normal,0,train
1064,1701776180000000000,2,45888,13,normal,0,train
1065,1700045660000000000,6,26748,12,normal,0,train
1065,1700049320000000000,3,25848,13,legit: occasional merchant,0,train
1065,1700129900000000000,6,79288,12,legit: team order,0,train
1065,1700225900000000000,6,35387,14,normal,0,train
1065,1700312780000000000,6,34850,14,normal,0,train
1065,1700390840000000000,6,34622,12,normal,0,train
1065,1700476760000000000,6,35316,12,normal,0,train
1065,1700576840000000000,6,25569,16,legit: late lunch,0,train
1065,1700656640000000000,6,31444,14,normal,0,train
1065,1700655020000000000,6,30775,13,normal,0,train
1065,1700740100000000000,6,30927,13,normal,0,train
1065,1700828900000000000,6,29828,14,normal,0,train
1065,1700916320000000000,6,30994,14,normal,0,train
1065,1700917880000000000,6,34119,14,normal,0,train
1065,1700999060000000000,6,29949,13,normal,0,train
1065,1701088760000000000,6,25858,14,normal,0,train
1065,1701167840000000000,6,25671,12,normal,0,train
1065,1701255500000000000,6,33161,12,normal,0,train
1065,1701354740000000000,6,23945,16,legit: late lunch,0,train
1065,1701346820000000000,6,28139,14,normal,0,train
1065,1701428600000000000,6,32231,12,normal,0,train
1065,1701519800000000000,6,31572,14,normal,0,train
1065,1701607820000000000,6,30957,14,normal,0,train
1065,1701605300000000000,6,25228,13,normal,0,train
1065,1701684920000000000,6,25623,12,normal,0,train
1065,1701728000000000000,6,29644,13,burst,1,train
1065,1701728120000000000,6,29644,13,burst,1,train
1065,1701728240000000000,6,29644,13,burst,1,train
1065,1701728360000000000,6,29644,13,burst,1,train
1065,1701728480000000000,6,29644,13,burst,1,train
1065,1701728600000000000,6,29644,13,burst,1,train
1066,1700055680000000000,5,16821,15,normal,0,train
1066,1700135180000000000,4,12794,13,normal,0,train
1066,1700224040000000000,4,16289,14,normal,0,train
1066,1700228060000000000,4,15355,15,normal,0,train
1066,1700313200000000000,5,19950,15,normal,0,train
1066,1700402240000000000,4,17247,15,normal,0,train
1066,1700482280000000000,5,18974,13,normal,0,train
1066,1700575520000000000,4,9752,15,normal,0,train
1066,1700660600000000000,4,19909,15,normal,0,train
1066,1700746160000000000,4,50262,15,legit: team order,0,train
1066,1700834180000000000,4,13120,15,normal,0,train
1066,1700920280000000000,4,50262,15,legit: team order,0,train
1066,1700919080000000000,4,19079,15,normal,0,train
1066,1701004940000000000,5,12394,15,normal,0,train
1066,1701090680000000000,5,50262,14,legit: team order,0,train
1066,1701175100000000000,4,14976,14,normal,0,train
1066,1701266840000000000,5,15575,15,normal,0,train
1066,1701353420000000000,4,15345,15,normal,0,train
1066,1701438620000000000,4,13545,15,normal,0,train
1067,1700056040000000000,5,36954,15,normal,0,train
1067,1700142740000000000,5,33793,15,normal,0,train
1067,1700225060000000000,5,35462,14,normal,0,train
1067,1700308280000000000,5,29742,13,normal,0,train
1067,1700399900000000000,5,28855,15,normal,0,train
1067,1700495300000000000,5,32373,17,legit: late lunch,0,train
1067,1700566940000000000,5,36444,13,normal,0,train
1067,1700653160000000000,5,38097,13,normal,0,train
1067,1700739200000000000,5,28836,13,normal,0,train
1067,1700826680000000000,5,35435,13,normal,0,train
1067,1700913920000000000,5,29782,13,normal,0,train
1067,1701002720000000000,5,84800,14,legit: team order,0,train
1067,1701084860000000000,5,36980,13,normal,0,train
1067,1701179300000000000,5,26863,15,normal,0,train
1067,1701262220000000000,5,27292,14,normal,0,train
1067,1701265040000000000,5,37037,15,normal,0,train
1067,1701352940000000000,5,36516,15,normal,0,train
1067,1701447080000000000,5,33110,17,legit: late lunch,0,train
1067,1701518900000000000,5,33026,13,normal,0,train
1067,1701520940000000000,5,38047,14,normal,0,train
1067,1701608540000000000,5,38367,14,normal,0,train
1068,1700052920000000000,5,48568,14,normal,0,train
1068,1700132120000000000,1,54791,12,normal,0,train
1068,1700222180000000000,1,44660,13,normal,0,train
1068,1700310560000000000,5,53901,14,normal,0,train
1068,1700398340000000000,1,45293,14,normal,0,train
1068,1700484200000000000,5,43847,14,normal,0,train
1068,1700570900000000000,5,119014,14,legit: team order,0,train
1068,1700655020000000000,3,47710,13,legit: occasional merchant,0,train
1068,1700743460000000000,5,54820,14,normal,0,train
1068,1700830460000000000,1,52204,14,normal,0,train
1068,1700822720000000000,5,53179,12,normal,0,train
1068,1700915180000000000,1,51659,14,normal,0,train
1068,1700998640000000000,5,52069,13,normal,0,train
1068,1701083900000000000,5,47557,13,normal,0,train
1069,1700047220000000000,3,22950,13,normal,0,train
1069,1700135360000000000,5,20418,13,normal,0,train
1069,1700216480000000000,3,29196,12,normal,0,train
1069,1700302520000000000,3,24466,12,normal,0,train
1069,1700304620000000000,3,27145,12,normal,0,train
1069,1700389940000000000,3,22096,12,normal,0,train
1069,1700479040000000000,3,70264,13,legit: team order,0,train
1069,1700558600000000000,3,30603,11,normal,0,train
1069,1700655140000000000,3,25485,13,normal,0,train
1069,1700733800000000000,5,26118,11,normal,0,train
1069,1700734340000000000,3,24593,11,normal,0,train
1069,1700825780000000000,5,29782,13,normal,0,train
1069,1700903780000000000,3,21770,11,normal,0,train
1069,1700996600000000000,5,24761,12,normal,0,train
1069,1700996180000000000,3,29924,12,normal,0,train
1069,1701079880000000000,5,22168,11,normal,0,train
1069,1701168920000000000,5,22668,12,normal,0,train
1069,1701249980000000000,5,22430,11,normal,0,train
1069,1701340460000000000,3,29523,12,normal,0,train
1069,1701428360000000000,5,25064,12,normal,0,train
1069,1701423200000000000,5,24299,11,normal,0,train
1069,1701515360000000000,5,27329,12,normal,0,train
1069,1701555200000000000,41,50264,12,new merchant,1,train
1069,1701566000000000000,55,50264,12,new merchant,1,train
1069,1701576800000000000,55,50264,12,new merchant,1,train
1070,1700049620000000000,3,36848,13,normal,0,train
1070,1700143040000000000,2,34848,15,normal,0,train
1070,1700223200000000000,3,39652,14,normal,0,train
1070,1700316440000000000,2,34623,15,normal,0,train
1070,1700323040000000000,3,40290,17,legit: late lunch,0,train
1070,1700400680000000000,3,39986,15,normal,0,train
1070,1700480540000000000,3,40744,13,normal,0,train
1070,1700569040000000000,2,40519,14,normal,0,train
1070,1700574800000000000,2,35842,15,normal,0,train
1070,1700654420000000000,3,34861,13,normal,0,train
1070,1700747000000000000,3,33296,15,normal,0,train
1070,1700835140000000000,2,38009,15,normal,0,train
1070,1700833280000000000,2,35359,15,normal,0,train
1070,1700912540000000000,2,33449,13,normal,0,train
1070,1701003140000000000,2,39567,14,normal,0,train
1071,1700050460000000000,5,54663,14,normal,0,train
1071,1700138120000000000,3,46500,14,normal,0,train
1071,1700227880000000000,3,52590,15,normal,0,train
1071,1700311640000000000,5,51336,14,normal,0,train
1071,1700402960000000000,3,54903,15,normal,0,train
1071,1700398940000000000,3,52527,14,normal,0,train
1071,1700480660000000000,3,52997,13,normal,0,train
1071,1700573240000000000,3,45049,15,normal,0,train
1071,1700656220000000000,3,55665,14,normal,0,train
1071,1700661320000000000,5,51209,15,normal,0,train
1071,1700745740000000000,3,50376,15,normal,0,train
1071,1700827580000000000,5,55021,13,normal,0,train
1071,1700831240000000000,5,54335,14,normal,0,train
1071,1700916020000000000,3,49159,14,normal,0,train
1071,1701006020000000000,3,46305,15,normal,0,train
1071,1701085160000000000,3,52377,13,normal,0,train
1071,1701178760000000000,3,49296,15,normal,0,train
1071,1701173540000000000,5,46047,13,normal,0,train
1071,1701260180000000000,5,48555,14,normal,0,train
1071,1701346640000000000,5,119598,14,legit: team order,0,train
1071,1701429200000000000,5,44666,13,normal,0,train
1071,1701470000000000000,5,149397,14,spend spike,1,train
1071,1701471200000000000,5,199196,14,spend spike,1,train
1071,1701472400000000000,5,248995,14,spend spike,1,train
1072,1700041460000000000,5,37758,11,normal,0,train
1072,1700128880000000000,6,36244,11,normal,0,train
1072,1700215880000000000,5,33959,11,normal,0,train
1072,1700299100000000000,6,31353,11,normal,0,train
1072,1700385500000000000,5,39821,11,normal,0,train
1072,1700479880000000000,5,30172,13,normal,0,train
1072,1700481500000000000,5,89218,13,legit: team order,0,train
1072,1700564360000000000,6,35862,12,normal,0,train
1072,1700654420000000000,5,33081,13,normal,0,train
1072,1700650580000000000,5,35543,12,normal,0,train
1072,1700735540000000000,6,35964,12,normal,0,train
1072,1700821820000000000,6,36677,12,normal,0,train
1072,1700826140000000000,5,89218,13,legit: team order,0,train
1072,1700905100000000000,6,34110,11,normal,0,train
1072,1700910140000000000,6,30828,12,normal,0,train
1072,1700999720000000000,5,39486,13,normal,0,train
1072,1701077420000000000,5,28782,11,normal,0,train
1072,1701168500000000000,5,32314,12,normal,0,train
1072,1701252260000000000,6,32206,11,normal,0,train
1072,1701344300000000000,5,34580,13,normal,0,train
1072,1701432680000000000,6,34491,13,normal,0,train
1073,1700043920000000000,2,28552,12,legit: occasional merchant,0,train
1073,1700129600000000000,1,34970,12,normal,0,train
1073,1700224940000000000,1,34064,14,normal,0,train
1073,1700304260000000000,1,33663,12,normal,0,train
1073,1700394860000000000,1,26149,13,normal,0,train
1073,1700392880000000000,1,31600,13,normal,0,train
1073,1700482340000000000,1,31542,13,normal,0,train
1073,1700563400000000000,1,35682,12,normal,0,train
1073,1700649320000000000,1,31352,12,normal,0,train
1073,1700744000000000000,1,30138,14,normal,0,train
1073,1700829080000000000,1,34793,14,normal,0,train
1073,1700831360000000000,1,31364,14,normal,0,train
1073,1700914520000000000,1,28546,14,normal,0,train
1073,1701003380000000000,1,30651,14,normal,0,train
1073,1701003320000000000,1,26173,14,normal,0,train
1073,1701036800000000000,55,59658,13,new merchant,1,train
1073,1701047600000000000,59,59658,13,new merchant,1,train
1073,1701058400000000000,44,59658,13,new merchant,1,train
1074,1700047700000000000,2,52261,13,legit: occasional merchant,0,train
1074,1700133320000000000,6,49608,13,normal,0,train
1074,1700134820000000000,6,45346,13,normal,0,train
1074,1700220740000000000,6,48316,13,normal,0,train
1074,1700311100000000000,1,46099,14,normal,0,train
1074,1700392940000000000,1,41569,13,normal,0,train
1074,1700478800000000000,1,42191,13,normal,0,train
1074,1700488460000000000,6,42288,15,normal,0,train
1074,1700568620000000000,1,46504,13,normal,0,train
1074,1700662220000000000,1,41617,15,normal,0,train
1074,1700738420000000000,6,45358,13,normal,0,train
1074,1700741060000000000,6,51594,13,normal,0,train
1074,1700824820000000000,1,48590,13,normal,0,train
1074,1700916260000000000,1,41651,14,normal,0,train
1074,1700999840000000000,1,43341,13,normal,0,train
1074,1701089600000000000,1,46447,14,normal,0,train
1074,1701175940000000000,1,44081,14,normal,0,train
1074,1701259520000000000,6,43002,13,normal,0,train
1074,1701351920000000000,6,51308,15,normal,0,train
1075,1700055260000000000,6,114116,15,legit: team order,0,train
1075,1700049320000000000,3,47850,13,normal,0,train
1075,1700140280000000000,6,47931,14,normal,0,train
1075,1700221880000000000,6,48340,13,normal,0,train
1075,1700307500000000000,6,52105,13,normal,0,train
1075,1700401580000000000,3,51593,15,normal,0,train
1075,1700483480000000000,3,50848,14,normal,0,train
1075,1700487980000000000,6,43994,15,normal,0,train
1075,1700565440000000000,3,44244,13,normal,0,train
1075,1700653520000000000,6,51066,13,normal,0,train
1075,1700745200000000000,6,51680,15,normal,0,train
1075,1700832560000000000,3,44397,15,normal,0,train
1075,1700911040000000000,6,45684,13,normal,0,train
1075,1700919200000000000,6,49765,15,normal,0,train
1075,1701002660000000000,6,47770,14,normal,0,train
1075,1701085940000000000,3,51461,13,legit: occasional merchant,0,train
1075,1701178580000000000,3,48863,15,normal,0,train
1075,1701186980000000000,3,47426,17,legit: late lunch,0,train
1075,1701257480000000000,6,45894,13,normal,0,train
1075,1701257960000000000,6,46012,13,normal,0,train
1075,1701353540000000000,3,52838,15,normal,0,train
1076,1700056340000000000,5,38898,15,normal,0,train
1076,1700137220000000000,5,31874,14,normal,0,train
1076,1700228780000000000,5,35100,15,normal,0,train
1076,1700315660000000000,3,42840,15,legit: occasional merchant,0,train
1076,1700396060000000000,1,38446,14,normal,0,train
1076,1700484380000000000,1,40930,14,normal,0,train
1076,1700575760000000000,5,31623,15,normal,0,train
1076,1700655620000000000,1,95108,14,legit: team order,0,train
1076,1700747960000000000,1,38478,15,normal,0,train
1076,1700832380000000000,5,38718,15,normal,0,train
1076,1700824820000000000,5,41176,13,normal,0,train
1076,1700912720000000000,1,34947,13,normal,0,train
1076,1701000560000000000,1,41601,13,normal,0,train
1076,1701088340000000000,1,32331,14,normal,0,train
1076,1701170540000000000,5,39686,13,normal,0,train
1076,1701263240000000000,1,31791,14,normal,0,train
1076,1701349220000000000,5,42245,14,normal,0,train
1076,1701430460000000000,5,40867,13,normal,0,train
1076,1701524780000000000,1,39383,15,normal,0,train
1076,1701608900000000000,5,95108,14,legit: team order,0,train
1076,1701690680000000000,1,95108,13,legit: team order,0,train
1076,1701688700000000000,1,31893,13,normal,0,train
1076,1701784340000000000,1,41483,15,normal,0,train
1076,1701825200000000000,1,37554,3,odd hour,1,train
1076,1701911600000000000,1,37554,3,odd hour,1,train
1077,1700045060000000000,1,30870,12,normal,0,train
1077,1700126960000000000,3,30614,11,normal,0,train
1077,1700213960000000000,1,29147,11,normal,0,train
1077,1700302820000000000,3,32729,12,normal,0,train
1077,1700393300000000000,3,33785,13,normal,0,train
1077,1700390180000000000,1,36905,12,normal,0,train
1077,1700474120000000000,3,31132,11,normal,0,train
1077,1700487560000000000,3,35695,15,legit: late lunch,0,train
1077,1700559860000000000,1,35633,11,normal,0,train
1077,1700650400000000000,1,34431,12,normal,0,train
1077,1700646800000000000,3,39660,11,normal,0,train
1077,1700737760000000000,1,30379,12,normal,0,train
1077,1700819180000000000,1,31133,11,normal,0,train
1077,1700820740000000000,1,31939,11,normal,0,train
1077,1700907560000000000,3,34757,12,legit: occasional merchant,0,train
1077,1700998580000000000,3,31194,13,normal,0,train
1077,1701086900000000000,1,33749,13,normal,0,train
1077,1701163940000000000,3,34167,11,normal,0,train
1077,1701257780000000000,3,32662,13,normal,0,train
1077,1701336620000000000,3,35187,11,normal,0,train
1077,1701340940000000000,3,87622,12,legit: team order,0,train
1077,1701431060000000000,3,34378,13,normal,0,train
1077,1701511400000000000,3,31222,11,normal,0,train
1077,1701601640000000000,1,30580,12,normal,0,train
1078,1700052140000000000,1,14694,14,normal,0,train
1078,1700053520000000000,1,12604,14,normal,0,train
1078,1700137940000000000,6,11010,14,normal,0,train
1078,1700225300000000000,6,15176,14,normal,0,train
1078,1700228300000000000,6,15134,15,normal,0,train
1078,1700310860000000000,1,18144,14,normal,0,train
1078,1700399780000000000,6,21221,15,normal,0,train
1078,1700400260000000000,6,21099,15,normal,0,train
1078,1700487140000000000,6,19025,15,normal,0,train
1078,1700482820000000000,6,11570,14,normal,0,train
1078,1700583140000000000,1,12307,17,legit: late lunch,0,train
1078,1700657900000000000,6,20002,14,normal,0,train
1078,1700748200000000000,6,11768,15,normal,0,train
1078,1700831060000000000,1,19651,14,normal,0,train
1078,1700829980000000000,6,13103,14,normal,0,train
1078,1700916080000000000,6,20249,14,normal,0,train
1078,1701005960000000000,1,15862,15,normal,0,train
1078,1701091520000000000,1,19918,15,normal,0,train
1078,1701174980000000000,1,52050,14,legit: team order,0,train
1078,1701266660000000000,1,14948,15,normal,0,train
1078,1701266420000000000,1,10982,15,normal,0,train
1078,1701343700000000000,1,13952,13,normal,0,train
1078,1701353420000000000,6,13131,15,legit: occasional merchant,0,train
1078,1701431300000000000,6,20896,13,normal,0,train
1078,1701430220000000000,6,11845,13,normal,0,train
1078,1701526100000000000,6,13831,15,normal,0,train
1078,1701606380000000000,6,13869,14,normal,0,train
1078,1701652400000000000,6,16025,3,odd hour,1,train
1078,1701738800000000000,6,16025,3,odd hour,1,train
1079,1700043860000000000,1,52081,12,normal,0,train
1079,1700046080000000000,1,58944,12,normal,0,train
1079,1700130620000000000,6,51383,12,normal,0,train
1079,1700217800000000000,6,134528,12,legit: team order,0,train
1079,1700302700000000000,6,57076,12,normal,0,train
1079,1700393060000000000,1,57573,13,normal,0,train
1079,1700485760000000000,6,58740,14,normal,0,train
1079,1700475620000000000,6,57536,12,normal,0,train
1079,1700565500000000000,6,56550,13,normal,0,train
1079,1700652440000000000,6,58941,13,normal,0,train
1079,1700739380000000000,1,52221,13,normal,0,train
1079,1700822120000000000,1,134528,12,legit: team order,0,train
1079,1700824820000000000,6,51785,13,normal,0,train
1079,1700924900000000000,1,61682,16,legit: late lunch,0,train
1079,1701000500000000000,1,63252,13,normal,0,train
1079,1701082160000000000,1,58967,12,normal,0,train
1079,1701175100000000000,6,58243,14,normal,0,train
1079,1701169520000000000,6,62313,12,normal,0,train
1079,1701261620000000000,1,56914,14,normal,0,train
1079,1701340880000000000,1,57795,12,normal,0,train
1079,1701432020000000000,1,134528,13,legit: team order,0,train
1079,1701517340000000000,1,59207,13,normal,0,train
1079,1701518420000000000,6,55185,13,normal,0,train
1080,1700051300000000000,1,50083,14,normal,0,train
1080,1700146880000000000,1,44010,16,legit: late lunch,0,train
1080,1700219060000000000,6,50462,12,normal,0,train
1080,1700225840000000000,6,110830,14,legit: team order,0,train
1080,1700306600000000000,1,46426,13,normal,0,train
1080,1700306600000000000,6,43916,13,normal,0,train
1080,1700392520000000000,6,51078,13,normal,0,train
1080,1700476640000000000,6,44087,12,normal,0,train
1080,1700563280000000000,6,46075,12,normal,0,train
1080,1700571500000000000,6,51409,14,normal,0,train
1080,1700648780000000000,6,42277,12,normal,0,train
1080,1700740340000000000,6,45622,13,normal,0,train
1080,1700822480000000000,1,47819,12,normal,0,train
1080,1700915060000000000,6,50871,14,normal,0,train
1080,1700912780000000000,1,43237,13,normal,0,train
1080,1700999300000000000,6,49282,13,normal,0,train
1080,1701096380000000000,6,40322,16,legit: late lunch,0,train
1080,1701170900000000000,6,48797,13,normal,0,train
1080,1701260120000000000,1,46513,14,normal,0,train
1080,1701347000000000000,6,50585,14,normal,0,train
1080,1701431900000000000,1,48509,13,normal,0,train
1080,1701516140000000000,1,43771,13,normal,0,train
1080,1701603320000000000,1,51274,13,normal,0,train
1080,1701605360000000000,1,40679,13,normal,0,train
1080,1701642800000000000,6,136245,13,spend spike,1,train
1080,1701644000000000000,6,181660,13,spend spike,1,train
1080,1701645200000000000,6,227075,13,spend spike,1,train
1081,1700058080000000000,6,51393,16,legit: late lunch,0,train
1081,1700044760000000000,6,48721,12,normal,0,train
1081,1700130680000000000,5,52878,12,normal,0,train
1081,1700223260000000000,6,55577,14,normal,0,train
1081,1700306060000000000,5,120872,13,legit: team order,0,train
1081,1700392580000000000,5,45701,13,normal,0,train
1081,1700398940000000000,5,51670,14,normal,0,train
1081,1700483540000000000,6,51862,14,normal,0,train
1081,1700563040000000000,5,56326,12,normal,0,train
1081,1700576240000000000,5,51553,16,legit: late lunch,0,train
1081,1700656460000000000,5,54928,14,normal,0,train
1081,1700736440000000000,6,55969,12,normal,0,train
1081,1700736560000000000,6,55565,12,normal,0,train
1081,1700830820000000000,5,120872,14,legit: team order,0,train
1081,1700913440000000000,5,56186,13,normal,0,train
1081,1700995880000000000,6,50116,12,normal,0,train
1081,1701082040000000000,5,51638,12,normal,0,train
1081,1701166700000000000,5,50217,12,normal,0,train
1081,1701171260000000000,5,46735,13,normal,0,train
1081,1701255320000000000,6,51595,12,normal,0,train
1081,1701263180000000000,6,51909,14,normal,0,train
1081,1701347780000000000,5,45539,14,normal,0,train
1081,1701349940000000000,5,45736,14,normal,0,train
1081,1701425960000000000,6,54910,12,normal,0,train
1081,1701521120000000000,6,49909,14,normal,0,train
1081,1701600500000000000,6,55094,12,normal,0,train
1082,1700055740000000000,2,27724,15,normal,0,train
1082,1700143580000000000,6,21648,15,normal,0,train
1082,1700228120000000000,6,25559,15,normal,0,train
1082,1700226980000000000,2,26593,15,normal,0,train
1082,1700309600000000000,6,16294,14,normal,0,train
1082,1700308640000000000,2,26869,13,normal,0,train
1082,1700408960000000000,6,18383,17,legit: late lunch,0,train
1082,1700479160000000000,2,22695,13,normal,0,train
1082,1700572820000000000,2,64036,15,legit: team order,0,train
1082,1700661500000000000,2,22476,15,normal,0,train
1082,1700738840000000000,2,21499,13,normal,0,train
1082,1700833520000000000,6,22169,15,normal,0,train
1082,1700926820000000000,2,20042,17,legit: late lunch,0,train
1082,1700915360000000000,2,25664,14,normal,0,train
1082,1701006200000000000,6,24821,15,normal,0,train
1082,1701089180000000000,2,26712,14,normal,0,train
1082,1701171140000000000,6,22647,13,normal,0,train
1082,1701257660000000000,6,64036,13,legit: team order,0,train
1083,1700050700000000000,1,51290,14,normal,0,train
1083,1700063840000000000,2,55598,17,legit: late lunch,0,train
1083,1700140100000000000,2,55066,14,normal,0,train
1083,1700229320000000000,2,54631,15,normal,0,train
1083,1700225720000000000,2,59071,14,normal,0,train
1083,1700323100000000000,1,50085,17,legit: occasional merchant,0,train
1083,1700397860000000000,1,49470,14,normal,0,train
1083,1700480780000000000,2,48721,13,normal,0,train
1083,1700568860000000000,1,59787,14,normal,0,train
1083,1700658020000000000,1,51231,14,normal,0,train
1083,1700659460000000000,1,59355,15,normal,0,train
1083,1700738660000000000,2,59598,13,normal,0,train
1083,1700834660000000000,2,51369,15,normal,0,train
1083,1700917940000000000,2,55072,14,normal,0,train
1083,1700914580000000000,1,52220,14,normal,0,train
1083,1701006200000000000,1,51765,15,normal,0,train
1083,1701088040000000000,2,52282,14,normal,0,train
1083,1701090740000000000,2,60494,14,normal,0,train
1083,1701170660000000000,2,49967,13,normal,0,train
1083,1701260900000000000,1,50689,14,normal,0,train
1083,1701350840000000000,2,60503,15,normal,0,train
1084,1700044280000000000,3,36315,12,normal,0,train
1084,1700044400000000000,6,30630,12,legit: occasional merchant,0,train
1084,1700137040000000000,2,30467,14,normal,0,train
1084,1700219960000000000,3,86326,13,legit: team order,0,train
1084,1700311640000000000,2,29118,14,normal,0,train
1084,1700393420000000000,2,30780,13,normal,0,train
1084,1700480660000000000,3,37155,13,normal,0,train
1084,1700568080000000000,3,29461,13,normal,0,train
1084,1700651480000000000,2,31009,12,normal,0,train
1084,1700738540000000000,3,30035,13,normal,0,train
1084,1700736740000000000,3,35136,12,normal,0,train
1084,1700829620000000000,2,29936,14,normal,0,train
1084,1700910200000000000,3,33969,12,normal,0,train
1084,1700999300000000000,2,31069,13,normal,0,train
1084,1701084500000000000,3,36121,13,normal,0,train
1085,1700047940000000000,5,33716,13,normal,0,train
1085,1700132720000000000,4,34369,12,normal,0,train
1085,1700226740000000000,5,31182,14,normal,0,train
1085,1700223200000000000,4,30148,14,normal,0,train
1085,1700313080000000000,4,23377,14,normal,0,train
1085,1700405240000000000,5,26343,16,legit: late lunch,0,train
1085,1700482100000000000,4,29220,13,normal,0,train
1085,1700563760000000000,5,23990,12,normal,0,train
1085,1700656940000000000,5,28420,14,normal,0,train
1085,1700738240000000000,4,30319,13,normal,0,train
1085,1700740820000000000,5,30387,13,normal,0,train
1085,1700822900000000000,5,27674,12,normal,0,train
1085,1700922560000000000,4,25834,16,legit: late lunch,0,train
1085,1700999120000000000,3,23695,13,legit: occasional merchant,0,train
1086,1700048000000000000,3,64305,13,normal,0,train
1086,1700143880000000000,3,138558,15,legit: team order,0,train
1086,1700226140000000000,3,61699,14,normal,0,train
1086,1700307320000000000,3,65163,13,normal,0,train
1086,1700402780000000000,1,59397,15,normal,0,train
1086,1700488160000000000,1,61961,15,normal,0,train
1086,1700574560000000000,3,63805,15,normal,0,train
1086,1700652320000000000,1,55098,13,normal,0,train
1086,1700742380000000000,3,63628,14,normal,0,train
1086,1700832200000000000,1,61269,15,normal,0,train
1086,1700831360000000000,1,60659,14,normal,0,train
1086,1700914460000000000,1,55121,14,normal,0,train
1086,1701000020000000000,3,57092,13,normal,0,train
1086,1701093920000000000,1,63852,15,normal,0,train
1086,1701176060000000000,1,57585,14,normal,0,train
1086,1701259940000000000,3,64893,13,normal,0,train
1086,1701258620000000000,1,64890,13,normal,0,train
1086,1701346760000000000,1,61538,14,normal,0,train
1086,1701349880000000000,3,59349,14,normal,0,train
1086,1701433340000000000,3,58009,14,normal,0,train
1086,1701470000000000000,1,177837,14,spend spike,1,train
1086,1701471200000000000,1,237116,14,spend spike,1,train
1086,1701472400000000000,1,296395,14,spend spike,1,train
1087,1700040020000000000,1,40304,11,normal,0,train
1087,1700132000000000000,1,40876,12,normal,0,train
1087,1700215400000000000,2,41146,11,normal,0,train
1087,1700308160000000000,1,39595,13,normal,0,train
1087,1700392640000000000,2,49695,13,normal,0,train
1087,1700474360000000000,2,41786,11,normal,0,train
1087,1700565080000000000,1,43928,12,normal,0,train
1087,1700648360000000000,2,40198,12,normal,0,train
1087,1700736860000000000,2,45512,12,normal,0,train
1087,1700747600000000000,1,46286,15,legit: late lunch,0,train
1087,1700826740000000000,1,45719,13,normal,0,train
1087,1700907560000000000,2,45500,12,normal,0,train
1087,1701000620000000000,2,42415,13,normal,0,train
1087,1701085760000000000,1,39521,13,normal,0,train
1087,1701173420000000000,1,42655,13,normal,0,train
1087,1701162980000000000,2,50113,11,normal,0,train
1087,1701259280000000000,2,45562,13,normal,0,train
1087,1701336140000000000,1,42090,11,normal,0,train
1087,1701429680000000000,1,46153,13,normal,0,train
1087,1701518720000000000,1,50482,13,normal,0,train
1087,1701597920000000000,1,45767,11,normal,0,train
1087,1701642800000000000,2,135801,12,spend spike,1,train
1087,1701644000000000000,2,181068,12,spend spike,1,train
1087,1701645200000000000,2,226335,12,spend spike,1,train
1088,1700039780000000000,3,29844,11,normal,0,train
1088,1700130440000000000,3,36065,12,normal,0,train
1088,1700132060000000000,2,38031,12,normal,0,train
1088,1700218220000000000,3,30011,12,normal,0,train
1088,1700215940000000000,2,33116,11,normal,0,train
1088,1700302040000000000,3,30133,11,normal,0,train
1088,1700387240000000000,3,37129,11,normal,0,train
1088,1700389400000000000,3,36068,12,normal,0,train
1088,1700480600000000000,3,32001,13,normal,0,train
1088,1700559500000000000,2,30616,11,normal,0,train
1088,1700650400000000000,2,38654,12,normal,0,train
1088,1700731820000000000,2,34593,11,normal,0,train
1088,1700823740000000000,2,32153,12,normal,0,train
1088,1700912720000000000,3,33651,13,normal,0,train
1088,1700907620000000000,2,29091,12,normal,0,train
1088,1700993660000000000,3,39268,12,normal,0,train
1088,1701086360000000000,3,31375,13,normal,0,train
1088,1701078620000000000,2,35718,11,normal,0,train
1088,1701165440000000000,2,38766,11,normal,0,train
1088,1701254540000000000,2,31731,12,normal,0,train
1088,1701258080000000000,2,37069,13,normal,0,train
1088,1701341420000000000,2,39250,12,normal,0,train
1088,1701425420000000000,2,39741,11,normal,0,train
1088,1701518300000000000,3,38950,13,normal,0,train
1088,1701600680000000000,2,37258,12,normal,0,train
1088,1701690140000000000,2,31783,13,normal,0,train
1088,1701776660000000000,3,34283,13,normal,0,train
1089,1700045000000000000,5,56028,12,normal,0,train
1089,1700134580000000000,5,55087,13,normal,0,train
1089,1700219180000000000,1,63273,12,normal,0,train
1089,1700307740000000000,1,56652,13,normal,0,train
1089,1700395340000000000,1,55537,13,normal,0,train
1089,1700476460000000000,1,59890,12,normal,0,train
1089,1700560100000000000,1,61100,11,normal,0,train
1089,1700652260000000000,1,63185,13,normal,0,train
1089,1700731820000000000,5,60706,11,normal,0,train
1089,1700826320000000000,1,52856,13,normal,0,train
1089,1700910620000000000,1,60952,12,normal,0,train
1089,1700998940000000000,5,53182,13,normal,0,train
1089,1701082580000000000,1,59697,12,normal,0,train
1089,1701078920000000000,1,56561,11,normal,0,train
1089,1701123200000000000,5,58132,12,burst,1,train
1089,1701123320000000000,5,58132,12,burst,1,train
1089,1701123440000000000,5,58132,12,burst,1,train
1089,1701123560000000000,5,58132,12,burst,1,train
1089,1701123680000000000,5,58132,12,burst,1,train
1089,1701123800000000000,5,58132,12,burst,1,train
1090,1700043380000000000,3,50352,12,normal,0,train
1090,1700136680000000000,3,49463,13,normal,0,train
1090,1700215820000000000,1,57449,11,normal,0,train
1090,1700216660000000000,1,54750,12,normal,0,train
1090,1700304620000000000,1,56268,12,normal,0,train
1090,1700388680000000000,1,48963,11,normal,0,train
1090,1700481980000000000,3,51968,13,normal,0,train
1090,1700481740000000000,3,58285,13,normal,0,train
1090,1700559980000000000,3,50122,11,normal,0,train
1090,1700647880000000000,1,53513,11,normal,0,train
1090,1700735480000000000,3,55841,12,normal,0,train
1090,1700820740000000000,1,47752,11,normal,0,train
1090,1700909960000000000,1,48851,12,normal,0,train
1090,1700991020000000000,3,58111,11,normal,0,train
1090,1701094040000000000,3,50898,15,legit: late lunch,0,train
1090,1701171860000000000,1,53195,13,normal,0,train
1090,1701172760000000000,3,57632,13,normal,0,train
1090,1701220400000000000,3,53062,3,odd hour,1,train
1090,1701306800000000000,3,53062,3,odd hour,1,train
1091,1700047160000000000,3,61704,13,normal,0,train
1091,1700044220000000000,3,56505,12,normal,0,train
1091,1700129660000000000,3,56040,12,normal,0,train
1091,1700135660000000000,5,51275,13,normal,0,train
1091,1700216480000000000,3,61764,12,normal,0,train
1091,1700220500000000000,3,56618,13,normal,0,train
1091,1700306720000000000,3,52079,13,normal,0,train
1091,1700392760000000000,3,52011,13,normal,0,train
1091,1700478620000000000,3,53158,12,normal,0,train
1091,1700560280000000000,5,60784,11,normal,0,train
1091,1700568020000000000,5,134112,13,legit: team order,0,train
1091,1700649620000000000,5,60204,12,normal,0,train
1091,1700653100000000000,3,60771,13,normal,0,train
1091,1700737220000000000,3,60375,12,normal,0,train
1091,1700825120000000000,5,134112,13,legit: team order,0,train
1091,1700910320000000000,3,58633,12,normal,0,train
1091,1700992700000000000,5,62734,11,normal,0,train
1091,1701086180000000000,5,53531,13,normal,0,train
1091,1701163280000000000,5,51610,11,normal,0,train
1091,1701168140000000000,3,59396,12,normal,0,train
1091,1701256340000000000,3,55448,12,normal,0,train
1091,1701336020000000000,3,60941,11,normal,0,train
1091,1701343760000000000,3,62448,13,normal,0,train
1091,1701426380000000000,5,56154,12,normal,0,train
1092,1700048900000000000,2,41217,13,normal,0,train
1092,1700133740000000000,6,46458,13,normal,0,train
1092,1700222540000000000,6,44581,13,normal,0,train
1092,1700306780000000000,2,40887,13,normal,0,train
1092,1700405840000000000,2,48298,16,legit: late lunch,0,train
1092,1700478500000000000,2,47701,12,normal,0,train
1092,1700568740000000000,2,45807,13,normal,0,train
1092,1700567900000000000,6,46080,13,normal,0,train
1092,1700650880000000000,2,51899,12,normal,0,train
1092,1700657540000000000,2,49648,14,normal,0,train
1092,1700743580000000000,2,43897,14,normal,0,train
1092,1700829320000000000,2,47125,14,normal,0,train
1092,1700909240000000000,6,50286,12,normal,0,train
1092,1700994020000000000,6,50769,12,normal,0,train
1092,1700997020000000000,2,44017,12,normal,0,train
1092,1701089240000000000,2,49232,14,normal,0,train
1092,1701170240000000000,6,46903,13,normal,0,train
1092,1701259580000000000,6,42050,13,normal,0,train
1092,1701355280000000000,2,45512,16,legit: late lunch,0,train
1092,1701431420000000000,6,43110,13,normal,0,train
1092,1701441440000000000,2,46049,16,legit: late lunch,0,train
1092,1701517700000000000,2,44846,13,normal,0,train
1092,1701598400000000000,2,41569,12,normal,0,train
1093,1700042180000000000,3,54381,11,normal,0,train
1093,1700127440000000000,5,46315,11,normal,0,train
1093,1700212400000000000,3,55057,11,normal,0,train
1093,1700308040000000000,3,45522,13,normal,0,train
1093,1700402780000000000,5,51221,15,legit: late lunch,0,train
1093,1700476520000000000,5,47326,12,normal,0,train
1093,1700560880000000000,5,49210,11,normal,0,train
1093,1700651000000000000,5,54963,12,normal,0,train
1093,1700738540000000000,5,47624,13,normal,0,train
1093,1700818100000000000,5,47150,11,normal,0,train
1093,1700921540000000000,3,50431,15,legit: late lunch,0,train
1093,1700998340000000000,3,49220,13,normal,0,train
1093,1701079400000000000,5,50263,11,normal,0,train
1093,1701165440000000000,3,55987,11,normal,0,train
1093,1701163280000000000,3,53981,11,normal,0,train
1094,1700048660000000000,6,36304,13,normal,0,train
1094,1700132000000000000,4,35123,12,normal,0,train
1094,1700134340000000000,6,36231,13,normal,0,train
1094,1700223920000000000,6,35498,14,normal,0,train
1094,1700304620000000000,4,35490,12,normal,0,train
1094,1700392820000000000,6,30587,13,normal,0,train
1094,1700480360000000000,6,30782,13,normal,0,train
1094,1700578520000000000,4,85706,16,legit: team order,0,train
1094,1700649020000000000,6,33012,12,normal,0,train
1094,1700737460000000000,6,34665,12,normal,0,train
1094,1700824820000000000,6,30995,13,normal,0,train
1094,1700916200000000000,4,31083,14,normal,0,train
1094,1701001640000000000,6,35963,14,normal,0,train
1094,1701036800000000000,6,32853,13,burst,1,train
1094,1701036920000000000,6,32853,13,burst,1,train
1094,1701037040000000000,6,32853,13,burst,1,train
1094,1701037160000000000,6,32853,13,burst,1,train
1094,1701037280000000000,6,32853,13,burst,1,train
1094,1701037400000000000,6,32853,13,burst,1,train
1095,1700041580000000000,2,47167,11,normal,0,train
1095,1700133260000000000,2,42557,13,normal,0,train
1095,1700129780000000000,4,40708,12,normal,0,train
1095,1700222840000000000,2,46679,13,normal,0,train
1095,1700217620000000000,4,39833,12,legit: occasional merchant,0,train
1095,1700304620000000000,4,46584,12,normal,0,train
1095,1700391380000000000,2,47885,12,normal,0,train
1095,1700473280000000000,4,38059,11,normal,0,train
1095,1700476100000000000,4,38634,12,normal,0,train
1095,1700568020000000000,4,41223,13,normal,0,train
1095,1700644520000000000,4,49143,11,normal,0,train
1095,1700733200000000000,4,47920,11,normal,0,train
1095,1700827700000000000,2,39071,13,normal,0,train
1095,1700909120000000000,2,42140,12,normal,0,train
1095,1700913680000000000,4,46587,13,normal,0,train
1095,1700990840000000000,4,40160,11,normal,0,train
1095,1701078920000000000,2,40944,11,normal,0,train
1096,1700061140000000000,4,24670,16,legit: late lunch,0,train
1096,1700048120000000000,5,28972,13,normal,0,train
1096,1700133020000000000,4,29009,12,normal,0,train
1096,1700146640000000000,5,25155,16,legit: late lunch,0,train
1096,1700224640000000000,4,34656,14,normal,0,train
1096,1700305040000000000,4,29118,12,normal,0,train
1096,1700391140000000000,5,32432,12,normal,0,train
1096,1700477840000000000,5,31153,12,normal,0,train
1096,1700566520000000000,5,27784,13,normal,0,train
1096,1700650100000000000,5,34814,12,normal,0,train
1096,1700738480000000000,5,36347,13,normal,0,train
1096,1700828660000000000,5,27690,14,normal,0,train
1096,1700911820000000000,5,33185,13,normal,0,train
1096,1700924240000000000,4,29367,16,legit: late lunch,0,train
1096,1700998040000000000,5,33483,13,normal,0,train
1096,1701089900000000000,5,33431,14,normal,0,train
1096,1701169340000000000,4,35412,12,normal,0,train
1096,1701170660000000000,4,30545,13,normal,0,train
1096,1701260120000000000,5,35053,14,normal,0,train
1096,1701344120000000000,4,30553,13,normal,0,train
1096,1701433340000000000,6,31126,14,legit: occasional merchant,0,train
1096,1701519080000000000,4,35166,13,normal,0,train
1097,1700043380000000000,5,35706,12,normal,0,train
1097,1700134100000000000,6,42465,13,normal,0,train
1097,1700214260000000000,6,37231,11,normal,0,train
1097,1700302580000000000,6,43663,12,normal,0,train
1097,1700387480000000000,6,41473,11,normal,0,train
1097,1700476040000000000,5,41482,12,normal,0,train
1097,1700567780000000000,5,35951,13,normal,0,train
1097,1700650640000000000,6,40669,12,normal,0,train
1097,1700738960000000000,5,42714,13,normal,0,train
1097,1700825360000000000,5,34040,13,normal,0,train
1097,1700906780000000000,5,35783,11,normal,0,train
1097,1700999600000000000,5,35471,13,normal,0,train
1097,1701083720000000000,5,33397,13,normal,0,train
1097,1701170060000000000,5,37025,13,normal,0,train
1097,1701258440000000000,6,32907,13,normal,0,train
1097,1701336740000000000,6,35496,11,normal,0,train
1097,1701424400000000000,6,42217,11,normal,0,train
1097,1701515420000000000,6,40396,12,normal,0,train
1097,1701594980000000000,6,39505,11,normal,0,train
1097,1701691280000000000,6,38467,13,legit: occasional merchant,0,train
1097,1701776480000000000,6,44297,13,normal,0,train
1098,1700039780000000000,1,25380,11,normal,0,train
1098,1700129960000000000,2,22879,12,normal,0,train
1098,1700221100000000000,2,22924,13,normal,0,train
1098,1700305340000000000,2,62512,12,legit: team order,0,train
1098,1700385860000000000,2,22305,11,normal,0,train
1098,1700390240000000000,2,16758,12,normal,0,train
1098,1700473280000000000,2,18585,11,normal,0,train
1098,1700566160000000000,1,23121,13,normal,0,train
1098,1700645780000000000,2,16699,11,legit: occasional merchant,0,train
1098,1700738600000000000,1,20344,13,normal,0,train
1098,1700820920000000000,1,62512,12,legit: team order,0,train
1098,1700908820000000000,1,18345,12,normal,0,train
1098,1700993960000000000,2,20375,12,normal,0,train
1098,1700998940000000000,1,22255,13,normal,0,train
1098,1701084260000000000,2,20665,13,normal,0,train
1098,1701180380000000000,1,24990,15,legit: late lunch,0,train
1098,1701256940000000000,1,17501,13,normal,0,train
1098,1701254360000000000,1,26230,12,normal,0,train
1098,1701337760000000000,2,23475,11,normal,0,train
1098,1701423560000000000,2,18302,11,normal,0,train
1098,1701514100000000000,2,27118,12,normal,0,train
1099,1700047520000000000,2,58856,13,normal,0,train
1099,1700143280000000000,2,53541,15,legit: late lunch,0,train
1099,1700217380000000000,2,62825,12,normal,0,train
1099,1700303660000000000,2,62941,12,normal,0,train
1099,1700393240000000000,5,62335,13,legit: occasional merchant,0,train
1099,1700389580000000000,1,59936,12,normal,0,train
1099,1700486960000000000,6,64314,15,legit: occasional merchant,0,train
1099,1700565380000000000,1,55547,13,normal,0,train
1099,1700647520000000000,1,61872,11,normal,0,train
1099,1700734760000000000,2,61128,12,normal,0,train
1099,1700824700000000000,2,55297,13,normal,0,train
1099,1700817320000000000,1,63303,11,normal,0,train
1099,1700911880000000000,2,59184,13,normal,0,train
1099,1700990240000000000,2,54778,11,normal,0,train
1099,1700995100000000000,1,62283,12,normal,0,train
1099,1701085220000000000,2,62954,13,normal,0,train
1099,1701167480000000000,1,56341,12,normal,0,train
1099,1701256100000000000,1,64070,12,normal,0,train
1099,1701252560000000000,2,53323,11,normal,0,train
1099,1701340760000000000,2,60261,12,normal,0,train
1099,1701382400000000000,1,58913,12,burst,1,train
1099,1701382520000000000,1,58913,12,burst,1,train
1099,1701382640000000000,1,58913,12,burst,1,train
1099,1701382760000000000,1,58913,12,burst,1,train
1099,1701382880000000000,1,58913,12,burst,1,train
1099,1701383000000000000,1,58913,12,burst,1,train
1100,1700043020000000000,4,28158,11,normal,0,train
1100,1700126720000000000,1,32127,11,normal,0,train
1100,1700219180000000000,1,31021,12,normal,0,train
1100,1700303600000000000,4,28079,12,normal,0,train
1100,1700306840000000000,4,31778,13,normal,0,train
1100,1700391680000000000,4,31604,12,normal,0,train
1100,1700475560000000000,4,29918,12,normal,0,train
1100,1700558600000000000,1,29634,11,normal,0,train
1100,1700564960000000000,1,30822,12,normal,0,train
1100,1700655140000000000,4,27056,13,normal,0,train
1100,1700732180000000000,4,29387,11,normal,0,train
1100,1700823620000000000,1,35684,12,normal,0,train
1100,1700819360000000000,4,34736,11,normal,0,train
1100,1700909720000000000,1,28202,12,normal,0,train
1100,1700913080000000000,4,27664,13,normal,0,train
1100,1700991320000000000,1,31602,11,normal,0,train
1100,1701086000000000000,1,25639,13,normal,0,train
1100,1701169880000000000,4,25383,12,normal,0,train
1100,1701172940000000000,1,32714,13,normal,0,train
1100,1701266060000000000,4,34893,15,legit: late lunch,0,train
1100,1701257900000000000,1,31670,13,normal,0,train
1100,1701344240000000000,4,35742,13,normal,0,train
1100,1701427700000000000,4,33732,12,normal,0,train
1100,1701468800000000000,4,30557,12,burst,1,train
1100,1701468920000000000,4,30557,12,burst,1,train
1100,1701469040000000000,4,30557,12,burst,1,train
1100,1701469160000000000,4,30557,12,burst,1,train
1100,1701469280000000000,4,30557,12,burst,1,train
1100,1701469400000000000,4,30557,12,burst,1,train
1101,1700058620000000000,4,55554,16,legit: late lunch,0,train
1101,1700136680000000000,4,54795,13,normal,0,train
1101,1700139260000000000,4,54751,14,normal,0,train
1101,1700219960000000000,2,50531,13,normal,0,train
1101,1700309480000000000,2,58609,13,normal,0,train
1101,1700392640000000000,2,51701,13,normal,0,train
1101,1700478080000000000,4,58870,12,normal,0,train
1101,1700565320000000000,4,55660,13,normal,0,train
1101,1700655620000000000,2,50606,14,normal,0,train
1101,1700665520000000000,4,58883,16,legit: late lunch,0,train
1101,1700745080000000000,4,61394,14,normal,0,train
1101,1700827100000000000,2,61663,13,normal,0,train
1101,1700909360000000000,4,55561,12,normal,0,train
1101,1701002420000000000,4,52753,14,normal,0,train
1101,1701084920000000000,2,50437,13,normal,0,train
1101,1701183620000000000,2,58964,16,legit: late lunch,0,train
1101,1701167120000000000,4,53320,12,normal,0,train
1101,1701259040000000000,6,59296,13,legit: occasional merchant,0,train
1101,1701258740000000000,2,57619,13,normal,0,train
1101,1701340760000000000,2,59435,12,normal,0,train
1101,1701348560000000000,2,55871,14,normal,0,train
1101,1701443180000000000,4,57090,16,legit: late lunch,0,train
1101,1701519320000000000,2,56113,14,normal,0,train
1101,1701602780000000000,2,57796,13,normal,0,train
1101,1701600620000000000,2,58504,12,normal,0,train
1101,1701686300000000000,2,59391,12,normal,0,train
1101,1701773780000000000,2,57299,12,normal,0,train
1102,1700057300000000000,1,54360,15,normal,0,train
1102,1700136560000000000,1,61320,13,normal,0,train
1102,1700222240000000000,3,53142,13,normal,0,train
1102,1700309120000000000,1,61636,13,normal,0,train
1102,1700400560000000000,3,55195,15,normal,0,train
1102,1700496200000000000,1,61415,17,legit: late lunch,0,train
1102,1700488460000000000,3,134502,15,legit: team order,0,train
1102,1700582360000000000,3,51725,17,legit: late lunch,0,train
1102,1700656220000000000,1,59040,14,normal,0,train
1102,1700739800000000000,3,52170,13,normal,0,train
1102,1700840660000000000,3,56429,17,legit: late lunch,0,train
1102,1700833820000000000,1,60766,15,normal,0,train
1102,1700919620000000000,1,59870,15,normal,0,train
1102,1700999180000000000,1,52234,13,normal,0,train
1102,1701088520000000000,1,59098,14,normal,0,train
1102,1701176600000000000,3,52779,14,normal,0,train
1102,1701263420000000000,1,59263,14,normal,0,train
1102,1701258380000000000,1,56713,13,normal,0,train
1102,1701348200000000000,1,61365,14,normal,0,train
1102,1701439580000000000,1,51793,15,normal,0,train
1102,1701522140000000000,1,61919,14,normal,0,train
1102,1701609080000000000,1,60467,14,normal,0,train
1102,1701706220000000000,3,57663,17,legit: late lunch,0,train
1103,1700049500000000000,4,24758,13,normal,0,train
1103,1700135360000000000,2,29066,13,normal,0,train
1103,1700214740000000000,4,24724,11,normal,0,train
1103,1700302760000000000,4,26944,12,normal,0,train
1103,1700393000000000000,4,28656,13,normal,0,train
1103,1700474900000000000,2,28244,11,normal,0,train
1103,1700564480000000000,2,25922,12,normal,0,train
1103,1700561600000000000,4,30278,12,normal,0,train
1103,1700646680000000000,2,26489,11,normal,0,train
1103,1700745320000000000,4,31486,15,legit: late lunch,0,train
1103,1700825720000000000,2,29395,13,normal,0,train
1103,1700908280000000000,4,21898,12,normal,0,train
1103,1700990300000000000,2,31611,11,normal,0,train
1103,1701092060000000000,2,27082,15,legit: late lunch,0,train
1103,1701084260000000000,4,73008,13,legit: team order,0,train
1103,1701170660000000000,4,29252,13,normal,0,train
1103,1701267020000000000,4,31130,15,legit: late lunch,0,train
1103,1701340160000000000,2,32370,12,normal,0,train
1103,1701436520000000000,4,29458,15,legit: late lunch,0,train
1103,1701512600000000000,4,30123,12,normal,0,train
1103,1701512540000000000,4,29159,12,normal,0,train
1103,1701603680000000000,2,25651,13,normal,0,train
1103,1701690260000000000,4,26780,13,normal,0,train
1103,1701775580000000000,2,22395,13,normal,0,train
1104,1700052860000000000,6,50630,14,normal,0,train
1104,1700139860000000000,6,50116,14,normal,0,train
1104,1700223200000000000,2,53233,14,normal,0,train
1104,1700315480000000000,2,53569,15,normal,0,train
1104,1700393660000000000,2,51281,13,normal,0,train
1104,1700398460000000000,2,47703,14,normal,0,train
1104,1700485880000000000,6,50974,14,normal,0,train
1104,1700568260000000000,2,49226,13,normal,0,train
1104,1700658620000000000,2,53025,14,normal,0,train
1104,1700655140000000000,2,54312,13,normal,0,train
1104,1700745320000000000,6,52398,15,normal,0,train
1104,1700829500000000000,2,45833,14,normal,0,train
1104,1700920880000000000,6,45982,15,normal,0,train
1104,1700912240000000000,6,52127,13,normal,0,train
1104,1701002300000000000,6,50511,14,normal,0,train
1104,1701007880000000000,6,46362,15,normal,0,train
1104,1701090020000000000,2,49022,14,normal,0,train
1104,1701187640000000000,6,45231,17,legit: late lunch,0,train
1104,1701209600000000000,6,48407,14,burst,1,train
1104,1701209720000000000,6,48407,14,burst,1,train
1104,1701209840000000000,6,48407,14,burst,1,train
1104,1701209960000000000,6,48407,14,burst,1,train
1104,1701210080000000000,6,48407,14,burst,1,train
1104,1701210200000000000,6,48407,14,burst,1,train
1105,1700053520000000000,2,21131,14,normal,0,train
1105,1700049440000000000,2,21007,13,normal,0,train
1105,1700143160000000000,5,64538,15,legit: team order,0,train
1105,1700230340000000000,5,23286,15,normal,0,train
1105,1700230100000000000,5,19461,15,normal,0,train
1105,1700311280000000000,2,25630,14,normal,0,train
1105,1700401400000000000,2,24723,15,normal,0,train
1105,1700480180000000000,5,64538,13,legit: team order,0,train
1105,1700484980000000000,2,18471,14,normal,0,train
1105,1700569640000000000,5,19882,14,normal,0,train
1105,1700668880000000000,2,26624,17,legit: late lunch,0,train
1105,1700738240000000000,2,17129,13,normal,0,train
1105,1700832800000000000,5,27390,15,normal,0,train
1105,1700920880000000000,2,22635,15,normal,0,train
1105,1701006080000000000,5,21086,15,normal,0,train
1105,1701084860000000000,5,22081,13,normal,0,train
1105,1701173120000000000,2,23233,13,normal,0,train
1105,1701261800000000000,1,16986,14,legit: occasional merchant,0,train
1105,1701349820000000000,2,17713,14,normal,0,train
1105,1701344720000000000,2,23158,13,normal,0,train
1105,1701430580000000000,5,27743,13,normal,0,train
1105,1701433100000000000,2,27366,14,normal,0,train
1105,1701517220000000000,2,24631,13,normal,0,train
1105,1701555200000000000,48,44538,14,new merchant,1,train
1105,1701566000000000000,58,44538,14,new merchant,1,train
1105,1701576800000000000,59,44538,14,new merchant,1,train
1106,1700050820000000000,6,27762,14,normal,0,train
1106,1700141960000000000,6,31358,15,normal,0,train
1106,1700228300000000000,6,23600,15,normal,0,train
1106,1700311340000000000,6,28044,14,normal,0,train
1106,1700392700000000000,5,27389,13,normal,0,train
1106,1700480540000000000,6,28559,13,normal,0,train
1106,1700485700000000000,6,26473,14,normal,0,train
1106,1700571980000000000,5,77644,14,legit: team order,0,train
1106,1700655860000000000,5,28368,14,normal,0,train
1106,1700746040000000000,5,29826,15,normal,0,train
1106,1700828240000000000,5,26175,14,normal,0,train
1106,1700921480000000000,6,34671,15,normal,0,train
1106,1701000860000000000,6,34767,14,normal,0,train
1106,1701087020000000000,6,34269,13,normal,0,train
1106,1701180080000000000,5,25497,15,normal,0,train
1106,1701260420000000000,6,24030,14,normal,0,train
1107,1700044340000000000,5,30228,12,normal,0,train
1107,1700129000000000000,4,32861,11,normal,0,train
1107,1700214140000000000,5,31646,11,normal,0,train
1107,1700215820000000000,4,36290,11,normal,0,train
1107,1700301620000000000,5,35158,11,normal,0,train
1107,1700391200000000000,5,85738,12,legit: team order,0,train
1107,1700479580000000000,4,32491,13,normal,0,train
1107,1700566760000000000,4,35418,13,normal,0,train
1107,1700647160000000000,4,35233,11,normal,0,train
1107,1700648600000000000,5,38516,12,normal,0,train
1107,1700741480000000000,4,31475,13,normal,0,train
1107,1700818220000000000,4,38748,11,normal,0,train
1107,1700904500000000000,5,85738,11,legit: team order,0,train
1107,1700994620000000000,5,28685,12,normal,0,train
1107,1701078680000000000,5,28424,11,normal,0,train
1107,1701164660000000000,4,29578,11,normal,0,train
1107,1701162800000000000,5,37432,11,normal,0,train
1107,1701259340000000000,5,29021,13,normal,0,train
1107,1701350600000000000,5,38088,15,legit: late lunch,0,train
1107,1701427880000000000,5,30051,12,normal,0,train
1108,1700046740000000000,4,26798,12,normal,0,train
1108,1700049680000000000,3,21537,13,normal,0,train
1108,1700134340000000000,4,25238,13,normal,0,train
1108,1700214440000000000,4,26410,11,normal,0,train
1108,1700302880000000000,3,23050,12,normal,0,train
1108,1700389940000000000,3,30259,12,normal,0,train
1108,1700472800000000000,4,22643,11,normal,0,train
1108,1700560820000000000,3,27646,11,normal,0,train
1108,1700649020000000000,4,32145,12,normal,0,train
1108,1700736200000000000,3,24883,12,normal,0,train
1108,1700733560000000000,3,24107,11,normal,0,train
1108,1700819360000000000,3,21854,11,normal,0,train
1108,1700908940000000000,4,25769,12,normal,0,train
1108,1700993480000000000,3,28850,11,normal,0,train
1108,1701083000000000000,4,26362,12,normal,0,train
1109,1700055980000000000,2,104992,15,legit: team order,0,train
1109,1700142800000000000,1,47310,15,normal,0,train
1109,1700227940000000000,2,104992,15,legit: team order,0,train
1109,1700306360000000000,1,44841,13,normal,0,train
1109,1700397380000000000,2,38569,14,normal,0,train
1109,1700487140000000000,1,40182,15,normal,0,train
1109,1700570240000000000,2,40040,14,normal,0,train
1109,1700661380000000000,2,104992,15,legit: team order,0,train
1109,1700747360000000000,2,45824,15,normal,0,train
1109,1700740940000000000,2,41646,13,normal,0,train
1109,1700827160000000000,2,43194,13,normal,0,train
1109,1700919620000000000,2,38015,15,normal,0,train
1109,1700918240000000000,1,41581,15,normal,0,train
1109,1701001700000000000,1,40056,14,normal,0,train
1109,1701091280000000000,2,46543,15,normal,0,train
1109,1701186860000000000,1,41322,17,legit: late lunch,0,train
1109,1701180560000000000,2,45032,15,normal,0,train
1109,1701209600000000000,51,84992,14,new merchant,1,train
1109,1701220400000000000,59,84992,14,new merchant,1,train
1109,1701231200000000000,55,84992,14,new merchant,1,train
1110,1700046260000000000,3,40302,12,normal,0,train
1110,1700138600000000000,2,40787,14,normal,0,train
1110,1700233340000000000,3,50648,16,legit: late lunch,0,train
1110,1700306780000000000,3,44424,13,normal,0,train
1110,1700390180000000000,3,46478,12,normal,0,train
1110,1700480240000000000,2,50152,13,normal,0,train
1110,1700564780000000000,2,42355,12,normal,0,train
1110,1700567780000000000,3,44458,13,normal,0,train
1110,1700656220000000000,2,49104,14,normal,0,train
1110,1700737880000000000,2,41244,12,normal,0,train
1110,1700826620000000000,2,43972,13,normal,0,train
1110,1700915300000000000,3,47636,14,normal,0,train
1110,1700993900000000000,3,39036,12,normal,0,train
1110,1701081560000000000,3,38899,12,normal,0,train
1110,1701171860000000000,2,42098,13,normal,0,train
1110,1701252860000000000,2,46971,12,normal,0,train
1110,1701254480000000000,3,43746,12,normal,0,train
1110,1701342800000000000,3,41646,13,normal,0,train
1110,1701345860000000000,3,40924,13,normal,0,train
1110,1701382400000000000,2,44872,13,burst,1,train
1110,1701382520000000000,2,44872,13,burst,1,train
1110,1701382640000000000,2,44872,13,burst,1,train
1110,1701382760000000000,2,44872,13,burst,1,train
1110,1701382880000000000,2,44872,13,burst,1,train
1110,1701383000000000000,2,44872,13,burst,1,train
1111,1700049980000000000,4,51226,13,normal,0,train
1111,1700128880000000000,5,45741,11,legit: occasional merchant,0,train
1111,1700127320000000000,6,44293,11,normal,0,train
1111,1700229920000000000,4,50858,15,legit: late lunch,0,train
1111,1700305640000000000,4,52253,12,normal,0,train
1111,1700304920000000000,4,43772,12,normal,0,train
1111,1700395100000000000,4,50323,13,normal,0,train
1111,1700481740000000000,6,43827,13,normal,0,train
1111,1700475620000000000,6,41843,12,normal,0,train
1111,1700562980000000000,4,44795,12,normal,0,train
1111,1700647160000000000,4,44439,11,normal,0,train
1111,1700741420000000000,4,41390,13,normal,0,train
1111,1700819840000000000,4,44573,11,normal,0,train
1111,1700910440000000000,6,50020,12,normal,0,train
1111,1700997080000000000,4,50837,12,normal,0,train
1111,1701077960000000000,4,45920,11,normal,0,train
1112,1700048900000000000,5,46513,13,normal,0,train
1112,1700053400000000000,6,51568,14,normal,0,train
1112,1700138360000000000,5,54100,14,normal,0,train
1112,1700230340000000000,5,48415,15,normal,0,train
1112,1700322980000000000,6,50446,17,legit: late lunch,0,train
1112,1700402720000000000,5,49294,15,normal,0,train
1112,1700396300000000000,6,55086,14,normal,0,train
1112,1700488220000000000,5,44541,15,normal,0,train
1112,1700566640000000000,5,47051,13,normal,0,train
1112,1700574680000000000,5,44069,15,normal,0,train
1112,1700656040000000000,6,54614,14,normal,0,train
1112,1700662160000000000,5,52996,15,normal,0,train
1112,1700744000000000000,6,51140,14,normal,0,train
1112,1700742260000000000,5,46734,14,normal,0,train
1112,1700831600000000000,6,44447,15,normal,0,train
1112,1700914640000000000,5,53188,14,normal,0,train
1112,1701002600000000000,5,45747,14,normal,0,train
1112,1701002060000000000,6,50133,14,normal,0,train
1112,1701084140000000000,5,54097,13,normal,0,train
1112,1701176660000000000,5,45104,14,normal,0,train
1112,1701175280000000000,6,51680,14,normal,0,train
1112,1701260900000000000,6,46238,14,normal,0,train
1112,1701353300000000000,5,44234,15,normal,0,train
1112,1701351560000000000,6,47318,15,normal,0,train
1112,1701438500000000000,5,48642,15,normal,0,train
1112,1701523880000000000,6,51037,15,normal,0,train
1112,1701610280000000000,6,52986,15,normal,0,train
1112,1701609440000000000,5,46381,15,normal,0,train
1112,1701689360000000000,5,119138,13,legit: team order,0,train
1112,1701782300000000000,5,52985,15,normal,0,train
1112,1701775700000000000,5,52170,13,normal,0,train
1112,1701814400000000000,59,99138,14,new merchant,1,train
1112,1701825200000000000,40,99138,14,new merchant,1,train
1112,1701836000000000000,53,99138,14,new merchant,1,train
1113,1700050280000000000,2,47927,13,normal,0,train
1113,1700143580000000000,6,38946,15,normal,0,train
1113,1700135180000000000,2,44534,13,normal,0,train
1113,1700223260000000000,2,47400,14,normal,0,train
1113,1700314280000000000,6,37093,15,normal,0,train
1113,1700394020000000000,2,48320,13,normal,0,train
1113,1700484620000000000,4,46141,14,legit: occasional merchant,0,train
1113,1700570300000000000,2,38973,14,normal,0,train
1113,1700657000000000000,6,37151,14,normal,0,train
1113,1700753960000000000,6,37053,17,legit: late lunch,0,train
1113,1700826380000000000,2,47385,13,normal,0,train
1113,1700915840000000000,2,46226,14,normal,0,train
1113,1700999540000000000,6,47692,13,normal,0,train
1113,1700998220000000000,2,44764,13,normal,0,train
1113,1701085880000000000,5,39205,13,legit: occasional merchant,0,train
1113,1701123200000000000,53,86008,14,new merchant,1,train
1113,1701134000000000000,50,86008,14,new merchant,1,train
1113,1701144800000000000,48,86008,14,new merchant,1,train
1114,1700054360000000000,1,61293,15,normal,0,train
1114,1700140280000000000,2,61011,14,normal,0,train
1114,1700224640000000000,3,54053,14,legit: occasional merchant,0,train
1114,1700316620000000000,2,54051,15,normal,0,train
1114,1700314520000000000,2,60568,15,normal,0,train
1114,1700394500000000000,1,55696,13,normal,0,train
1114,1700480720000000000,1,58976,13,normal,0,train
1114,1700482820000000000,2,56354,14,normal,0,train
1114,1700574320000000000,1,59690,15,normal,0,train
1114,1700573240000000000,1,63498,15,normal,0,train
1114,1700660180000000000,1,54760,15,normal,0,train
1114,1700740940000000000,2,58644,13,normal,0,train
1114,1700828540000000000,2,62882,14,normal,0,train
1114,1700912600000000000,1,62030,13,normal,0,train
1114,1700912180000000000,1,55520,13,normal,0,train
1114,1701005540000000000,2,58778,15,normal,0,train
1114,1701003500000000000,2,53565,14,normal,0,train
1114,1701094160000000000,1,54519,15,normal,0,train
1114,1701171860000000000,1,139080,13,legit: team order,0,train
1114,1701266000000000000,2,59736,15,normal,0,train
1114,1701347120000000000,2,64899,14,normal,0,train
1114,1701437180000000000,2,62248,15,normal,0,train
1114,1701430580000000000,2,56670,13,normal,0,train
1114,1701523100000000000,2,63614,15,normal,0,train
1114,1701531680000000000,2,60387,17,legit: late lunch,0,train
1114,1701606560000000000,2,62918,14,normal,0,train
1114,1701688700000000000,4,65185,13,legit: occasional merchant,0,train
1114,1701778700000000000,1,62862,14,normal,0,train
1115,1700052620000000000,5,33128,14,normal,0,train
1115,1700052680000000000,5,36960,14,normal,0,train
1115,1700136260000000000,5,40829,13,normal,0,train
1115,1700220500000000000,5,37666,13,normal,0,train
1115,1700303660000000000,6,40844,12,normal,0,train
1115,1700309180000000000,5,33342,13,normal,0,train
1115,1700393000000000000,5,29533,13,normal,0,train
1115,1700477240000000000,5,36591,12,normal,0,train
1115,1700571320000000000,5,29958,14,normal,0,train
1115,1700655380000000000,1,38204,14,legit: occasional merchant,0,train
1115,1700656160000000000,6,31563,14,normal,0,train
1115,1700741060000000000,5,29419,13,normal,0,train
1115,1700740520000000000,6,30822,13,normal,0,train
1115,1700822540000000000,3,31638,12,legit: occasional merchant,0,train
1115,1700830040000000000,6,90000,14,legit: team order,0,train
1115,1700908640000000000,6,30020,12,normal,0,train
1115,1701000560000000000,5,37136,13,normal,0,train
1115,1701082100000000000,6,34944,12,normal,0,train
1115,1701089120000000000,6,37328,14,normal,0,train
1115,1701171740000000000,6,40506,13,normal,0,train
1115,1701262400000000000,5,34362,14,normal,0,train
1115,1701346160000000000,5,34017,13,normal,0,train
1115,1701342140000000000,5,29944,12,normal,0,train
1115,1701426980000000000,6,29241,12,normal,0,train
1115,1701429560000000000,6,39515,13,normal,0,train
1115,1701512060000000000,5,37696,12,normal,0,train
1115,1701599180000000000,5,37744,12,normal,0,train
1116,1700051360000000000,5,21215,14,normal,0,train
1116,1700136500000000000,5,18068,13,normal,0,train
1116,1700223080000000000,5,22408,13,normal,0,train
1116,1700226080000000000,5,20476,14,normal,0,train
1116,1700309780000000000,5,14012,14,normal,0,train
1116,1700307740000000000,5,14560,13,normal,0,train
1116,1700400980000000000,5,15934,15,normal,0,train
1116,1700397800000000000,5,57634,14,legit: team order,0,train
1116,1700489120000000000,5,24576,15,normal,0,train
1116,1700487080000000000,5,12823,15,normal,0,train
1116,1700572100000000000,5,14717,14,normal,0,train
1116,1700654720000000000,5,18630,13,normal,0,train
1116,1700744240000000000,5,19493,14,normal,0,train
1116,1700840600000000000,5,16857,17,legit: late lunch,0,train
1116,1700830700000000000,5,13031,14,normal,0,train
1116,1700911700000000000,5,17543,13,normal,0,train
1116,1700998400000000000,5,13648,13,normal,0,train
1116,1701084020000000000,5,18397,13,normal,0,train
1116,1701174740000000000,5,22227,14,normal,0,train
1116,1701264800000000000,5,21590,15,normal,0,train
1116,1701346880000000000,5,24722,14,normal,0,train
1116,1701429380000000000,5,16111,13,normal,0,train
1116,1701520880000000000,5,23122,14,normal,0,train
1116,1701525500000000000,5,23371,15,normal,0,train
1117,1700042960000000000,4,33278,11,normal,0,train
1117,1700133920000000000,4,43309,13,normal,0,train
1117,1700216360000000000,1,36010,12,normal,0,train
1117,1700309480000000000,4,37118,13,normal,0,train
1117,1700304740000000000,1,39677,12,normal,0,train
1117,1700391380000000000,1,38514,12,normal,0,train
1117,1700392940000000000,1,41533,13,normal,0,train
1117,1700480840000000000,1,36196,13,normal,0,train
1117,1700480420000000000,4,44347,13,normal,0,train
1117,1700566340000000000,4,35629,13,normal,0,train
1117,1700653700000000000,4,34183,13,normal,0,train
1117,1700736440000000000,1,38843,12,normal,0,train
1117,1700827460000000000,1,41089,13,normal,0,train
1117,1700821700000000000,1,43777,12,normal,0,train
1117,1700905400000000000,4,37517,11,normal,0,train
1117,1700993120000000000,4,41343,11,normal,0,train
1117,1701085940000000000,2,36159,13,legit: occasional merchant,0,train
1117,1701081560000000000,1,44565,12,normal,0,train
1117,1701172100000000000,4,38097,13,normal,0,train
1117,1701266480000000000,1,33840,15,legit: late lunch,0,train
1117,1701343580000000000,4,98100,13,legit: team order,0,train
1117,1701339380000000000,1,37465,12,normal,0,train
1117,1701426560000000000,1,38551,12,normal,0,train
1117,1701512000000000000,1,44308,12,normal,0,train
1117,1701602000000000000,1,38205,13,normal,0,train
1117,1701597920000000000,4,34855,11,normal,0,train
1117,1701689120000000000,1,40487,13,normal,0,train
1117,1701687260000000000,4,43486,12,normal,0,train
1117,1701778040000000000,1,44552,13,normal,0,train
1118,1700055860000000000,4,47528,15,normal,0,train
1118,1700138480000000000,4,47748,14,normal,0,train
1118,1700226440000000000,2,47460,14,normal,0,train
1118,1700314520000000000,2,38468,15,normal,0,train
1118,1700315420000000000,4,47483,15,normal,0,train
1118,1700393360000000000,4,45748,13,normal,0,train
1118,1700480300000000000,4,40778,13,normal,0,train
1118,1700482700000000000,4,38556,14,normal,0,train
1118,1700569640000000000,2,42417,14,normal,0,train
1118,1700655140000000000,2,41239,13,normal,0,train
1118,1700742020000000000,2,42844,14,normal,0,train
1118,1700827400000000000,4,39023,13,normal,0,train
1118,1700911640000000000,2,38493,13,normal,0,train
1118,1700998520000000000,4,40538,13,normal,0,train
1118,1701089300000000000,2,40489,14,normal,0,train
1118,1701091100000000000,2,47808,15,normal,0,train
1118,1701172340000000000,2,40518,13,normal,0,train
1119,1700059400000000000,4,57683,16,legit: late lunch,0,train
1119,1700136560000000000,4,55216,13,normal,0,train
1119,1700219720000000000,4,59878,13,normal,0,train
1119,1700220380000000000,4,53143,13,normal,0,train
1119,1700306600000000000,4,49870,13,normal,0,train
1119,1700393360000000000,4,53552,13,normal,0,train
1119,1700484320000000000,4,58081,14,normal,0,train
1119,1700572160000000000,4,50205,14,normal,0,train
1119,1700657420000000000,1,50885,14,legit: occasional merchant,0,train
1119,1700655260000000000,4,51210,14,normal,0,train
1119,1700749280000000000,4,51866,16,legit: late lunch,0,train
1119,1700824760000000000,4,51679,13,normal,0,train
1119,1700916380000000000,4,60994,14,normal,0,train
1119,1701002600000000000,4,52396,14,normal,0,train
1119,1701085580000000000,4,60014,13,normal,0,train
1119,1701176480000000000,4,58837,14,normal,0,train
1119,1701260540000000000,4,60844,14,normal,0,train
1119,1701346880000000000,4,51116,14,normal,0,train
1119,1701344660000000000,4,50708,13,normal,0,train
1119,1701426320000000000,4,50332,12,normal,0,train
1119,1701528740000000000,5,56848,16,legit: occasional merchant,0,train
1119,1701512420000000000,4,54009,12,normal,0,train
1119,1701607820000000000,4,56945,14,normal,0,train
1119,1701605780000000000,4,51325,14,normal,0,train
1119,1701691280000000000,4,51822,13,normal,0,train
1119,1701786200000000000,4,58619,16,legit: late lunch,0,train
1120,1700046920000000000,6,24239,13,legit: occasional merchant,0,train
1120,1700138420000000000,3,22576,14,normal,0,train
1120,1700222900000000000,3,28886,13,normal,0,train
1120,1700310560000000000,5,24666,14,normal,0,train
1120,1700394740000000000,5,26383,13,normal,0,train
1120,1700480300000000000,5,29153,13,normal,0,train
1120,1700571740000000000,5,21733,14,normal,0,train
1120,1700649560000000000,3,22387,12,normal,0,train
1120,1700742800000000000,5,31210,14,normal,0,train
1120,1700830940000000000,5,32980,14,normal,0,train
1120,1700911280000000000,5,24325,13,normal,0,train
1120,1700914640000000000,5,25891,14,normal,0,train
1120,1701002300000000000,6,31186,14,legit: occasional merchant,0,train
1120,1701081080000000000,3,32635,12,normal,0,train
1120,1701166700000000000,3,29332,12,normal,0,train
1120,1701176900000000000,5,23967,14,normal,0,train
1120,1701256220000000000,5,28492,12,normal,0,train
1120,1701263240000000000,3,31185,14,normal,0,train
1121,1700044400000000000,4,40421,12,normal,0,train
1121,1700045480000000000,4,39959,12,normal,0,train
1121,1700133800000000000,4,44432,13,normal,0,train
1121,1700131160000000000,1,42123,12,normal,0,train
1121,1700216360000000000,4,43812,12,normal,0,train
1121,1700304020000000000,1,111298,12,legit: team order,0,train
1121,1700392100000000000,1,42059,12,normal,0,train
1121,1700479520000000000,1,40266,13,normal,0,train
1121,1700476340000000000,4,44534,12,normal,0,train
1121,1700564120000000000,1,46700,12,normal,0,train
1121,1700564180000000000,1,41991,12,normal,0,train
1121,1700655740000000000,1,42673,14,normal,0,train
1121,1700752220000000000,4,45251,16,legit: late lunch,0,train
1121,1700827700000000000,1,40187,13,normal,0,train
1121,1700908760000000000,3,42299,12,legit: occasional merchant,0,train
1121,1700997020000000000,1,42094,12,normal,0,train
1121,1701084680000000000,4,40411,13,normal,0,train
1121,1701170360000000000,1,44860,13,normal,0,train
1121,1701175400000000000,1,39744,14,normal,0,train
1121,1701258140000000000,4,46139,13,normal,0,train
1121,1701256400000000000,1,48638,13,normal,0,train
1121,1701341900000000000,1,51006,12,normal,0,train
1121,1701382400000000000,1,45649,13,burst,1,train
1121,1701382520000000000,1,45649,13,burst,1,train
1121,1701382640000000000,1,45649,13,burst,1,train
1121,1701382760000000000,1,45649,13,burst,1,train
1121,1701382880000000000,1,45649,13,burst,1,train
1121,1701383000000000000,1,45649,13,burst,1,train
1122,1700040320000000000,5,20174,11,normal,0,train
1122,1700127200000000000,5,23260,11,normal,0,train
1122,1700221940000000000,2,17565,13,normal,0,train
1122,1700220560000000000,5,22355,13,normal,0,train
1122,1700308580000000000,2,20553,13,normal,0,train
1122,1700389520000000000,5,18848,12,normal,0,train
1122,1700481440000000000,2,18160,13,normal,0,train
1122,1700479760000000000,2,16380,13,normal,0,train
1122,1700565860000000000,2,18638,13,normal,0,train
1122,1700647460000000000,2,23873,11,normal,0,train
1122,1700734640000000000,5,24288,12,normal,0,train
1122,1700818280000000000,2,63896,11,legit: team order,0,train
1122,1700913140000000000,5,20891,13,normal,0,train
1122,1700997140000000000,2,26799,12,normal,0,train
1122,1700993360000000000,2,16184,11,normal,0,train
1122,1701086420000000000,5,18429,13,normal,0,train
1122,1701169880000000000,2,19860,12,normal,0,train
1122,1701164480000000000,5,23992,11,normal,0,train
1123,1700042660000000000,2,26442,11,normal,0,train
1123,1700133680000000000,6,29401,13,normal,0,train
1123,1700219480000000000,6,31430,12,normal,0,train
1123,1700219540000000000,6,30868,12,normal,0,train
1123,1700305940000000000,6,32984,12,normal,0,train
1123,1700308340000000000,6,35422,13,normal,0,train
1123,1700395220000000000,2,30169,13,normal,0,train
1123,1700473640000000000,6,33250,11,normal,0,train
1123,1700475200000000000,2,25317,12,normal,0,train
1123,1700568260000000000,6,33023,13,normal,0,train
1123,1700565620000000000,2,27139,13,normal,0,train
1123,1700649140000000000,6,79130,12,legit: team order,0,train
1123,1700660540000000000,2,34113,15,legit: late lunch,0,train
1123,1700731040000000000,6,28273,11,normal,0,train
1123,1700822420000000000,2,35411,12,normal,0,train
1123,1700913500000000000,6,26689,13,normal,0,train
1123,1700993180000000000,6,25631,11,normal,0,train
1123,1700994620000000000,2,27567,12,normal,0,train
1123,1701083960000000000,6,33258,13,normal,0,train
1123,1701166040000000000,2,29545,11,normal,0,train
1123,1701257180000000000,6,32564,13,normal,0,train
1123,1701343520000000000,2,30666,13,normal,0,train
1123,1701424040000000000,6,24956,11,normal,0,train
1123,1701429980000000000,2,29179,13,normal,0,train
1124,1700051060000000000,2,22445,14,normal,0,train
1124,1700134040000000000,3,18197,13,normal,0,train
1124,1700224220000000000,3,26369,14,normal,0,train
1124,1700224940000000000,2,25148,14,normal,0,train
1124,1700315180000000000,3,26508,15,normal,0,train
1124,1700316500000000000,2,18383,15,normal,0,train
1124,1700401760000000000,2,22440,15,normal,0,train
1124,1700486420000000000,2,19122,15,normal,0,train
1124,1700571080000000000,2,20338,14,normal,0,train
1124,1700655800000000000,2,21783,14,normal,0,train
1124,1700745620000000000,2,68252,15,legit: team order,0,train
1124,1700828000000000000,2,21260,14,normal,0,train
1124,1700911700000000000,3,25169,13,normal,0,train
1124,1701002900000000000,3,18864,14,normal,0,train
1124,1701086180000000000,3,68252,13,legit: team order,0,train
1124,1701176780000000000,2,19069,14,normal,0,train
1124,1701264080000000000,3,22109,15,normal,0,train
1124,1701352400000000000,3,18622,15,normal,0,train
1124,1701353000000000000,3,18408,15,normal,0,train
1124,1701436040000000000,2,20247,14,normal,0,train
1124,1701517280000000000,2,23370,13,normal,0,train
1124,1701517580000000000,2,27611,13,normal,0,train
1124,1701611240000000000,3,27970,15,normal,0,train
1124,1701607160000000000,2,18174,14,normal,0,train
1125,1700053520000000000,4,32419,14,normal,0,train
1125,1700138660000000000,4,39327,14,normal,0,train
1125,1700226500000000000,5,29875,14,normal,0,train
1125,1700322140000000000,4,36181,17,legit: late lunch,0,train
1125,1700392940000000000,4,35398,13,normal,0,train
1125,1700479640000000000,5,29222,13,normal,0,train
1125,1700569400000000000,4,38266,14,normal,0,train
1125,1700571380000000000,5,36259,14,normal,0,train
1125,1700660060000000000,4,31316,15,normal,0,train
1125,1700651720000000000,4,31533,13,normal,0,train
1125,1700754080000000000,5,33447,17,legit: late lunch,0,train
1125,1700828840000000000,5,37043,14,normal,0,train
1125,1700914160000000000,5,29302,13,normal,0,train
1125,1701002480000000000,5,33517,14,normal,0,train
1125,1701086120000000000,4,34301,13,normal,0,train
1125,1701177920000000000,4,29838,15,normal,0,train
1125,1701265460000000000,4,38015,15,normal,0,train
1126,1700047280000000000,4,55859,13,normal,0,train
1126,1700137400000000000,4,50799,14,normal,0,train
1126,1700217740000000000,5,52739,12,normal,0,train
1126,1700311280000000000,4,54157,14,normal,0,train
1126,1700395400000000000,4,49832,13,normal,0,train
1126,1700475860000000000,5,50996,12,normal,0,train
1126,1700565680000000000,5,48095,13,normal,0,train
1126,1700656580000000000,4,52878,14,normal,0,train
1126,1700736140000000000,4,55175,12,normal,0,train
1126,1700822180000000000,4,52951,12,normal,0,train
1126,1700914460000000000,5,51272,14,normal,0,train
1126,1701010640000000000,2,45280,16,legit: occasional merchant,0,train
1126,1701090560000000000,4,55467,14,normal,0,train
1126,1701090560000000000,4,56778,14,normal,0,train
1126,1701180800000000000,5,50787,16,legit: late lunch,0,train
1126,1701270740000000000,5,52660,16,legit: late lunch,0,train
1126,1701349520000000000,5,49130,14,normal,0,train
1126,1701429140000000000,5,55955,12,normal,0,train
1126,1701479600000000000,5,51020,3,odd hour,1,train
1126,1701566000000000000,5,51020,3,odd hour,1,train
1127,1700049920000000000,2,54440,13,normal,0,train
1127,1700132420000000000,2,53423,12,normal,0,train
1127,1700126960000000000,2,56689,11,normal,0,train
1127,1700219420000000000,2,55598,12,normal,0,train
1127,1700299280000000000,2,48626,11,normal,0,train
1127,1700390600000000000,2,51784,12,normal,0,train
1127,1700476580000000000,2,54966,12,normal,0,train
1127,1700567180000000000,2,56659,13,normal,0,train
1127,1700562320000000000,2,55287,12,normal,0,train
1127,1700648660000000000,2,54498,12,normal,0,train
1127,1700732360000000000,2,54710,11,normal,0,train
1127,1700827040000000000,2,122002,13,legit: team order,0,train
1127,1700910440000000000,2,122002,12,legit: team order,0,train
1127,1701005840000000000,2,122002,15,legit: team order,0,train
1127,1701085820000000000,2,55286,13,normal,0,train
1127,1701164600000000000,2,56663,11,normal,0,train
1127,1701249200000000000,2,46402,11,normal,0,train
1127,1701258860000000000,2,51776,13,normal,0,train
1127,1701343700000000000,2,47516,13,normal,0,train
1127,1701393200000000000,2,51001,3,odd hour,1,train
1127,1701479600000000000,2,51001,3,odd hour,1,train
1128,1700051540000000000,6,32532,14,normal,0,train
1128,1700134340000000000,4,38644,13,normal,0,train
1128,1700220260000000000,4,34008,13,normal,0,train
1128,1700304800000000000,4,30673,12,normal,0,train
1128,1700311760000000000,6,35645,14,normal,0,train
1128,1700394620000000000,6,32496,13,normal,0,train
1128,1700479100000000000,4,36958,13,normal,0,train
1128,1700563520000000000,6,37131,12,normal,0,train
1128,1700651000000000000,4,38301,12,normal,0,train
1128,1700743220000000000,4,41560,14,normal,0,train
1128,1700824640000000000,4,38603,13,normal,0,train
1128,1700907680000000000,6,30947,12,normal,0,train
1128,1701011420000000000,4,36806,16,legit: late lunch,0,train
1128,1701086360000000000,6,32798,13,normal,0,train
1128,1701170900000000000,4,35436,13,normal,0,train
1128,1701257300000000000,6,34444,13,normal,0,train
1128,1701343580000000000,6,38180,13,normal,0,train
1128,1701434780000000000,4,37841,14,normal,0,train
1128,1701519920000000000,6,32031,14,normal,0,train
1128,1701606020000000000,5,36535,14,legit: occasional merchant,0,train
1128,1701642800000000000,4,109053,13,spend spike,1,train
1128,1701644000000000000,4,145404,13,spend spike,1,train
1128,1701645200000000000,4,181755,13,spend spike,1,train
1129,1700047580000000000,1,41610,13,normal,0,train
1129,1700127140000000000,1,47811,11,normal,0,train
1129,1700214920000000000,1,46539,11,normal,0,train
1129,1700214920000000000,1,49157,11,normal,0,train
1129,1700303780000000000,5,44587,12,normal,0,train
1129,1700302040000000000,5,43628,11,normal,0,train
1129,1700386640000000000,5,42962,11,normal,0,train
1129,1700476820000000000,5,47359,12,normal,0,train
1129,1700479040000000000,5,39829,13,normal,0,train
1129,1700559140000000000,5,47302,11,normal,0,train
1129,1700644940000000000,1,41613,11,normal,0,train
1129,1700732660000000000,5,45149,11,normal,0,train
1129,1700822780000000000,5,47256,12,normal,0,train
1129,1700909720000000000,1,41667,12,normal,0,train
1129,1700921240000000000,5,46961,15,legit: late lunch,0,train
1129,1700992640000000000,1,47290,11,normal,0,train
1129,1701083420000000000,5,41854,12,normal,0,train
1129,1701170480000000000,5,41486,13,normal,0,train
1129,1701168320000000000,5,49398,12,normal,0,train
1129,1701259280000000000,1,46022,13,normal,0,train
1129,1701258380000000000,5,42153,13,normal,0,train
1129,1701342980000000000,5,45261,13,normal,0,train
1129,1701337820000000000,1,46490,11,normal,0,train
1129,1701438200000000000,5,40949,15,legit: late lunch,0,train
1129,1701510380000000000,1,48535,11,normal,0,train
1129,1701600020000000000,1,46724,12,normal,0,train
1129,1701601340000000000,5,41473,12,normal,0,train
1130,1700048000000000000,5,56248,13,normal,0,train
1130,1700046800000000000,4,60507,13,legit: occasional merchant,0,train
1130,1700126600000000000,5,53494,11,normal,0,train
1130,1700219840000000000,2,130792,13,legit: team order,0,train
1130,1700304980000000000,5,60623,12,normal,0,train
1130,1700307380000000000,2,56245,13,normal,0,train
1130,1700387000000000000,2,50718,11,normal,0,train
1130,1700481140000000000,5,49848,13,normal,0,train
1130,1700480720000000000,2,55451,13,normal,0,train
1130,1700560940000000000,2,54937,11,normal,0,train
1130,1700568500000000000,2,58438,13,normal,0,train
1130,1700647520000000000,5,55090,11,normal,0,train
1130,1700732240000000000,5,59014,11,normal,0,train
1130,1700822780000000000,5,56267,12,normal,0,train
1130,1700823620000000000,5,60512,12,normal,0,train
1130,1700911580000000000,5,57071,13,normal,0,train
1130,1700997020000000000,2,54314,12,normal,0,train
1130,1701080060000000000,5,50464,12,normal,0,train
1130,1701171200000000000,5,54024,13,normal,0,train
1130,1701170420000000000,5,55759,13,normal,0,train
1131,1700041340000000000,1,47135,11,normal,0,train
1131,1700132060000000000,6,50924,12,normal,0,train
1131,1700131100000000000,1,56758,12,normal,0,train
1131,1700221520000000000,6,52530,13,normal,0,train
1131,1700307020000000000,6,122518,13,legit: team order,0,train
1131,1700399900000000000,1,48538,15,legit: late lunch,0,train
1131,1700474540000000000,6,48858,11,normal,0,train
1131,1700562500000000000,1,54198,12,normal,0,train
1131,1700648840000000000,6,122518,12,legit: team order,0,train
1131,1700736080000000000,1,48636,12,normal,0,train
1131,1700817800000000000,1,51104,11,normal,0,train
1131,1700832680000000000,1,46503,15,legit: late lunch,0,train
1131,1700918180000000000,1,47834,15,legit: late lunch,0,train
1131,1700912420000000000,6,49997,13,normal,0,train
1131,1700992880000000000,6,49434,11,normal,0,train
1131,1701079640000000000,6,47683,11,normal,0,train
1131,1701134000000000000,1,51259,3,odd hour,1,train
1131,1701220400000000000,1,51259,3,odd hour,1,train
1132,1700041820000000000,4,64832,11,normal,0,train
1132,1700127620000000000,4,59608,11,normal,0,train
1132,1700131760000000000,4,63908,12,normal,0,train
1132,1700221700000000000,4,63971,13,normal,0,train
1132,1700308700000000000,5,63250,13,normal,0,train
1132,1700307860000000000,4,64480,13,normal,0,train
1132,1700388560000000000,5,64963,11,normal,0,train
1132,1700395580000000000,5,58601,13,normal,0,train
1132,1700480240000000000,4,55303,13,normal,0,train
1132,1700564600000000000,4,54174,12,normal,0,train
1132,1700647640000000000,5,55246,11,normal,0,train
1132,1700654900000000000,4,63134,13,normal,0,train
1132,1700739980000000000,5,61267,13,normal,0,train
1132,1700733800000000000,5,58410,11,normal,0,train
1132,1700822240000000000,4,65581,12,normal,0,train
1132,1700827760000000000,4,63009,13,normal,0,train
1132,1700907320000000000,4,64082,12,normal,0,train
1132,1700907800000000000,4,55192,12,normal,0,train
1132,1700992880000000000,5,63970,11,normal,0,train
1132,1700996060000000000,4,65149,12,normal,0,train
1132,1701078740000000000,5,57276,11,normal,0,train
1132,1701173360000000000,4,62288,13,normal,0,train
1132,1701252440000000000,5,56752,11,normal,0,train
1132,1701341120000000000,5,63226,12,normal,0,train
1132,1701426320000000000,3,56383,12,legit: occasional merchant,0,train
1132,1701422480000000000,4,59284,11,normal,0,train
1132,1701509000000000000,4,59793,11,normal,0,train
1132,1701599060000000000,4,54155,12,normal,0,train
1133,1700039720000000000,2,20479,11,normal,0,test
1133,1700132660000000000,2,21492,12,normal,0,test
1133,1700216840000000000,4,19846,12,normal,0,test
1133,1700298860000000000,6,23420,11,legit: occasional merchant,0,test
1133,1700308940000000000,4,29299,13,normal,0,test
1133,1700386100000000000,2,17920,11,normal,0,test
1133,1700480840000000000,2,23269,13,normal,0,test
1133,1700573900000000000,2,19446,15,legit: late lunch,0,test
1133,1700562380000000000,6,25002,12,legit: occasional merchant,0,test
1133,1700650820000000000,5,18250,12,legit: occasional merchant,0,test
1133,1700654900000000000,4,18941,13,normal,0,test
1133,1700734640000000000,4,20984,12,normal,0,test
1133,1700822180000000000,2,17971,12,normal,0,test
1133,1700908220000000000,4,21114,12,normal,0,test
1133,1700997140000000000,4,24949,12,normal,0,test
1133,1701078380000000000,1,29527,11,legit: occasional merchant,0,test
1133,1701082400000000000,4,19202,12,normal,0,test
1133,1701180740000000000,4,23533,15,legit: late lunch,0,test
1133,1701253460000000000,2,24141,12,normal,0,test
1133,1701350840000000000,4,28978,15,legit: late lunch,0,test
1133,1701427760000000000,2,19279,12,normal,0,test
1133,1701509600000000000,4,27880,11,normal,0,test
1134,1700040200000000000,3,40187,11,normal,0,test
1134,1700134160000000000,6,33414,13,legit: occasional merchant,0,test
1134,1700216360000000000,4,42680,12,normal,0,test
1134,1700301800000000000,4,42667,11,normal,0,test
1134,1700394860000000000,4,42086,13,normal,0,test
1134,1700389160000000000,3,33387,12,normal,0,test
1134,1700481980000000000,6,33378,13,legit: occasional merchant,0,test
1134,1700488160000000000,4,41327,15,legit: late lunch,0,test
1134,1700562920000000000,3,31892,12,normal,0,test
1134,1700650340000000000,4,42406,12,normal,0,test
1134,1700651240000000000,4,41948,12,normal,0,test
1134,1700732180000000000,3,94318,11,legit: team order,0,test
1134,1700817980000000000,4,42119,11,normal,0,test
1134,1700826620000000000,4,38438,13,normal,0,test
1134,1700909240000000000,4,40008,12,normal,0,test
1134,1700990480000000000,4,41153,11,normal,0,test
1134,1701085040000000000,3,40959,13,normal,0,test
1135,1700048840000000000,3,45246,13,normal,0,test
1135,1700131040000000000,3,34902,12,normal,0,test
1135,1700217620000000000,3,34634,12,normal,0,test
1135,1700217680000000000,1,41927,12,normal,0,test
1135,1700310380000000000,1,37830,14,normal,0,test
1135,1700396600000000000,3,39007,14,normal,0,test
1135,1700478320000000000,3,45630,12,normal,0,test
1135,1700566100000000000,1,36238,13,normal,0,test
1135,1700652920000000000,1,34683,13,normal,0,test
1135,1700737400000000000,1,45167,12,normal,0,test
1135,1700821400000000000,1,37565,12,normal,0,test
1135,1700917760000000000,3,34335,14,normal,0,test
1135,1700917760000000000,1,34162,14,normal,0,test
1135,1701004220000000000,1,45574,14,normal,0,test
1135,1700997560000000000,3,34378,13,normal,0,test
1135,1701096320000000000,1,43409,16,legit: late lunch,0,test
1135,1701171020000000000,3,39665,13,normal,0,test
1135,1701170600000000000,3,41198,13,normal,0,test
1135,1701255680000000000,1,36485,12,normal,0,test
1135,1701256520000000000,1,38885,13,normal,0,test
1135,1701342140000000000,1,44869,12,normal,0,test
1136,1700048840000000000,5,21893,13,normal,0,test
1136,1700139800000000000,5,63188,14,legit: team order,0,test
1136,1700221160000000000,5,26707,13,normal,0,test
1136,1700310380000000000,5,16026,14,normal,0,test
1136,1700395940000000000,5,63188,13,legit: team order,0,test
1136,1700478200000000000,3,24603,12,normal,0,test
1136,1700567360000000000,5,17007,13,normal,0,test
1136,1700656220000000000,5,21398,14,normal,0,test
1136,1700739080000000000,5,17104,13,normal,0,test
1136,1700738420000000000,5,25121,13,normal,0,test
1136,1700823380000000000,3,63188,12,legit: team order,0,test
1136,1700827640000000000,3,63188,13,legit: team order,0,test
1136,1700910860000000000,3,24612,13,normal,0,test
1136,1701002540000000000,3,15613,14,normal,0,test
1136,1701085040000000000,3,24543,13,normal,0,test
1136,1701172340000000000,5,16177,13,normal,0,test
1136,1701172040000000000,3,20716,13,normal,0,test
1136,1701261800000000000,3,27285,14,normal,0,test
1136,1701345080000000000,5,21478,13,normal,0,test
1136,1701426980000000000,5,20977,12,normal,0,test
1136,1701518960000000000,3,20143,13,normal,0,test
1136,1701566000000000000,5,21594,3,odd hour,1,test
1136,1701652400000000000,5,21594,3,odd hour,1,test
1137,1700043860000000000,5,45710,12,normal,0,test
1137,1700137100000000000,5,45298,14,normal,0,test
1137,1700219300000000000,5,50635,12,normal,0,test
1137,1700217740000000000,2,45345,12,normal,0,test
1137,1700305640000000000,2,43661,12,normal,0,test
1137,1700396060000000000,2,45040,14,normal,0,test
1137,1700484860000000000,2,41366,14,normal,0,test
1137,1700562080000000000,2,49674,12,normal,0,test
1137,1700652440000000000,2,40459,13,normal,0,test
1137,1700736200000000000,2,41618,12,normal,0,test
1137,1700829080000000000,2,41426,14,normal,0,test
1137,1700915600000000000,5,50347,14,normal,0,test
1137,1700995040000000000,5,45697,12,normal,0,test
1137,1701085580000000000,5,41167,13,normal,0,test
1137,1701084140000000000,2,41627,13,normal,0,test
1138,1700047820000000000,2,25374,13,legit: occasional merchant,0,test
1138,1700136800000000000,2,31865,14,normal,0,test
1138,1700217500000000000,2,32142,12,normal,0,test
1138,1700312660000000000,2,27360,14,normal,0,test
1138,1700305460000000000,5,26841,12,normal,0,test
1138,1700406620000000000,2,32775,16,legit: late lunch,0,test
1138,1700481860000000000,5,24345,13,normal,0,test
1138,1700565980000000000,2,29320,13,normal,0,test
1138,1700653460000000000,2,33621,13,normal,0,test
1138,1700741480000000000,5,29023,13,normal,0,test
1138,1700826680000000000,2,22164,13,normal,0,test
1138,1700916500000000000,5,30945,14,normal,0,test
1138,1700912060000000000,2,31801,13,normal,0,test
1138,1700997740000000000,2,25704,13,normal,0,test
1138,1701084140000000000,5,32207,13,normal,0,test
1138,1701084020000000000,2,23353,13,normal,0,test
1138,1701171860000000000,5,30915,13,normal,0,test
1138,1701260300000000000,2,31489,14,normal,0,test
1138,1701344120000000000,2,33444,13,normal,0,test
1138,1701427520000000000,5,28684,12,normal,0,test
1138,1701517460000000000,5,25289,13,normal,0,test
1138,1701608480000000000,2,25308,14,normal,0,test
1138,1701604580000000000,2,27835,13,normal,0,test
1138,1701693800000000000,2,31607,14,normal,0,test
1138,1701779360000000000,2,33113,14,normal,0,test
1139,1700043680000000000,2,22245,12,normal,0,test
1139,1700138240000000000,4,24985,14,normal,0,test
1139,1700218580000000000,4,65398,12,legit: team order,0,test
1139,1700305040000000000,4,20544,12,normal,0,test
1139,1700394920000000000,2,28434,13,normal,0,test
1139,1700481920000000000,4,18749,13,normal,0,test
1139,1700563340000000000,4,26034,12,normal,0,test
1139,1700651840000000000,4,17059,13,normal,0,test
1139,1700736320000000000,4,26182,12,normal,0,test
1139,1700823560000000000,4,22605,12,normal,0,test
1139,1700916020000000000,4,27935,14,normal,0,test
1139,1700998160000000000,2,20404,13,normal,0,test
1139,1701097160000000000,2,24575,16,legit: late lunch,0,test
1139,1701081800000000000,2,19934,12,normal,0,test
1139,1701166640000000000,4,19208,12,normal,0,test
1139,1701259940000000000,4,27571,13,normal,0,test
1139,1701340700000000000,2,18458,12,normal,0,test
1139,1701347000000000000,2,26056,14,normal,0,test
1139,1701435080000000000,2,28548,14,normal,0,test
1139,1701516140000000000,2,21521,13,normal,0,test
1139,1701513740000000000,4,25229,12,normal,0,test
1140,1700052080000000000,2,9774,14,normal,0,test
1140,1700131280000000000,1,20098,12,normal,0,test
1140,1700222180000000000,2,16234,13,normal,0,test
1140,1700307440000000000,1,16154,13,normal,0,test
1140,1700304020000000000,2,51434,12,legit: team order,0,test
1140,1700389700000000000,2,19740,12,normal,0,test
1140,1700483840000000000,2,11862,14,normal,0,test
1140,1700478080000000000,2,13238,12,normal,0,test
1140,1700562920000000000,2,9925,12,normal,0,test
1140,1700652860000000000,1,17204,13,normal,0,test
1140,1700650280000000000,2,14890,12,normal,0,test
1140,1700740340000000000,2,16643,13,normal,0,test
1140,1700750840000000000,2,21369,16,legit: late lunch,0,test
1140,1700824760000000000,1,20538,13,normal,0,test
1140,1700911220000000000,1,17763,13,normal,0,test
1140,1701002180000000000,2,17725,14,normal,0,test
1140,1700997920000000000,1,11829,13,normal,0,test
1140,1701082940000000000,2,11636,12,normal,0,test
1140,1701175760000000000,2,21557,14,normal,0,test
1140,1701262280000000000,2,11392,14,normal,0,test
1141,1700043080000000000,3,51984,11,normal,0,test
1141,1700132360000000000,6,44028,12,normal,0,test
1141,1700222000000000000,3,53910,13,normal,0,test
1141,1700303660000000000,6,43476,12,normal,0,test
1141,1700387780000000000,6,45444,11,normal,0,test
1141,1700394800000000000,6,44589,13,normal,0,test
1141,1700475740000000000,6,43413,12,normal,0,test
1141,1700482160000000000,6,54088,13,normal,0,test
1141,1700567420000000000,6,47670,13,normal,0,test
1141,1700650220000000000,3,52292,12,normal,0,test
1141,1700652500000000000,3,47829,13,normal,0,test
1141,1700739680000000000,6,51574,13,normal,0,test
1141,1700827340000000000,6,53370,13,normal,0,test
1141,1700910200000000000,6,54702,12,normal,0,test
1141,1700996240000000000,6,118494,12,legit: team order,0,test
1141,1701084800000000000,3,49009,13,normal,0,test
1141,1701167600000000000,3,44733,12,normal,0,test
1141,1701255380000000000,3,51628,12,normal,0,test
1142,1700049080000000000,4,40120,13,normal,0,test
1142,1700130620000000000,6,43722,12,normal,0,test
1142,1700141480000000000,6,38994,15,legit: late lunch,0,test
1142,1700216300000000000,3,48074,12,legit: occasional merchant,0,test
1142,1700305940000000000,4,41120,12,normal,0,test
1142,1700392640000000000,4,45718,13,normal,0,test
1142,1700473760000000000,6,41897,11,normal,0,test
1142,1700560160000000000,4,37798,11,normal,0,test
1142,1700646620000000000,4,39240,11,normal,0,test
1142,1700732720000000000,6,45792,11,normal,0,test
1142,1700823320000000000,6,40599,12,normal,0,test
1142,1700908220000000000,4,44253,12,normal,0,test
1142,1700992340000000000,4,45931,11,normal,0,test
1142,1701000740000000000,6,40840,13,normal,0,test
1142,1701091820000000000,6,43347,15,legit: late lunch,0,test
1142,1701123200000000000,6,43129,12,burst,1,test
1142,1701123320000000000,6,43129,12,burst,1,test
1142,1701123440000000000,6,43129,12,burst,1,test
1142,1701123560000000000,6,43129,12,burst,1,test
1142,1701123680000000000,6,43129,12,burst,1,test
1142,1701123800000000000,6,43129,12,burst,1,test
1143,1700047400000000000,5,26842,13,normal,0,test
1143,1700132300000000000,5,29521,12,normal,0,test
1143,1700212880000000000,5,36128,11,normal,0,test
1143,1700300600000000000,5,32999,11,normal,0,test
1143,1700300240000000000,5,36115,11,normal,0,test
1143,1700400200000000000,5,32110,15,legit: late lunch,0,test
1143,1700472260000000000,5,29107,11,normal,0,test
1143,1700475020000000000,5,29536,11,normal,0,test
1143,1700562080000000000,5,29500,12,normal,0,test
1143,1700647400000000000,5,26243,11,normal,0,test
1143,1700737400000000000,5,25460,12,normal,0,test
1143,1700823680000000000,5,35266,12,normal,0,test
1143,1700827820000000000,5,33373,13,normal,0,test
1143,1700905160000000000,5,25448,11,normal,0,test
1143,1701000020000000000,5,29973,13,normal,0,test
1143,1701078320000000000,5,29503,11,normal,0,test
1143,1701167960000000000,5,31612,12,normal,0,test
1143,1701263720000000000,5,32294,15,legit: late lunch,0,test
1143,1701296000000000000,41,60506,12,new merchant,1,test
1143,1701306800000000000,41,60506,12,new merchant,1,test
1143,1701317600000000000,58,60506,12,new merchant,1,test
1144,1700043080000000000,5,52692,11,normal,0,test
1144,1700132900000000000,4,48142,12,normal,0,test
1144,1700214860000000000,4,53640,11,normal,0,test
1144,1700304560000000000,5,45721,12,normal,0,test
1144,1700391440000000000,5,48488,12,normal,0,test
1144,1700487200000000000,5,50423,15,legit: late lunch,0,test
1144,1700475980000000000,4,53968,12,normal,0,test
1144,1700567660000000000,4,47580,13,normal,0,test
1144,1700650160000000000,5,50465,12,normal,0,test
1144,1700739860000000000,5,53807,13,normal,0,test
1144,1700823260000000000,5,51251,12,normal,0,test
1144,1700910740000000000,4,47369,12,normal,0,test
1144,1700990600000000000,5,49229,11,normal,0,test
1144,1700992340000000000,5,50176,11,normal,0,test
1144,1701076460000000000,4,49921,11,normal,0,test
1144,1701080840000000000,5,43426,12,normal,0,test
1144,1701164300000000000,4,49411,11,normal,0,test
1144,1701165560000000000,4,49137,11,normal,0,test
1144,1701254120000000000,4,46067,12,normal,0,test
1144,1701352400000000000,5,49546,15,legit: late lunch,0,test
1144,1701431240000000000,4,52590,13,normal,0,test
1144,1701518120000000000,4,50508,13,normal,0,test
1144,1701595280000000000,5,50541,11,normal,0,test
1144,1701681920000000000,5,44094,11,normal,0,test
1145,1700050220000000000,5,19406,13,normal,0,test
1145,1700056040000000000,5,22492,15,normal,0,test
1145,1700149100000000000,5,63480,17,legit: team order,0,test
1145,1700220500000000000,5,27530,13,normal,0,test
1145,1700306480000000000,5,17255,13,normal,0,test
1145,1700393240000000000,5,20650,13,normal,0,test
1145,1700401340000000000,5,21554,15,normal,0,test
1145,1700494700000000000,5,17248,17,legit: late lunch,0,test
1145,1700567840000000000,5,23617,13,normal,0,test
1145,1700669360000000000,5,15916,17,legit: late lunch,0,test
1145,1700747780000000000,5,19619,15,normal,0,test
1145,1700827460000000000,5,25066,13,normal,0,test
1145,1700918540000000000,5,25551,15,legit: occasional merchant,0,test
1145,1701007880000000000,5,19476,15,normal,0,test
1145,1701087860000000000,5,26668,14,normal,0,test
1145,1701175760000000000,5,25070,14,normal,0,test
1145,1701175160000000000,5,20232,14,normal,0,test
1145,1701265940000000000,5,26985,15,normal,0,test
1145,1701353360000000000,5,16615,15,normal,0,test
1145,1701434660000000000,5,18118,14,normal,0,test
1145,1701430760000000000,5,20328,13,normal,0,test
1145,1701533060000000000,5,19054,17,legit: late lunch,0,test
1145,1701609320000000000,5,25986,15,normal,0,test
1145,1701608180000000000,5,17929,14,normal,0,test
1145,1701692360000000000,5,17797,14,normal,0,test
1145,1701774860000000000,5,22522,13,normal,0,test
1145,1701784100000000000,1,63480,15,legit: occasional merchant,0,test
1146,1700047640000000000,4,46906,13,normal,0,test
1146,1700136260000000000,3,42092,13,normal,0,test
1146,1700221880000000000,4,43548,13,normal,0,test
1146,1700309960000000000,4,46603,14,normal,0,test
1146,1700398340000000000,6,35775,14,legit: occasional merchant,0,test
1146,1700485700000000000,3,44237,14,normal,0,test
1146,1700567240000000000,4,36402,13,normal,0,test
1146,1700652740000000000,3,36969,13,normal,0,test
1146,1700742860000000000,3,42904,14,normal,0,test
1146,1700745380000000000,3,45708,15,normal,0,test
1146,1700829320000000000,4,41245,14,normal,0,test
1146,1700917700000000000,3,38374,14,normal,0,test
1146,1701000380000000000,3,41004,13,normal,0,test
1146,1701090920000000000,4,43884,15,normal,0,test
1146,1701187640000000000,4,37910,17,legit: occasional merchant,0,test
1146,1701263600000000000,3,42552,15,normal,0,test
1146,1701256640000000000,3,45176,13,normal,0,test
1146,1701347360000000000,4,44567,14,normal,0,test
1146,1701438320000000000,4,39410,15,normal,0,test
1147,1700048900000000000,5,39558,13,normal,0,test
1147,1700134880000000000,1,41333,13,normal,0,test
1147,1700227160000000000,5,38463,15,normal,0,test
1147,1700315120000000000,1,43568,15,normal,0,test
1147,1700398640000000000,5,44316,14,normal,0,test
1147,1700481680000000000,1,38210,13,normal,0,test
1147,1700567600000000000,5,40003,13,normal,0,test
1147,1700656220000000000,5,47061,14,normal,0,test
1147,1700740460000000000,1,48722,13,normal,0,test
1147,1700828780000000000,5,49362,14,normal,0,test
1147,1700915960000000000,5,40854,14,normal,0,test
1147,1701007400000000000,5,49279,15,normal,0,test
1147,1701098600000000000,5,48431,17,legit: late lunch,0,test
1147,1701087380000000000,1,40586,14,normal,0,test
1147,1701173960000000000,1,108316,14,legit: team order,0,test
1147,1701180500000000000,5,46770,15,normal,0,test
1147,1701263060000000000,1,40090,14,normal,0,test
1147,1701344540000000000,5,108316,13,legit: team order,0,test
1147,1701439940000000000,5,49792,15,normal,0,test
1147,1701524720000000000,1,48065,15,normal,0,test
1147,1701602540000000000,1,49321,13,normal,0,test
1147,1701689900000000000,5,48343,13,normal,0,test
1147,1701738800000000000,1,44158,3,odd hour,1,test
1147,1701825200000000000,1,44158,3,odd hour,1,test
1148,1700047880000000000,2,40010,13,normal,0,test
1148,1700143940000000000,2,34540,15,normal,0,test
1148,1700141660000000000,6,41595,15,normal,0,test
1148,1700229320000000000,2,38624,15,legit: occasional merchant,0,test
1148,1700221820000000000,2,31752,13,normal,0,test
1148,1700310800000000000,6,37504,14,normal,0,test
1148,1700401820000000000,6,39437,15,normal,0,test
1148,1700485700000000000,2,33226,14,normal,0,test
1148,1700575520000000000,6,34817,15,normal,0,test
1148,1700572160000000000,6,40892,14,normal,0,test
1148,1700655860000000000,2,36230,14,normal,0,test
1148,1700748500000000000,2,40715,15,normal,0,test
1148,1700830760000000000,2,41819,14,normal,0,test
1148,1700917700000000000,2,32961,14,normal,0,test
1148,1701000560000000000,2,33353,13,normal,0,test
1148,1701001040000000000,2,32652,14,normal,0,test
1148,1701092060000000000,6,31354,15,normal,0,test
1148,1701174680000000000,6,33584,14,normal,0,test
1148,1701271280000000000,6,34643,17,legit: late lunch,0,test
1148,1701343460000000000,2,38497,13,normal,0,test
1148,1701434780000000000,2,37281,14,normal,0,test
1148,1701519200000000000,2,91796,14,legit: team order,0,test
1148,1701525980000000000,6,41427,15,normal,0,test
1148,1701604100000000000,6,38324,13,normal,0,test
1148,1701689540000000000,6,36681,13,normal,0,test
1148,1701779480000000000,2,31090,14,normal,0,test
1149,1700054660000000000,4,85560,15,legit: team order,0,test
1149,1700054060000000000,5,34478,15,legit: occasional merchant,0,test
1149,1700136800000000000,3,27549,14,normal,0,test
1149,1700222600000000000,4,32858,13,normal,0,test
1149,1700306660000000000,3,37882,13,normal,0,test
1149,1700393960000000000,4,28694,13,normal,0,test
1149,1700479340000000000,3,37382,13,normal,0,test
1149,1700573120000000000,3,36069,15,normal,0,test
1149,1700658080000000000,4,26964,14,normal,0,test
1149,1700741960000000000,3,37896,14,normal,0,test
1149,1700826860000000000,4,35045,13,normal,0,test
1149,1700911940000000000,4,32575,13,normal,0,test
1149,1701005600000000000,3,29917,15,normal,0,test
1149,1701094100000000000,4,32913,15,normal,0,test
1149,1701086840000000000,3,27040,13,normal,0,test
1150,1700051060000000000,2,25899,14,normal,0,test
1150,1700136200000000000,6,34111,13,normal,0,test
1150,1700218100000000000,2,32444,12,normal,0,test
1150,1700224700000000000,6,33088,14,normal,0,test
1150,1700312300000000000,6,34188,14,normal,0,test
1150,1700397560000000000,6,34514,14,normal,0,test
1150,1700481320000000000,6,30136,13,normal,0,test
1150,1700567240000000000,6,35073,13,normal,0,test
1150,1700577680000000000,6,27890,16,legit: late lunch,0,test
1150,1700650220000000000,2,34540,12,normal,0,test
1150,1700741180000000000,6,35686,13,normal,0,test
1150,1700736680000000000,2,32186,12,normal,0,test
1150,1700822300000000000,6,29598,12,normal,0,test
1150,1700837600000000000,2,35537,16,legit: late lunch,0,test
1150,1700911460000000000,2,26168,13,normal,0,test
1150,1701003560000000000,6,29029,14,normal,0,test
1150,1701089600000000000,6,36350,14,normal,0,test
1150,1701170780000000000,2,33560,13,normal,0,test
1150,1701262700000000000,2,27647,14,normal,0,test
1150,1701306800000000000,2,30359,3,odd hour,1,test
1150,1701393200000000000,2,30359,3,odd hour,1,test
1151,1700042900000000000,5,49084,11,normal,0,test
1151,1700135180000000000,4,55581,13,normal,0,test
1151,1700214620000000000,5,57247,11,normal,0,test
1151,1700307260000000000,5,52374,13,normal,0,test
1151,1700391140000000000,5,53187,12,normal,0,test
1151,1700479400000000000,4,51081,13,normal,0,test
1151,1700477300000000000,5,54865,12,normal,0,test
1151,1700562440000000000,4,47017,12,normal,0,test
1151,1700650220000000000,4,50987,12,normal,0,test
1151,1700746760000000000,5,56174,15,legit: late lunch,0,test
1151,1700820080000000000,5,50143,11,normal,0,test
1151,1700921540000000000,5,55127,15,legit: late lunch,0,test
1151,1700910800000000000,5,54662,13,normal,0,test
1151,1700993660000000000,5,56790,12,normal,0,test
1151,1701091160000000000,5,51667,15,legit: late lunch,0,test
1151,1701170720000000000,4,52434,13,normal,0,test
1151,1701166040000000000,4,50667,11,normal,0,test
1151,1701249980000000000,5,50073,11,normal,0,test
1151,1701249440000000000,5,56324,11,normal,0,test
1152,1700040980000000000,6,14427,11,normal,0,test
1152,1700141120000000000,6,25836,15,legit: late lunch,0,test
1152,1700214080000000000,5,15910,11,normal,0,test
1152,1700309480000000000,6,22472,13,normal,0,test
1152,1700385500000000000,5,25031,11,normal,0,test
1152,1700472860000000000,6,18632,11,normal,0,test
1152,1700479280000000000,5,20292,13,normal,0,test
1152,1700564180000000000,6,22894,12,normal,0,test
1152,1700559260000000000,5,17487,11,normal,0,test
1152,1700646560000000000,6,17810,11,normal,0,test
1152,1700733320000000000,6,15820,11,normal,0,test
1152,1700825240000000000,6,14512,13,normal,0,test
1152,1700821040000000000,6,16877,12,normal,0,test
1152,1700910500000000000,6,23514,12,normal,0,test
1152,1700998280000000000,5,21433,13,normal,0,test
1152,1701083420000000000,5,23048,12,normal,0,test
1152,1701164060000000000,5,17142,11,normal,0,test
1152,1701180560000000000,5,15270,15,legit: late lunch,0,test
1152,1701258860000000000,6,23336,13,normal,0,test
1152,1701339380000000000,6,19652,12,normal,0,test
1152,1701422720000000000,6,25875,11,normal,0,test
1152,1701515180000000000,6,22902,12,normal,0,test
1152,1701600740000000000,6,60228,12,legit: team order,0,test
1152,1701603740000000000,5,24586,13,normal,0,test
1153,1700043620000000000,4,55992,12,normal,0,test
1153,1700135900000000000,6,58959,13,normal,0,test
1153,1700217980000000000,4,58738,12,normal,0,test
1153,1700301860000000000,4,55880,11,normal,0,test
1153,1700305820000000000,6,54303,12,normal,0,test
1153,1700400200000000000,6,59825,15,legit: late lunch,0,test
1153,1700478500000000000,4,54846,12,normal,0,test
1153,1700565140000000000,6,56018,12,normal,0,test
1153,1700561420000000000,4,63165,11,normal,0,test
1153,1700650400000000000,4,55858,12,normal,0,test
1153,1700735660000000000,6,58367,12,normal,0,test
1153,1700819240000000000,4,54442,11,normal,0,test
1153,1700910020000000000,6,63415,12,normal,0,test
1153,1700904260000000000,6,62930,11,normal,0,test
1153,1700993180000000000,6,62790,11,normal,0,test
1153,1701085160000000000,6,57746,13,normal,0,test
1153,1701166100000000000,4,55245,11,normal,0,test
1153,1701254420000000000,4,59064,12,normal,0,test
1153,1701337220000000000,6,57933,11,normal,0,test
1153,1701344660000000000,6,64530,13,normal,0,test
1153,1701427040000000000,4,57544,12,normal,0,test
1153,1701517880000000000,6,63507,13,normal,0,test
1153,1701599960000000000,5,63996,12,legit: occasional merchant,0,test
1153,1701685160000000000,6,61969,12,legit: occasional merchant,0,test
1153,1701685400000000000,6,63742,12,normal,0,test
1154,1700050940000000000,4,47264,14,normal,0,test
1154,1700054900000000000,4,43970,15,normal,0,test
1154,1700138780000000000,4,49145,14,normal,0,test
1154,1700142320000000000,3,39970,15,normal,0,test
1154,1700224160000000000,4,39715,14,normal,0,test
1154,1700315240000000000,3,42030,15,normal,0,test
1154,1700400560000000000,2,49819,15,legit: occasional merchant,0,test
1154,1700479700000000000,3,49831,13,normal,0,test
1154,1700571320000000000,3,43923,14,normal,0,test
1154,1700660900000000000,3,40409,15,normal,0,test
1154,1700740400000000000,4,49682,13,normal,0,test
1154,1700738120000000000,2,43135,13,legit: occasional merchant,0,test
1154,1700827460000000000,4,49357,13,normal,0,test
1154,1700825540000000000,4,46110,13,normal,0,test
1154,1700915840000000000,3,47497,14,normal,0,test
1154,1701001760000000000,3,39654,14,normal,0,test
1154,1701092240000000000,3,49115,15,normal,0,test
1154,1701172580000000000,3,39274,13,normal,0,test
1154,1701262100000000000,3,42217,14,normal,0,test
1154,1701352700000000000,3,50466,15,normal,0,test
1154,1701432080000000000,4,48766,13,normal,0,test
1154,1701524960000000000,3,43147,15,normal,0,test
1154,1701611180000000000,3,48408,15,normal,0,test
1155,1700049980000000000,1,44288,13,normal,0,test
1155,1700139620000000000,1,40459,14,normal,0,test
1155,1700226320000000000,6,40104,14,normal,0,test
1155,1700312060000000000,6,49880,14,normal,0,test
1155,1700396480000000000,6,109610,14,legit: team order,0,test
1155,1700488280000000000,6,43817,15,normal,0,test
1155,1700484320000000000,1,42046,14,normal,0,test
1155,1700575160000000000,6,43422,15,normal,0,test
1155,1700655260000000000,1,43420,14,normal,0,test
1155,1700745260000000000,1,42645,15,normal,0,test
1155,1700825780000000000,1,49568,13,normal,0,test
1155,1700921180000000000,6,39014,15,normal,0,test
1155,1701002780000000000,6,109610,14,legit: team order,0,test
1155,1701086840000000000,1,44120,13,normal,0,test
1155,1701086840000000000,6,49128,13,normal,0,test
1155,1701171980000000000,1,40734,13,normal,0,test
1155,1701172460000000000,1,46831,13,normal,0,test
1155,1701263780000000000,1,41802,15,normal,0,test
1155,1701260960000000000,6,109610,14,legit: team order,0,test
1155,1701351680000000000,6,50584,15,normal,0,test
1155,1701432860000000000,1,43760,14,normal,0,test
1156,1700049860000000000,3,52663,13,normal,0,test
1156,1700137580000000000,1,47482,14,normal,0,test
1156,1700222060000000000,3,43304,13,normal,0,test
1156,1700311880000000000,1,44523,14,normal,0,test
1156,1700399120000000000,1,52839,14,normal,0,test
1156,1700394800000000000,3,48086,13,normal,0,test
1156,1700478140000000000,3,51271,12,normal,0,test
1156,1700567780000000000,1,41774,13,normal,0,test
1156,1700664200000000000,3,47495,16,legit: late lunch,0,test
1156,1700652020000000000,1,48884,13,normal,0,test
1156,1700744720000000000,3,50893,14,normal,0,test
1156,1700828480000000000,3,51598,14,normal,0,test
1156,1700910620000000000,1,48738,12,normal,0,test
1156,1700911160000000000,1,42733,13,normal,0,test
1156,1701001160000000000,1,49574,14,normal,0,test
1156,1701087740000000000,3,50372,14,normal,0,test
1156,1701175340000000000,1,42534,14,normal,0,test
1156,1701257480000000000,1,42752,13,normal,0,test
1156,1701346160000000000,3,46002,13,normal,0,test
1156,1701341840000000000,3,43134,12,normal,0,test
1156,1701435500000000000,1,53364,14,normal,0,test
1156,1701521600000000000,3,42324,14,normal,0,test
1156,1701555200000000000,1,47393,13,burst,1,test
1156,1701555320000000000,1,47393,13,burst,1,test
1156,1701555440000000000,1,47393,13,burst,1,test
1156,1701555560000000000,1,47393,13,burst,1,test
1156,1701555680000000000,1,47393,13,burst,1,test
1156,1701555800000000000,1,47393,13,burst,1,test
1157,1700049020000000000,6,25920,13,normal,0,test
1157,1700052320000000000,4,34053,14,normal,0,test
1157,1700144780000000000,4,29161,16,legit: late lunch,0,test
1157,1700217860000000000,4,29035,12,normal,0,test
1157,1700308640000000000,6,29370,13,normal,0,test
1157,1700312720000000000,4,30626,14,normal,0,test
1157,1700390720000000000,4,32370,12,normal,0,test
1157,1700481200000000000,6,34190,13,normal,0,test
1157,1700564960000000000,6,31806,12,normal,0,test
1157,1700654480000000000,4,25073,13,normal,0,test
1157,1700648660000000000,4,28476,12,normal,0,test
1157,1700751260000000000,6,34844,16,legit: late lunch,0,test
1157,1700828000000000000,4,33046,14,normal,0,test
1157,1700922680000000000,4,36323,16,legit: late lunch,0,test
1157,1700994020000000000,4,27076,12,normal,0,test
1157,1701083180000000000,4,24865,12,normal,0,test
1157,1701174440000000000,4,33978,14,normal,0,test
1157,1701167840000000000,4,36266,12,normal,0,test
1157,1701255440000000000,4,29235,12,normal,0,test
1157,1701306800000000000,4,30349,3,odd hour,1,test
1157,1701393200000000000,4,30349,3,odd hour,1,test
1158,1700046800000000000,3,18324,13,normal,0,test
1158,1700045060000000000,3,27111,12,normal,0,test
1158,1700128940000000000,4,27696,11,normal,0,test
1158,1700130860000000000,4,25405,12,normal,0,test
1158,1700226860000000000,4,26228,15,legit: late lunch,0,test
1158,1700299400000000000,3,29147,11,normal,0,test
1158,1700390120000000000,3,18648,12,normal,0,test
1158,1700482220000000000,3,29355,13,normal,0,test
1158,1700566580000000000,3,25035,13,normal,0,test
1158,1700648360000000000,4,18279,12,normal,0,test
1158,1700731700000000000,3,28352,11,normal,0,test
1158,1700820080000000000,3,22342,11,normal,0,test
1158,1700904020000000000,4,28765,11,normal,0,test
1158,1700999960000000000,3,20901,13,normal,0,test
1158,1701077180000000000,4,67106,11,legit: team order,0,test
1158,1701171440000000000,4,26903,13,normal,0,test
1158,1701251720000000000,4,27119,11,normal,0,test
1158,1701257360000000000,3,24046,13,legit: occasional merchant,0,test
1158,1701336560000000000,3,27933,11,normal,0,test
1158,1701427940000000000,3,27016,12,normal,0,test
1158,1701516620000000000,4,26752,13,normal,0,test
1158,1701555200000000000,4,23553,12,burst,1,test
1158,1701555320000000000,4,23553,12,burst,1,test
1158,1701555440000000000,4,23553,12,burst,1,test
1158,1701555560000000000,4,23553,12,burst,1,test
1158,1701555680000000000,4,23553,12,burst,1,test
1158,1701555800000000000,4,23553,12,burst,1,test
1159,1700057540000000000,6,54604,15,normal,0,test
1159,1700136140000000000,6,56282,13,normal,0,test
1159,1700220620000000000,6,58675,13,normal,0,test
1159,1700312900000000000,6,55970,14,normal,0,test
1159,1700402060000000000,1,52711,15,normal,0,test
1159,1700486600000000000,6,60967,15,normal,0,test
1159,1700565980000000000,6,54734,13,normal,0,test
1159,1700660900000000000,1,53393,15,normal,0,test
1159,1700747120000000000,1,58572,15,normal,0,test
1159,1700841680000000000,1,52218,17,legit: late lunch,0,test
1159,1700827700000000000,1,58407,13,normal,0,test
1159,1700916800000000000,1,59329,14,normal,0,test
1159,1701001340000000000,6,56740,14,normal,0,test
1159,1701003320000000000,1,130804,14,legit: team order,0,test
1159,1701092540000000000,6,52527,15,normal,0,test
1159,1701170840000000000,6,58245,13,normal,0,test
1159,1701173960000000000,1,54015,14,normal,0,test
1159,1701258500000000000,1,51248,13,normal,0,test
1159,1701297200000000000,1,166206,14,spend spike,1,test
1159,1701298400000000000,1,221608,14,spend spike,1,test
1159,1701299600000000000,1,277010,14,spend spike,1,test
1160,1700048480000000000,1,45992,13,normal,0,test
1160,1700131940000000000,3,35596,12,normal,0,test
1160,1700215760000000000,1,38386,11,normal,0,test
1160,1700215280000000000,1,37605,11,normal,0,test
1160,1700301440000000000,3,35790,11,normal,0,test
1160,1700385680000000000,1,34796,11,normal,0,test
1160,1700386160000000000,1,35681,11,normal,0,test
1160,1700480540000000000,3,42235,13,normal,0,test
1160,1700565260000000000,1,36178,13,normal,0,test
1160,1700564180000000000,3,35273,12,normal,0,test
1160,1700646140000000000,3,40348,11,normal,0,test
1160,1700659520000000000,1,40377,15,legit: late lunch,0,test
1160,1700737160000000000,1,42572,12,normal,0,test
1160,1700734940000000000,1,44644,12,normal,0,test
1160,1700820200000000000,3,36548,11,normal,0,test
1160,1700918960000000000,1,43435,15,legit: late lunch,0,test
1160,1700996720000000000,1,35039,12,normal,0,test
1160,1701078920000000000,3,100794,11,legit: team order,0,test
1160,1701180440000000000,1,100794,15,legit: team order,0,test
1160,1701167780000000000,1,37577,12,normal,0,test
1160,1701252920000000000,3,41942,12,normal,0,test
1160,1701251540000000000,1,43287,11,normal,0,test
1160,1701345620000000000,3,44457,13,normal,0,test
1160,1701382400000000000,3,40397,12,burst,1,test
1160,1701382520000000000,3,40397,12,burst,1,test
1160,1701382640000000000,3,40397,12,burst,1,test
1160,1701382760000000000,3,40397,12,burst,1,test
1160,1701382880000000000,3,40397,12,burst,1,test
1160,1701383000000000000,3,40397,12,burst,1,test
1161,1700051900000000000,1,128778,14,legit: team order,0,test
1161,1700134460000000000,4,56965,13,normal,0,test
1161,1700138000000000000,4,57452,14,normal,0,test
1161,1700217380000000000,4,59352,12,normal,0,test
1161,1700309600000000000,4,55146,14,normal,0,test
1161,1700390840000000000,1,55624,12,normal,0,test
1161,1700484620000000000,4,59767,14,normal,0,test
1161,1700570240000000000,4,58531,14,normal,0,test
1161,1700656280000000000,1,54892,14,normal,0,test
1161,1700741480000000000,4,128778,13,legit: team order,0,test
1161,1700825780000000000,4,52218,13,normal,0,test
1161,1700909300000000000,1,58000,12,normal,0,test
1161,1701002300000000000,4,50148,14,normal,0,test
1161,1701038000000000000,1,163167,13,spend spike,1,test
1161,1701039200000000000,1,217556,13,spend spike,1,test
1161,1701040400000000000,1,271945,13,spend spike,1,test
1162,1700045480000000000,6,59431,12,normal,0,test
1162,1700134160000000000,3,60096,13,normal,0,test
1162,1700143520000000000,6,59646,15,legit: late lunch,0,test
1162,1700222000000000000,3,63171,13,normal,0,test
1162,1700309000000000000,6,59645,13,normal,0,test
1162,1700399780000000000,6,57570,15,legit: late lunch,0,test
1162,1700471900000000000,3,52995,11,normal,0,test
1162,1700558300000000000,6,54437,11,normal,0,test
1162,1700568080000000000,6,63492,13,normal,0,test
1162,1700653700000000000,6,54212,13,normal,0,test
1162,1700652560000000000,6,58577,13,normal,0,test
1162,1700734160000000000,6,60220,11,normal,0,test
1162,1700820860000000000,6,53126,12,normal,0,test
1162,1700903840000000000,3,56641,11,normal,0,test
1162,1700913500000000000,6,60524,13,normal,0,test
1162,1701007340000000000,3,53767,15,legit: late lunch,0,test
1162,1700995340000000000,6,63841,12,normal,0,test
1162,1701084680000000000,6,64230,13,normal,0,test
1162,1701167600000000000,6,61523,12,normal,0,test
1162,1701170960000000000,6,64386,13,normal,0,test
1162,1701253640000000000,6,54654,12,normal,0,test
1162,1701254540000000000,3,53300,12,normal,0,test
1162,1701338360000000000,3,56046,11,normal,0,test
1162,1701342800000000000,6,63886,13,normal,0,test
1162,1701430820000000000,6,64365,13,normal,0,test
1163,1700056340000000000,1,14155,15,legit: late lunch,0,test
1163,1700126660000000000,5,14084,11,normal,0,test
1163,1700229440000000000,5,13224,15,legit: late lunch,0,test
1163,1700300720000000000,5,10950,11,normal,0,test
1163,1700388440000000000,1,12373,11,normal,0,test
1163,1700474840000000000,1,18990,11,normal,0,test
1163,1700562260000000000,1,16282,12,normal,0,test
1163,1700647340000000000,5,15979,11,normal,0,test
1163,1700734820000000000,1,16857,12,normal,0,test
1163,1700824100000000000,1,11804,12,normal,0,test
1163,1700824160000000000,1,13787,12,normal,0,test
1163,1700903960000000000,5,12630,11,normal,0,test
1163,1700914280000000000,1,15632,13,normal,0,test
1163,1701000320000000000,5,21952,13,normal,0,test
1163,1701092300000000000,1,18314,15,legit: late lunch,0,test
1163,1701172880000000000,1,12696,13,normal,0,test
1163,1701256520000000000,5,52244,13,legit: team order,0,test
1163,1701296000000000000,44,32244,12,new merchant,1,test
1163,1701306800000000000,44,32244,12,new merchant,1,test
1163,1701317600000000000,43,32244,12,new merchant,1,test
1164,1700047220000000000,4,32849,13,normal,0,test
1164,1700138360000000000,4,33613,14,normal,0,test
1164,1700221340000000000,4,35148,13,normal,0,test
1164,1700320700000000000,4,29663,17,legit: late lunch,0,test
1164,1700393420000000000,4,37386,13,normal,0,test
1164,1700481680000000000,4,38281,13,normal,0,test
1164,1700575940000000000,4,36521,15,normal,0,test
1164,1700655260000000000,4,29924,14,normal,0,test
1164,1700738300000000000,4,37456,13,normal,0,test
1164,1700747120000000000,4,32090,15,normal,0,test
1164,1700834600000000000,4,27297,15,normal,0,test
1164,1700911820000000000,4,37543,13,normal,0,test
1164,1700914100000000000,4,27863,13,normal,0,test
1164,1700997920000000000,4,36689,13,normal,0,test
1164,1700997860000000000,4,31640,13,normal,0,test
1164,1701087020000000000,4,29719,13,legit: occasional merchant,0,test
1164,1701175640000000000,4,29471,14,normal,0,test
1164,1701271400000000000,4,30563,17,legit: late lunch,0,test
1164,1701351020000000000,4,37538,15,normal,0,test
1164,1701429500000000000,4,35218,13,normal,0,test
1164,1701516740000000000,4,29992,13,normal,0,test
1164,1701611780000000000,4,30914,15,normal,0,test
1164,1701608900000000000,4,28518,14,normal,0,test
1164,1701689900000000000,4,28741,13,normal,0,test
1165,1700049740000000000,4,33327,13,normal,0,test
1165,1700144840000000000,3,35211,16,legit: late lunch,0,test
1165,1700226380000000000,4,39939,14,normal,0,test
1165,1700307680000000000,4,42404,13,normal,0,test
1165,1700398400000000000,4,33432,14,normal,0,test
1165,1700477480000000000,3,32776,12,normal,0,test
1165,1700478740000000000,4,31622,12,legit: occasional merchant,0,test
1165,1700563280000000000,3,30876,12,normal,0,test
1165,1700664980000000000,4,33622,16,legit: late lunch,0,test
1165,1700734580000000000,3,39252,12,normal,0,test
1165,1700742020000000000,3,37518,14,normal,0,test
1165,1700830040000000000,4,41955,14,normal,0,test
1165,1700912420000000000,3,93652,13,legit: team order,0,test
1165,1701002360000000000,4,37735,14,normal,0,test
1166,1700050040000000000,6,14530,13,normal,0,test
1166,1700130680000000000,6,14141,12,normal,0,test
1166,1700215700000000000,1,10486,11,normal,0,test
1166,1700305700000000000,1,52342,12,legit: team order,0,test
1166,1700402960000000000,6,21825,15,legit: late lunch,0,test
1166,1700480660000000000,6,20863,13,normal,0,test
1166,1700566820000000000,6,20215,13,normal,0,test
1166,1700652860000000000,6,13654,13,normal,0,test
1166,1700732240000000000,6,16355,11,normal,0,test
1166,1700819600000000000,6,20695,11,normal,0,test
1166,1700907680000000000,6,15351,12,normal,0,test
1166,1700991320000000000,6,15168,11,normal,0,test
1166,1700997380000000000,1,19908,13,normal,0,test
1166,1701084020000000000,6,11953,13,normal,0,test
1166,1701092120000000000,1,19466,15,legit: late lunch,0,test
1166,1701172580000000000,1,12062,13,legit: occasional merchant,0,test
1166,1701163460000000000,6,13751,11,normal,0,test
1167,1700054180000000000,4,34611,15,normal,0,test
1167,1700143580000000000,1,41137,15,normal,0,test
1167,1700227940000000000,4,38435,15,normal,0,test
1167,1700311280000000000,1,43621,14,normal,0,test
1167,1700399840000000000,4,37284,15,normal,0,test
1167,1700486660000000000,1,35146,15,normal,0,test
1167,1700481920000000000,1,43586,13,normal,0,test
1167,1700570660000000000,1,37801,14,normal,0,test
1167,1700568980000000000,4,33070,14,normal,0,test
1167,1700658500000000000,1,36876,14,normal,0,test
1167,1700747000000000000,1,41357,15,normal,0,test
1167,1700830940000000000,4,36831,14,normal,0,test
1167,1700912360000000000,1,34112,13,normal,0,test
1167,1700920220000000000,4,42536,15,normal,0,test
1167,1700999300000000000,4,43858,13,normal,0,test
1167,1701001280000000000,1,37719,14,normal,0,test
1167,1701087620000000000,6,36470,14,legit: occasional merchant,0,test
1167,1701173000000000000,4,96540,13,legit: team order,0,test
1167,1701257900000000000,4,43698,13,normal,0,test
1167,1701353180000000000,4,40091,15,normal,0,test
1167,1701350960000000000,1,44036,15,normal,0,test
1167,1701437420000000000,4,35878,15,normal,0,test
1168,1700046020000000000,4,35683,12,normal,0,test
1168,1700128520000000000,1,37292,11,normal,0,test
1168,1700215760000000000,4,26749,11,normal,0,test
1168,1700217500000000000,1,30202,12,normal,0,test
1168,1700300960000000000,1,26186,11,normal,0,test
1168,1700308220000000000,2,28669,13,legit: occasional merchant,0,test
1168,1700385680000000000,1,30803,11,normal,0,test
1168,1700482220000000000,4,28018,13,normal,0,test
1168,1700567420000000000,1,33410,13,normal,0,test
1168,1700560400000000000,4,27498,11,normal,0,test
1168,1700651420000000000,1,29977,12,normal,0,test
1168,1700649320000000000,1,25612,12,normal,0,test
1168,1700732600000000000,4,36770,11,normal,0,test
1168,1700826260000000000,4,36040,13,normal,0,test
1168,1700825600000000000,6,29789,13,legit: occasional merchant,0,test
1168,1700905460000000000,1,35123,11,normal,0,test
1168,1700905040000000000,1,28478,11,normal,0,test
1168,1700996600000000000,4,35808,12,normal,0,test
1168,1701085940000000000,1,35736,13,normal,0,test
1168,1701169520000000000,4,32551,12,normal,0,test
1168,1701168500000000000,4,32947,12,normal,0,test
1168,1701209600000000000,52,62988,12,new merchant,1,test
1168,1701220400000000000,55,62988,12,new merchant,1,test
1168,1701231200000000000,54,62988,12,new merchant,1,test
1169,1700047880000000000,2,28310,13,normal,0,test
1169,1700132420000000000,4,23961,12,normal,0,test
1169,1700138360000000000,2,33531,14,normal,0,test
1169,1700220200000000000,4,28035,13,normal,0,test
1169,1700308520000000000,4,29340,13,normal,0,test
1169,1700394740000000000,2,25354,13,normal,0,test
1169,1700481020000000000,2,23069,13,normal,0,test
1169,1700482220000000000,4,31841,13,normal,0,test
1169,1700564720000000000,2,25415,12,normal,0,test
1169,1700568200000000000,2,32411,13,normal,0,test
1169,1700648240000000000,4,31399,12,normal,0,test
1169,1700740760000000000,2,24842,13,normal,0,test
1169,1700825120000000000,4,29059,13,normal,0,test
1169,1700915960000000000,2,23557,14,normal,0,test
1169,1701001460000000000,4,28365,14,normal,0,test
1169,1700995340000000000,4,30807,12,normal,0,test
1169,1701086420000000000,4,34222,13,normal,0,test
1169,1701171140000000000,4,29718,13,normal,0,test
1169,1701261800000000000,2,32147,14,normal,0,test
1170,1700047040000000000,6,61611,13,normal,0,test
1170,1700133320000000000,3,53672,13,normal,0,test
1170,1700217140000000000,3,53607,12,normal,0,test
1170,1700305160000000000,3,51870,12,normal,0,test
1170,1700392280000000000,3,59819,12,normal,0,test
1170,1700476940000000000,6,54858,12,normal,0,test
1170,1700479160000000000,6,57540,13,normal,0,test
1170,1700567480000000000,6,134370,13,legit: team order,0,test
1170,1700660420000000000,6,60693,15,legit: late lunch,0,test
1170,1700733560000000000,6,52316,11,normal,0,test
1170,1700738840000000000,6,55642,13,normal,0,test
1170,1700817500000000000,3,53722,11,normal,0,test
1170,1700903840000000000,6,60429,11,normal,0,test
1170,1700905940000000000,3,60446,11,normal,0,test
1170,1701000200000000000,6,62713,13,normal,0,test
1170,1701083240000000000,3,59289,12,normal,0,test
1170,1701166040000000000,6,63036,11,normal,0,test
1170,1701259460000000000,3,59534,13,normal,0,test
1170,1701339380000000000,3,58214,12,normal,0,test
1170,1701422240000000000,6,59241,11,normal,0,test
1170,1701524060000000000,3,59516,15,legit: late lunch,0,test
1170,1701604220000000000,6,54762,13,normal,0,test
1171,1700045720000000000,3,43164,12,normal,0,test
1171,1700048240000000000,5,44025,13,normal,0,test
1171,1700130800000000000,3,46968,12,normal,0,test
1171,1700134520000000000,5,40951,13,normal,0,test
1171,1700216960000000000,5,45588,12,normal,0,test
1171,1700317400000000000,3,40216,16,legit: late lunch,0,test
1171,1700397800000000000,5,51148,14,normal,0,test
1171,1700485220000000000,5,47229,14,normal,0,test
1171,1700569940000000000,3,46164,14,normal,0,test
1171,1700654960000000000,3,42003,13,normal,0,test
1171,1700741360000000000,3,46119,13,normal,0,test
1171,1700838680000000000,5,41287,16,legit: late lunch,0,test
1171,1700828180000000000,5,43137,14,normal,0,test
1171,1700912120000000000,5,43338,13,normal,0,test
1171,1700907980000000000,3,43692,12,normal,0,test
1171,1700996720000000000,5,51119,12,normal,0,test
1171,1701084980000000000,3,44584,13,normal,0,test
1171,1701170480000000000,5,45950,13,normal,0,test
1171,1701255860000000000,5,40791,12,normal,0,test
1171,1701340400000000000,4,45096,12,legit: occasional merchant,0,test
1172,1700055680000000000,2,56146,15,normal,0,test
1172,1700134520000000000,5,50528,13,legit: occasional merchant,0,test
1172,1700220020000000000,2,54543,13,normal,0,test
1172,1700313260000000000,5,49912,15,normal,0,test
1172,1700400620000000000,5,52229,15,normal,0,test
1172,1700479520000000000,2,52360,13,normal,0,test
1172,1700494640000000000,2,47537,17,legit: late lunch,0,test
1172,1700572520000000000,5,53781,15,normal,0,test
1172,1700581880000000000,5,50944,17,legit: late lunch,0,test
1172,1700655860000000000,2,54101,14,normal,0,test
1172,1700743760000000000,2,56177,14,normal,0,test
1172,1700831660000000000,2,52951,15,normal,0,test
1172,1700918420000000000,2,47872,15,normal,0,test
1172,1701003800000000000,2,57922,14,normal,0,test
1172,1701084560000000000,5,56245,13,normal,0,test
1172,1701084680000000000,5,58595,13,normal,0,test
1172,1701176600000000000,5,48300,14,normal,0,test
1172,1701261380000000000,5,59165,14,normal,0,test
1172,1701343220000000000,2,52308,13,normal,0,test
1172,1701433160000000000,2,59057,14,normal,0,test
1172,1701517700000000000,2,53892,13,normal,0,test
1172,1701521180000000000,2,51861,14,normal,0,test
1172,1701606260000000000,5,51625,14,normal,0,test
1172,1701688400000000000,2,48806,13,normal,0,test
1172,1701783080000000000,2,52203,15,normal,0,test
1172,1701814400000000000,54,106780,14,new merchant,1,test
1172,1701825200000000000,50,106780,14,new merchant,1,test
1172,1701836000000000000,40,106780,14,new merchant,1,test
1173,1700046560000000000,3,19262,12,normal,0,test
1173,1700130200000000000,3,20109,12,normal,0,test
1173,1700126960000000000,4,16737,11,normal,0,test
1173,1700218940000000000,3,19001,12,normal,0,test
1173,1700308820000000000,3,12248,13,normal,0,test
1173,1700391320000000000,4,13825,12,normal,0,test
1173,1700477420000000000,4,14845,12,normal,0,test
1173,1700561480000000000,4,15252,11,normal,0,test
1173,1700646140000000000,4,21419,11,normal,0,test
1173,1700734580000000000,3,12640,12,normal,0,test
1173,1700823260000000000,3,19282,12,normal,0,test
1173,1700904380000000000,4,22450,11,normal,0,test
1173,1700992880000000000,4,21712,11,normal,0,test
1173,1701079820000000000,3,16601,11,normal,0,test
1173,1701124400000000000,4,51687,12,spend spike,1,test
1173,1701125600000000000,4,68916,12,spend spike,1,test
1173,1701126800000000000,4,86145,12,spend spike,1,test
1174,1700048600000000000,6,35035,13,normal,0,test
1174,1700129660000000000,6,39234,12,normal,0,test
1174,1700136320000000000,5,31223,13,normal,0,test
1174,1700216420000000000,5,35582,12,normal,0,test
1174,1700308880000000000,6,32477,13,normal,0,test
1174,1700391080000000000,6,36718,12,normal,0,test
1174,1700478680000000000,6,31485,12,normal,0,test
1174,1700562020000000000,5,39345,12,normal,0,test
1174,1700651900000000000,5,41232,13,normal,0,test
1174,1700737580000000000,6,40064,12,normal,0,test
1174,1700750180000000000,5,36495,16,legit: late lunch,0,test
1174,1700821520000000000,6,33622,12,normal,0,test
1174,1700908940000000000,5,42763,12,normal,0,test
1174,1701008120000000000,5,35205,16,legit: late lunch,0,test
1174,1701082520000000000,6,32660,12,normal,0,test
1174,1701166400000000000,6,41369,12,normal,0,test
1174,1701257420000000000,5,37089,13,normal,0,test
1174,1701268700000000000,6,42980,16,legit: late lunch,0,test
1174,1701346100000000000,6,37861,13,normal,0,test
1174,1701429800000000000,5,35944,13,normal,0,test
1174,1701529580000000000,6,36058,16,legit: late lunch,0,test
1174,1701608660000000000,5,38225,14,normal,0,test
1175,1700050340000000000,4,42294,13,normal,0,test
1175,1700136200000000000,4,32375,13,normal,0,test
1175,1700139320000000000,1,38751,14,normal,0,test
1175,1700218400000000000,4,38116,12,normal,0,test
1175,1700224220000000000,4,36137,14,normal,0,test
1175,1700310500000000000,1,38106,14,normal,0,test
1175,1700392400000000000,4,94780,13,legit: team order,0,test
1175,1700396720000000000,1,38143,14,normal,0,test
1175,1700485340000000000,4,41664,14,normal,0,test
1175,1700484800000000000,4,34573,14,normal,0,test
1175,1700564600000000000,1,42826,12,normal,0,test
1175,1700655860000000000,1,37841,14,normal,0,test
1175,1700740700000000000,4,39312,13,normal,0,test
1175,1700829680000000000,4,32882,14,normal,0,test
1175,1700910800000000000,4,41303,13,normal,0,test
1175,1701003380000000000,1,38715,14,normal,0,test
1175,1701081560000000000,4,41431,12,normal,0,test
1175,1701176960000000000,6,38121,14,legit: occasional merchant,0,test
1175,1701258560000000000,4,35416,13,normal,0,test
1176,1700046680000000000,3,31352,12,normal,0,test
1176,1700134040000000000,3,34642,13,normal,0,test
1176,1700217260000000000,1,28802,12,normal,0,test
1176,1700302340000000000,1,27634,11,normal,0,test
1176,1700298980000000000,1,27593,11,normal,0,test
1176,1700389340000000000,1,81668,12,legit: team order,0,test
1176,1700394080000000000,3,27592,13,normal,0,test
1176,1700477420000000000,1,31341,12,normal,0,test
1176,1700471900000000000,3,25102,11,normal,0,test
1176,1700575160000000000,3,28846,15,legit: late lunch,0,test
1176,1700650340000000000,1,26569,12,normal,0,test
1176,1700738960000000000,1,26144,13,normal,0,test
1176,1700733020000000000,1,35033,11,normal,0,test
1176,1700823740000000000,3,34990,12,legit: occasional merchant,0,test
1176,1700906840000000000,3,28303,11,normal,0,test
1176,1700995760000000000,1,30673,12,normal,0,test
1176,1700995160000000000,1,34031,12,normal,0,test
1176,1701078620000000000,3,33716,11,normal,0,test
1176,1701163640000000000,1,29117,11,normal,0,test
1176,1701164300000000000,1,32981,11,normal,0,test
1177,1700047820000000000,6,44985,13,normal,0,test
1177,1700134160000000000,5,43788,13,normal,0,test
1177,1700225360000000000,5,42498,14,normal,0,test
1177,1700313920000000000,6,39190,15,normal,0,test
1177,1700395280000000000,6,41861,13,normal,0,test
1177,1700483240000000000,6,43246,14,normal,0,test
1177,1700570840000000000,5,45639,14,normal,0,test
1177,1700660240000000000,6,41798,15,normal,0,test
1177,1700748440000000000,6,42172,15,normal,0,test
1177,1700741660000000000,6,43063,14,normal,0,test
1177,1700832320000000000,6,41985,15,normal,0,test
1177,1700919740000000000,6,44083,15,normal,0,test
1177,1701003860000000000,6,46798,14,normal,0,test
1177,1701083660000000000,6,42035,13,normal,0,test
1178,1700052380000000000,1,12223,14,legit: occasional merchant,0,test
1178,1700134400000000000,3,17726,13,normal,0,test
1178,1700221280000000000,4,19908,13,normal,0,test
1178,1700313320000000000,4,12014,15,normal,0,test
1178,1700315060000000000,4,14304,15,normal,0,test
1178,1700402840000000000,3,17095,15,normal,0,test
1178,1700480120000000000,3,15789,13,normal,0,test
1178,1700572040000000000,3,19376,14,normal,0,test
1178,1700654540000000000,3,16799,13,normal,0,test
1178,1700745020000000000,4,16508,14,normal,0,test
1178,1700743880000000000,4,20476,14,normal,0,test
1178,1700834360000000000,3,17145,15,normal,0,test
1178,1700920880000000000,4,19499,15,normal,0,test
1178,1700916080000000000,3,19023,14,normal,0,test
1178,1701002600000000000,3,13702,14,normal,0,test
1178,1701004040000000000,3,11598,14,normal,0,test
1178,1701093380000000000,4,10815,15,normal,0,test
1178,1701173720000000000,4,22361,14,normal,0,test
1178,1701175520000000000,4,21340,14,normal,0,test
1178,1701262580000000000,3,16983,14,normal,0,test
1178,1701348680000000000,4,17396,14,normal,0,test
1178,1701430820000000000,4,13462,13,normal,0,test
1178,1701437660000000000,3,18627,15,normal,0,test
1178,1701517400000000000,3,17471,13,normal,0,test
1178,1701611360000000000,3,14288,15,normal,0,test
1178,1701693680000000000,3,15862,14,normal,0,test
1179,1700043260000000000,5,25907,12,normal,0,test
1179,1700127140000000000,3,25966,11,normal,0,test
1179,1700135000000000000,3,22428,13,normal,0,test
1179,1700217020000000000,5,24369,12,normal,0,test
1179,1700305700000000000,3,25598,12,normal,0,test
1179,1700307920000000000,3,26534,13,normal,0,test
1179,1700387780000000000,5,24598,11,normal,0,test
1179,1700477480000000000,5,29445,12,normal,0,test
1179,1700479760000000000,5,27153,13,normal,0,test
1179,1700564840000000000,5,27476,12,normal,0,test
1179,1700646560000000000,5,24876,11,normal,0,test
1179,1700646560000000000,3,23231,11,normal,0,test
1179,1700740700000000000,3,27929,13,normal,0,test
1179,1700737040000000000,3,27263,12,normal,0,test
1179,1700825840000000000,5,19884,13,normal,0,test
1179,1700912540000000000,3,20583,13,normal,0,test
1179,1700906900000000000,5,24553,11,normal,0,test
1179,1700995100000000000,5,18401,12,normal,0,test
1179,1701081440000000000,3,26632,12,normal,0,test
1179,1701081380000000000,3,22102,12,normal,0,test
1179,1701172400000000000,3,18965,13,normal,0,test
1179,1701255320000000000,3,20935,12,normal,0,test
1179,1701254840000000000,3,27643,12,normal,0,test
1179,1701351980000000000,3,28237,15,legit: late lunch,0,test
1179,1701422540000000000,5,26811,11,normal,0,test
1179,1701514280000000000,3,21683,12,normal,0,test
1179,1701604940000000000,5,24897,13,normal,0,test
1179,1701682220000000000,3,25737,11,normal,0,test
1179,1701691880000000000,3,21704,13,normal,0,test
1179,1701776420000000000,5,18744,13,normal,0,test
1179,1701774080000000000,3,26657,12,normal,0,test
1179,1701825200000000000,3,24117,3,odd hour,1,test
1179,1701911600000000000,3,24117,3,odd hour,1,test
1180,1700051960000000000,1,27762,14,normal,0,test
1180,1700134340000000000,1,21521,13,normal,0,test
1180,1700227160000000000,2,21127,15,normal,0,test
1180,1700308520000000000,1,73532,13,legit: team order,0,test
1180,1700408480000000000,2,30113,17,legit: late lunch,0,test
1180,1700484020000000000,2,31772,14,normal,0,test
1180,1700566760000000000,2,22509,13,normal,0,test
1180,1700570180000000000,2,27861,14,normal,0,test
1180,1700654360000000000,2,27117,13,normal,0,test
1180,1700738180000000000,1,22723,13,normal,0,test
1180,1700833280000000000,1,24349,15,normal,0,test
1180,1700828000000000000,1,25410,14,normal,0,test
1180,1700912480000000000,1,21108,13,normal,0,test
1180,1701001160000000000,1,73532,14,legit: team order,0,test
1180,1701090680000000000,1,28311,14,normal,0,test
1180,1701172880000000000,2,26361,13,normal,0,test
1180,1701256700000000000,2,24276,13,normal,0,test
1180,1701343280000000000,2,24554,13,normal,0,test
1180,1701437300000000000,1,29823,15,normal,0,test
1180,1701518180000000000,6,32087,13,legit: occasional merchant,0,test
1180,1701516560000000000,2,30803,13,normal,0,test
1180,1701602240000000000,1,21813,13,normal,0,test
1180,1701691160000000000,2,23140,13,normal,0,test
1181,1700050100000000000,3,27191,13,normal,0,test
1181,1700132240000000000,5,22905,12,normal,0,test
1181,1700218940000000000,3,28729,12,normal,0,test
1181,1700318060000000000,6,31145,16,legit: occasional merchant,0,test
1181,1700390720000000000,5,23323,12,normal,0,test
1181,1700478380000000000,3,26156,12,normal,0,test
1181,1700569340000000000,3,25015,14,normal,0,test
1181,1700653760000000000,3,29046,13,normal,0,test
1181,1700745080000000000,3,28063,14,normal,0,test
1181,1700739620000000000,3,21358,13,normal,0,test
1181,1700822660000000000,5,25340,12,normal,0,test
1181,1700912480000000000,3,20401,13,normal,0,test
1181,1700997860000000000,3,24054,13,normal,0,test
1181,1700999600000000000,5,26890,13,normal,0,test
1181,1701083000000000000,5,23299,12,normal,0,test
1181,1701088280000000000,5,30203,14,normal,0,test
1181,1701172160000000000,5,27105,13,normal,0,test
1181,1701177140000000000,5,22878,14,normal,0,test
1182,1700049920000000000,2,39054,13,normal,0,test
1182,1700133740000000000,2,38339,13,normal,0,test
1182,1700223320000000000,2,45492,14,normal,0,test
1182,1700222480000000000,2,40946,13,normal,0,test
1182,1700308580000000000,2,47668,13,normal,0,test
1182,1700396780000000000,2,43353,14,normal,0,test
1182,1700480480000000000,2,40134,13,normal,0,test
1182,1700563280000000000,2,38795,12,normal,0,test
1182,1700655380000000000,2,37035,14,normal,0,test
1182,1700657720000000000,2,44075,14,normal,0,test
1182,1700738000000000000,2,45387,13,normal,0,test
1182,1700824880000000000,2,47410,13,normal,0,test
1182,1700910380000000000,2,44771,12,normal,0,test
1182,1700993660000000000,2,39055,12,normal,0,test
1182,1701085940000000000,2,38312,13,normal,0,test
1182,1701175400000000000,2,40796,14,normal,0,test
1182,1701175520000000000,2,44005,14,normal,0,test
1182,1701260600000000000,2,38731,14,normal,0,test
1182,1701346220000000000,2,41410,13,normal,0,test
1182,1701355220000000000,2,106006,16,legit: team order,0,test
1182,1701429560000000000,2,106006,13,legit: team order,0,test
1182,1701435320000000000,2,39845,14,normal,0,test
1182,1701515960000000000,2,43573,13,normal,0,test
1182,1701521900000000000,2,47558,14,normal,0,test
1182,1701605420000000000,2,39324,13,normal,0,test
1182,1701694820000000000,2,45251,14,normal,0,test
1183,1700048180000000000,5,25108,13,normal,0,test
1183,1700126060000000000,5,19519,11,normal,0,test
1183,1700217500000000000,6,26128,12,normal,0,test
1183,1700309000000000000,6,21924,13,normal,0,test
1183,1700387840000000000,2,21299,11,legit: occasional merchant,0,test
1183,1700472800000000000,6,20806,11,normal,0,test
1183,1700566940000000000,5,22180,13,normal,0,test
1183,1700561120000000000,5,63622,11,legit: team order,0,test
1183,1700654180000000000,6,63622,13,legit: team order,0,test
1183,1700732540000000000,6,18975,11,normal,0,test
1183,1700821220000000000,5,17842,12,normal,0,test
1183,1700912000000000000,5,16083,13,normal,0,test
1183,1700998700000000000,5,16907,13,normal,0,test
1183,1701086120000000000,6,23555,13,normal,0,test
1183,1701163760000000000,6,21021,11,normal,0,test
1183,1701249440000000000,5,22896,11,normal,0,test
1183,1701341720000000000,6,24124,12,normal,0,test
1183,1701343700000000000,6,24975,13,normal,0,test
1183,1701427460000000000,5,22686,12,normal,0,test
1183,1701515240000000000,6,16331,12,normal,0,test
1183,1701598100000000000,5,27528,11,normal,0,test
1183,1701598820000000000,5,25209,12,normal,0,test
1183,1701683360000000000,5,21160,11,normal,0,test
1183,1701778280000000000,6,16643,13,normal,0,test
1184,1700047940000000000,2,29848,13,normal,0,test
1184,1700139020000000000,2,33686,14,normal,0,test
1184,1700221520000000000,2,37453,13,normal,0,test
1184,1700313200000000000,6,30009,15,normal,0,test
1184,1700394860000000000,6,37155,13,normal,0,test
1184,1700395460000000000,2,33465,13,normal,0,test
1184,1700488340000000000,2,31885,15,normal,0,test
1184,1700575940000000000,2,31244,15,normal,0,test
1184,1700657060000000000,2,34449,14,normal,0,test
1184,1700747900000000000,6,35477,15,normal,0,test
1184,1700832140000000000,2,27530,15,normal,0,test
1184,1700914700000000000,6,33288,14,normal,0,test
1184,1701007100000000000,6,30113,15,normal,0,test
1184,1701092780000000000,6,33363,15,normal,0,test
1184,1701091700000000000,6,35887,15,normal,0,test
1184,1701173480000000000,2,37391,13,normal,0,test
1184,1701264980000000000,2,29879,15,normal,0,test
1184,1701260120000000000,2,27797,14,normal,0,test
1184,1701344540000000000,6,84808,13,legit: team order,0,test
1184,1701351800000000000,6,31761,15,normal,0,test
1184,1701430640000000000,6,27058,13,normal,0,test
1184,1701523640000000000,2,26877,15,normal,0,test
1184,1701604880000000000,2,38015,13,normal,0,test
1184,1701690560000000000,6,37226,13,normal,0,test
1184,1701689060000000000,6,27984,13,normal,0,test
1185,1700051540000000000,1,39924,14,normal,0,test
1185,1700142380000000000,1,43184,15,normal,0,test
1185,1700224160000000000,3,42449,14,normal,0,test
1185,1700227580000000000,3,33650,15,normal,0,test
1185,1700310980000000000,1,33076,14,normal,0,test
1185,1700309540000000000,1,32734,13,normal,0,test
1185,1700401640000000000,3,42743,15,normal,0,test
1185,1700483420000000000,1,44107,14,normal,0,test
1185,1700568800000000000,1,38634,14,normal,0,test
1185,1700572700000000000,3,39586,15,normal,0,test
1185,1700656880000000000,1,34182,14,normal,0,test
1185,1700738840000000000,3,41829,13,normal,0,test
1185,1700827220000000000,1,40998,13,normal,0,test
1185,1700824700000000000,1,32473,13,normal,0,test
1185,1700911940000000000,1,41971,13,normal,0,test
1185,1700998220000000000,3,43249,13,normal,0,test
1185,1701094160000000000,3,34195,15,normal,0,test
1185,1701123200000000000,1,38179,14,burst,1,test
1185,1701123320000000000,1,38179,14,burst,1,test
1185,1701123440000000000,1,38179,14,burst,1,test
1185,1701123560000000000,1,38179,14,burst,1,test
1185,1701123680000000000,1,38179,14,burst,1,test
1185,1701123800000000000,1,38179,14,burst,1,test
1186,1700051240000000000,6,54831,14,normal,0,test
1186,1700141420000000000,6,50238,15,normal,0,test
1186,1700225360000000000,6,54534,14,normal,0,test
1186,1700309240000000000,6,55865,13,normal,0,test
1186,1700392940000000000,2,55191,13,normal,0,test
1186,1700488700000000000,6,54267,15,normal,0,test
1186,1700575760000000000,6,53806,15,normal,0,test
1186,1700654420000000000,6,59678,13,normal,0,test
1186,1700747180000000000,2,57130,15,normal,0,test
1186,1700741120000000000,6,51182,13,normal,0,test
1186,1700830160000000000,6,59284,14,normal,0,test
1186,1700834600000000000,2,55402,15,normal,0,test
1186,1700911280000000000,6,54675,13,normal,0,test
1186,1701003740000000000,2,59200,14,normal,0,test
1186,1701085880000000000,2,55558,13,normal,0,test
1186,1701091280000000000,6,53392,15,normal,0,test
1186,1701176180000000000,2,58182,14,normal,0,test
1186,1701266960000000000,2,60349,15,normal,0,test
1186,1701348800000000000,2,58529,14,normal,0,test
1186,1701433820000000000,6,58660,14,normal,0,test
1186,1701521600000000000,6,56994,14,normal,0,test
1186,1701607880000000000,2,52648,14,normal,0,test
1186,1701691280000000000,2,52245,13,normal,0,test
1186,1701780320000000000,2,50283,14,normal,0,test
1187,1700041640000000000,4,51403,11,normal,0,test
1187,1700142800000000000,4,54800,15,legit: late lunch,0,test
1187,1700128280000000000,1,54871,11,normal,0,test
1187,1700219660000000000,4,54156,13,normal,0,test
1187,1700307920000000000,1,56242,13,normal,0,test
1187,1700387480000000000,4,48559,11,normal,0,test
1187,1700481680000000000,4,121074,13,legit: team order,0,test
1187,1700561900000000000,1,49472,12,normal,0,test
1187,1700659340000000000,1,50256,15,legit: late lunch,0,test
1187,1700732480000000000,1,46614,11,normal,0,test
1187,1700821340000000000,4,51193,12,normal,0,test
1187,1700821580000000000,4,45899,12,normal,0,test
1187,1700907440000000000,1,53213,12,normal,0,test
1187,1700910380000000000,4,46746,12,normal,0,test
1187,1700990360000000000,4,54776,11,normal,0,test
1187,1700991020000000000,1,51510,11,normal,0,test
1187,1701086660000000000,1,51056,13,normal,0,test
1187,1701085700000000000,1,45940,13,normal,0,test
1187,1701168500000000000,4,52818,12,normal,0,test
1187,1701265340000000000,4,52228,15,legit: late lunch,0,test
1187,1701251240000000000,4,51406,11,normal,0,test
1187,1701352100000000000,1,53555,15,legit: late lunch,0,test
1187,1701427340000000000,4,50720,12,normal,0,test
1187,1701512960000000000,4,55593,12,normal,0,test
1187,1701600800000000000,4,46662,12,normal,0,test
1188,1700056220000000000,1,30961,15,normal,0,test
1188,1700139800000000000,1,30606,14,normal,0,test
1188,1700136440000000000,1,32846,13,normal,0,test
1188,1700224940000000000,1,41296,14,normal,0,test
1188,1700315960000000000,5,36375,15,normal,0,test
1188,1700402960000000000,1,35326,15,normal,0,test
1188,1700397980000000000,1,34576,14,normal,0,test
1188,1700485040000000000,1,37711,14,normal,0,test
1188,1700569100000000000,5,37095,14,normal,0,test
1188,1700657420000000000,1,39052,14,normal,0,test
1188,1700744300000000000,1,38890,14,normal,0,test
1188,1700739800000000000,5,37537,13,normal,0,test
1188,1700831120000000000,5,33772,14,normal,0,test
1188,1700918960000000000,5,41370,15,normal,0,test
1188,1701002720000000000,5,36525,14,normal,0,test
1188,1700999180000000000,5,32722,13,normal,0,test
1188,1701089540000000000,5,37757,14,normal,0,test
1188,1701175520000000000,1,37246,14,normal,0,test
1188,1701267020000000000,1,36206,15,normal,0,test
1188,1701353000000000000,5,30751,15,normal,0,test
1188,1701434960000000000,5,35259,14,normal,0,test
1188,1701525200000000000,5,34998,15,normal,0,test
1188,1701518360000000000,5,37877,13,normal,0,test
1188,1701606920000000000,5,35212,14,normal,0,test
1188,1701610820000000000,1,30071,15,normal,0,test
1188,1701696860000000000,5,40056,15,normal,0,test
1188,1701728000000000000,1,35842,14,burst,1,test
1188,1701728120000000000,1,35842,14,burst,1,test
1188,1701728240000000000,1,35842,14,burst,1,test
1188,1701728360000000000,1,35842,14,burst,1,test
1188,1701728480000000000,1,35842,14,burst,1,test
1188,1701728600000000000,1,35842,14,burst,1,test
1189,1700051420000000000,6,102070,14,legit: team order,0,test
1189,1700139200000000000,6,35340,14,normal,0,test
1189,1700224700000000000,6,42123,14,normal,0,test
1189,1700223020000000000,6,45148,13,normal,0,test
1189,1700318780000000000,1,35228,16,legit: late lunch,0,test
1189,1700397080000000000,6,41980,14,normal,0,test
1189,1700480180000000000,1,35768,13,normal,0,test
1189,1700477900000000000,6,44385,12,normal,0,test
1189,1700565020000000000,6,38976,12,normal,0,test
1189,1700562200000000000,6,38671,12,normal,0,test
1189,1700652680000000000,1,40652,13,normal,0,test
1189,1700657300000000000,1,38477,14,normal,0,test
1189,1700738120000000000,6,39958,13,normal,0,test
1189,1700828420000000000,1,41403,14,normal,0,test
1189,1700916500000000000,1,36171,14,normal,0,test
1189,1700912300000000000,6,41979,13,normal,0,test
1189,1700998820000000000,1,39537,13,normal,0,test
1189,1700999600000000000,6,38691,13,normal,0,test
1189,1701088400000000000,1,38960,14,normal,0,test
1189,1701096380000000000,6,40129,16,legit: late lunch,0,test
1189,1701177020000000000,6,35913,14,normal,0,test
1189,1701176240000000000,1,36905,14,normal,0,test
1189,1701256760000000000,6,45965,13,normal,0,test
1189,1701349460000000000,6,36596,14,normal,0,test
1189,1701430220000000000,6,42286,13,normal,0,test
1189,1701428300000000000,1,44412,12,normal,0,test
1190,1700053820000000000,3,20803,14,normal,0,test
1190,1700137640000000000,3,21285,14,normal,0,test
1190,1700139860000000000,6,18012,14,normal,0,test
1190,1700229740000000000,6,22131,15,normal,0,test
1190,1700227400000000000,3,12110,15,normal,0,test
1190,1700309180000000000,6,22661,13,normal,0,test
1190,1700402420000000000,3,15997,15,normal,0,test
1190,1700394680000000000,6,23009,13,normal,0,test
1190,1700484380000000000,3,20057,14,normal,0,test
1190,1700569700000000000,3,15869,14,normal,0,test
1190,1700661260000000000,6,18588,15,normal,0,test
1190,1700747840000000000,3,20767,15,normal,0,test
1190,1700830040000000000,6,13386,14,normal,0,test
1190,1700913620000000000,3,18017,13,normal,0,test
1190,1700998220000000000,3,12679,13,normal,0,test
1190,1701087200000000000,6,20132,14,normal,0,test
1190,1701085520000000000,3,16984,13,normal,0,test
1190,1701180680000000000,3,16266,15,normal,0,test
1190,1701256580000000000,6,22999,13,normal,0,test
1190,1701349340000000000,6,15987,14,normal,0,test
1190,1701439760000000000,3,22337,15,normal,0,test
1190,1701522560000000000,6,13833,14,normal,0,test
1190,1701555200000000000,44,35414,14,new merchant,1,test
1190,1701566000000000000,55,35414,14,new merchant,1,test
1190,1701576800000000000,49,35414,14,new merchant,1,test
1191,1700041940000000000,3,38745,11,normal,0,test
1191,1700126900000000000,4,45179,11,normal,0,test
1191,1700128400000000000,3,41792,11,legit: occasional merchant,0,test
1191,1700217860000000000,6,45534,12,legit: occasional merchant,0,test
1191,1700316080000000000,4,45276,15,legit: late lunch,0,test
1191,1700395460000000000,4,39261,13,normal,0,test
1191,1700401220000000000,4,37167,15,legit: late lunch,0,test
1191,1700479400000000000,4,35333,13,normal,0,test
1191,1700473340000000000,3,37098,11,normal,0,test
1191,1700564780000000000,3,44135,12,normal,0,test
1191,1700654420000000000,3,36178,13,normal,0,test
1191,1700733080000000000,4,39481,11,normal,0,test
1191,1700732600000000000,3,37140,11,normal,0,test
1191,1700834600000000000,4,38124,15,legit: late lunch,0,test
1191,1700914040000000000,4,41079,13,normal,0,test
1191,1701006080000000000,3,101012,15,legit: team order,0,test
1191,1701083660000000000,4,41430,13,normal,0,test
1191,1701083960000000000,3,44903,13,normal,0,test
1191,1701166040000000000,4,43551,11,normal,0,test
1191,1701252920000000000,4,44531,12,normal,0,test
1191,1701341720000000000,4,35137,12,normal,0,test
1191,1701431540000000000,4,45612,13,normal,0,test
1191,1701510380000000000,4,35876,11,normal,0,test
1191,1701513620000000000,3,34692,12,normal,0,test
1191,1701600080000000000,4,43192,12,normal,0,test
1191,1701652400000000000,3,40506,3,odd hour,1,test
1191,1701738800000000000,3,40506,3,odd hour,1,test
1192,1700048540000000000,2,29573,13,normal,0,test
1192,1700141240000000000,2,25497,15,normal,0,test
1192,1700143580000000000,2,22378,15,normal,0,test
1192,1700229980000000000,5,29791,15,normal,0,test
1192,1700220380000000000,5,23176,13,normal,0,test
1192,1700315600000000000,2,24605,15,normal,0,test
1192,1700402780000000000,2,28408,15,normal,0,test
1192,1700481740000000000,5,30570,13,normal,0,test
1192,1700572820000000000,5,33469,15,normal,0,test
1192,1700658500000000000,2,31817,14,normal,0,test
1192,1700746820000000000,2,26936,15,normal,0,test
1192,1700840780000000000,2,26345,17,legit: late lunch,0,test
1192,1700827340000000000,2,29976,13,normal,0,test
1192,1700917340000000000,2,29718,14,normal,0,test
1192,1701000200000000000,2,33863,13,normal,0,test
1192,1701092960000000000,2,32793,15,normal,0,test
1192,1701090200000000000,5,26282,14,normal,0,test
1192,1701179420000000000,2,31266,15,normal,0,test
1192,1701259160000000000,5,26257,13,normal,0,test
1192,1701348560000000000,5,25795,14,normal,0,test
1192,1701342980000000000,5,26875,13,normal,0,test
1192,1701436280000000000,5,32642,14,normal,0,test
1192,1701526340000000000,2,22086,15,normal,0,test
1192,1701517640000000000,2,23998,13,normal,0,test
1192,1701617840000000000,2,22883,17,legit: late lunch,0,test
1192,1701604040000000000,5,30559,13,normal,0,test
1192,1701698600000000000,5,30729,15,normal,0,test
1193,1700062580000000000,3,44459,17,legit: late lunch,0,test
1193,1700051840000000000,5,51834,14,normal,0,test
1193,1700140400000000000,5,50190,15,normal,0,test
1193,1700229680000000000,3,46879,15,normal,0,test
1193,1700313440000000000,3,44059,15,normal,0,test
1193,1700398940000000000,3,45583,14,normal,0,test
1193,1700402000000000000,3,52255,15,normal,0,test
1193,1700480900000000000,5,50142,13,normal,0,test
1193,1700571140000000000,5,43191,14,normal,0,test
1193,1700652140000000000,5,47777,13,normal,0,test
1193,1700740400000000000,5,48272,13,normal,0,test
1193,1700832260000000000,3,114884,15,legit: team order,0,test
1193,1700833460000000000,5,45776,15,normal,0,test
1193,1700915120000000000,3,52702,14,normal,0,test
1193,1700918960000000000,5,50521,15,normal,0,test
1193,1700997500000000000,3,48172,13,normal,0,test
1193,1701093800000000000,3,49215,15,normal,0,test
1193,1701085220000000000,5,52377,13,normal,0,test
1193,1701170600000000000,5,41640,13,normal,0,test
1193,1701262640000000000,5,49389,14,normal,0,test
1193,1701350120000000000,5,49269,15,normal,0,test
1193,1701437300000000000,3,48256,15,normal,0,test
1193,1701436280000000000,5,45786,14,normal,0,test
1193,1701524840000000000,5,53307,15,normal,0,test
1193,1701566000000000000,3,47442,3,odd hour,1,test
1193,1701652400000000000,3,47442,3,odd hour,1,test
1194,1700057120000000000,1,42023,15,normal,0,test
1194,1700133680000000000,1,47069,13,normal,0,test
1194,1700142980000000000,1,41910,15,normal,0,test
1194,1700221160000000000,3,40791,13,normal,0,test
1194,1700309480000000000,1,43838,13,normal,0,test
1194,1700314520000000000,3,38711,15,normal,0,test
1194,1700395220000000000,1,39415,13,normal,0,test
1194,1700480060000000000,3,44194,13,normal,0,test
1194,1700567240000000000,3,40081,13,normal,0,test
1194,1700654240000000000,3,39253,13,normal,0,test
1194,1700746160000000000,3,42572,15,normal,0,test
1194,1700830280000000000,1,40560,14,legit: occasional merchant,0,test
1194,1700917580000000000,1,42588,14,normal,0,test
1194,1700913080000000000,1,41756,13,normal,0,test
1194,1701002600000000000,1,36101,14,normal,0,test
1195,1700043680000000000,4,27156,12,normal,0,test
1195,1700136500000000000,5,68820,13,legit: team order,0,test
1195,1700213120000000000,5,22978,11,normal,0,test
1195,1700301620000000000,5,18636,11,normal,0,test
1195,1700386880000000000,5,28816,11,normal,0,test
1195,1700473520000000000,4,23740,11,normal,0,test
1195,1700481860000000000,5,27203,13,normal,0,test
1195,1700567780000000000,4,29784,13,normal,0,test
1195,1700565740000000000,4,27916,13,normal,0,test
1195,1700646500000000000,5,26143,11,normal,0,test
1195,1700651240000000000,5,23544,12,normal,0,test
1195,1700734940000000000,5,19038,12,normal,0,test
1195,1700740520000000000,5,23215,13,normal,0,test
1195,1700818820000000000,5,25445,11,normal,0,test
1195,1700908280000000000,4,25517,12,normal,0,test
1195,1700907260000000000,4,24964,12,normal,0,test
1195,1700998580000000000,5,28674,13,normal,0,test
1195,1700992640000000000,5,21769,11,normal,0,test
1195,1701080600000000000,5,22744,12,normal,0,test
1195,1701076700000000000,4,19867,11,normal,0,test
1195,1701164720000000000,5,24716,11,normal,0,test
1195,1701173540000000000,4,24465,13,normal,0,test
1195,1701210800000000000,4,73230,12,spend spike,1,test
1195,1701212000000000000,4,97640,12,spend spike,1,test
1195,1701213200000000000,4,122050,12,spend spike,1,test
1196,1700045180000000000,1,10778,12,normal,0,test
1196,1700133200000000000,6,14225,13,normal,0,test
1196,1700128400000000000,6,18092,11,normal,0,test
1196,1700218940000000000,1,19016,12,normal,0,test
1196,1700304680000000000,1,11972,12,normal,0,test
1196,1700308700000000000,1,12419,13,normal,0,test
1196,1700386820000000000,6,19353,11,normal,0,test
1196,1700401400000000000,1,10744,15,legit: late lunch,0,test
1196,1700474660000000000,1,20684,11,normal,0,test
1196,1700475620000000000,1,13318,12,normal,0,test
1196,1700564600000000000,6,14920,12,normal,0,test
1196,1700563220000000000,6,16032,12,normal,0,test
1196,1700653520000000000,1,12055,13,normal,0,test
1196,1700745680000000000,1,17870,15,legit: late lunch,0,test
1196,1700821580000000000,1,18712,12,normal,0,test
1196,1700824760000000000,6,17086,13,normal,0,test
1196,1700904320000000000,1,16136,11,normal,0,test
1196,1700990660000000000,6,11334,11,normal,0,test
1196,1700997920000000000,1,11417,13,normal,0,test
1196,1701038000000000000,1,49923,12,spend spike,1,test
1196,1701039200000000000,1,66564,12,spend spike,1,test
1196,1701040400000000000,1,83205,12,spend spike,1,test
1197,1700048480000000000,6,48849,13,normal,0,test
1197,1700136740000000000,6,46637,13,normal,0,test
1197,1700216540000000000,6,47006,12,normal,0,test
1197,1700304380000000000,1,42786,12,normal,0,test
1197,1700311040000000000,6,46115,14,normal,0,test
1197,1700391200000000000,6,47551,12,normal,0,test
1197,1700476460000000000,6,50652,12,normal,0,test
1197,1700480120000000000,6,49775,13,normal,0,test
1197,1700571620000000000,6,50369,14,normal,0,test
1197,1700655440000000000,1,39820,14,normal,0,test
1197,1700649980000000000,6,45573,12,normal,0,test
1197,1700745020000000000,6,47048,14,normal,0,test
1197,1700835380000000000,1,47799,16,legit: late lunch,0,test
1197,1700907800000000000,1,43319,12,normal,0,test
1197,1701009380000000000,6,42940,16,legit: late lunch,0,test
1197,1701083480000000000,6,44254,12,normal,0,test
1197,1701175760000000000,6,40992,14,normal,0,test
1197,1701253580000000000,6,46878,12,normal,0,test
1197,1701340160000000000,1,50352,12,normal,0,test
1197,1701434000000000000,6,46248,14,normal,0,test
1197,1701512480000000000,1,42129,12,normal,0,test
1197,1701519260000000000,1,45084,14,normal,0,test
1197,1701608540000000000,6,48492,14,normal,0,test
1197,1701687560000000000,6,40079,12,normal,0,test
1197,1701775040000000000,1,41109,13,normal,0,test
1197,1701814400000000000,1,45135,13,burst,1,test
1197,1701814520000000000,1,45135,13,burst,1,test
1197,1701814640000000000,1,45135,13,burst,1,test
1197,1701814760000000000,1,45135,13,burst,1,test
1197,1701814880000000000,1,45135,13,burst,1,test
1197,1701815000000000000,1,45135,13,burst,1,test
1198,1700047700000000000,3,58467,13,normal,0,train
1198,1700134520000000000,1,59744,13,normal,0,train
1198,1700228120000000000,3,59072,15,legit: late lunch,0,train
1198,1700303540000000000,3,52732,12,normal,0,train
1198,1700392160000000000,3,54512,12,normal,0,train
1198,1700476460000000000,3,52848,12,normal,0,train
1198,1700474600000000000,1,63160,11,normal,0,train
1198,1700565620000000000,1,54607,13,normal,0,train
1198,1700559020000000000,1,63788,11,normal,0,train
1198,1700653940000000000,1,54588,13,normal,0,train
1198,1700735180000000000,1,62825,12,normal,0,train
1198,1700739020000000000,1,58673,13,normal,0,train
1198,1700821400000000000,3,56972,12,normal,0,train
1198,1700914220000000000,3,63331,13,normal,0,train
1198,1700919920000000000,3,62107,15,legit: late lunch,0,train
1198,1700996180000000000,1,59462,12,normal,0,train
1198,1701080660000000000,3,58594,12,normal,0,train
1198,1701173360000000000,4,63697,13,legit: occasional merchant,0,train
1198,1701257780000000000,3,55932,13,normal,0,train
1198,1701344720000000000,3,136416,13,legit: team order,0,train
1198,1701425840000000000,1,60068,12,normal,0,train
1199,1700049800000000000,1,51117,13,normal,0,train
1199,1700142080000000000,3,41740,15,normal,0,train
1199,1700221640000000000,1,47987,13,normal,0,train
1199,1700315420000000000,3,42022,15,normal,0,train
1199,1700399780000000000,3,52662,15,normal,0,train
1199,1700484920000000000,3,51644,14,normal,0,train
1199,1700575880000000000,3,43867,15,normal,0,train
1199,1700662160000000000,3,43848,15,normal,0,train
1199,1700739260000000000,1,45107,13,normal,0,train
1199,1700831780000000000,1,44527,15,normal,0,train
1199,1700916740000000000,3,42461,14,normal,0,train
1199,1701001520000000000,3,52613,14,normal,0,train
1199,1701084140000000000,3,41729,13,normal,0,train
1199,1701175880000000000,1,114304,14,legit: team order,0,train
1199,1701258020000000000,1,43969,13,normal,0,train
1199,1701263780000000000,1,44452,15,normal,0,train
1199,1701350780000000000,3,114304,15,legit: team order,0,train
1199,1701436340000000000,3,51073,14,normal,0,train
1199,1701519740000000000,3,43665,14,normal,0,train
1199,1701612140000000000,3,45254,15,normal,0,train
1199,1701652400000000000,1,47152,3,odd hour,1,train
1199,1701738800000000000,1,47152,3,odd hour,1,train
1200,1700051600000000000,6,31723,14,normal,0,train
1200,1700133920000000000,4,39294,13,normal,0,train
1200,1700217920000000000,6,41397,12,normal,0,train
1200,1700307800000000000,4,30949,13,normal,0,train
1200,1700392100000000000,4,38093,12,normal,0,train
1200,1700479040000000000,4,41713,13,normal,0,train
1200,1700482640000000000,6,40277,14,normal,0,train
1200,1700566220000000000,6,33441,13,normal,0,train
1200,1700563940000000000,6,32204,12,normal,0,train
1200,1700657300000000000,4,33080,14,normal,0,train
1200,1700736500000000000,6,42183,12,normal,0,train
1200,1700741420000000000,6,41031,13,normal,0,train
1200,1700826740000000000,6,41605,13,normal,0,train
1200,1700912660000000000,4,39029,13,normal,0,train
1200,1701003200000000000,6,37399,14,normal,0,train
1200,1701086900000000000,6,36071,13,normal,0,train
1200,1701176480000000000,4,36489,14,normal,0,train
1200,1701175520000000000,6,93100,14,legit: team order,0,train
1200,1701256460000000000,6,34751,13,normal,0,train
1200,1701252800000000000,4,37515,12,normal,0,train
1200,1701349160000000000,6,38704,14,normal,0,train
1200,1701426800000000000,4,32434,12,normal,0,train
1200,1701516500000000000,4,41343,13,normal,0,train
1200,1701517700000000000,6,38100,13,normal,0,train
1200,1701599600000000000,4,42237,12,normal,0,train
1200,1701602240000000000,4,38730,13,normal,0,train
1200,1701693620000000000,4,37220,14,normal,0,train
1201,1700047100000000000,2,13314,13,normal,0,train
1201,1700050580000000000,2,15418,14,normal,0,train
1201,1700133260000000000,2,10297,13,normal,0,train
1201,1700220620000000000,2,17135,13,normal,0,train
1201,1700309540000000000,2,19796,13,normal,0,train
1201,1700398520000000000,2,20445,14,normal,0,train
1201,1700488700000000000,2,16359,15,normal,0,train
1201,1700569100000000000,2,15963,14,normal,0,train
1201,1700658440000000000,2,11530,14,normal,0,train
1201,1700657000000000000,2,14277,14,normal,0,train
1201,1700740280000000000,2,13179,13,normal,0,train
1201,1700746520000000000,2,13967,15,normal,0,train
1201,1700833760000000000,2,14930,15,normal,0,train
1201,1700918120000000000,2,20071,15,normal,0,train
1201,1701004400000000000,2,11529,15,normal,0,train
1201,1701012620000000000,2,50090,17,legit: team order,0,train
1201,1701091340000000000,2,17706,15,normal,0,train
1201,1701123200000000000,53,30090,14,new merchant,1,train
1201,1701134000000000000,51,30090,14,new merchant,1,train
1201,1701144800000000000,41,30090,14,new merchant,1,train
1202,1700046500000000000,1,48584,12,normal,0,train
1202,1700039900000000000,6,49257,11,normal,0,train
1202,1700134820000000000,1,53228,13,normal,0,train
1202,1700216540000000000,6,59229,12,normal,0,train
1202,1700212880000000000,1,56326,11,normal,0,train
1202,1700304020000000000,6,58280,12,normal,0,train
1202,1700316740000000000,1,126556,15,legit: team order,0,train
1202,1700390540000000000,1,57623,12,normal,0,train
1202,1700473160000000000,1,59192,11,normal,0,train
1202,1700567300000000000,1,54353,13,normal,0,train
1202,1700652920000000000,6,126556,13,legit: team order,0,train
1202,1700654120000000000,1,126556,13,legit: team order,0,train
1202,1700731820000000000,6,51855,11,normal,0,train
1202,1700818040000000000,6,52541,11,normal,0,train
1202,1700909540000000000,6,53238,12,normal,0,train
1202,1700993660000000000,1,51976,12,normal,0,train
1202,1701076820000000000,1,57346,11,normal,0,train
1202,1701166580000000000,6,49834,12,normal,0,train
1202,1701250880000000000,6,54786,11,normal,0,train
1202,1701254900000000000,2,53438,12,legit: occasional merchant,0,train
1202,1701341600000000000,1,52383,12,normal,0,train
1202,1701425360000000000,6,126556,11,legit: team order,0,train
1202,1701513500000000000,6,56278,12,normal,0,train
1202,1701516140000000000,6,50812,13,normal,0,train
1202,1701603080000000000,6,48886,13,normal,0,train
1202,1701681380000000000,1,49306,11,normal,0,train
1202,1701687200000000000,6,49446,12,normal,0,train
1202,1701776660000000000,1,50969,13,normal,0,train
1202,1701783740000000000,6,53119,15,legit: late lunch,0,train
1202,1701814400000000000,6,53278,12,burst,1,train
1202,1701814520000000000,6,53278,12,burst,1,train
1202,1701814640000000000,6,53278,12,burst,1,train
1202,1701814760000000000,6,53278,12,burst,1,train
1202,1701814880000000000,6,53278,12,burst,1,train
1202,1701815000000000000,6,53278,12,burst,1,train
1203,1700052800000000000,3,24364,14,normal,0,train
1203,1700130140000000000,4,25622,12,normal,0,train
1203,1700136500000000000,3,30287,13,normal,0,train
1203,1700219480000000000,4,33514,12,normal,0,train
1203,1700307980000000000,3,29324,13,normal,0,train
1203,1700396180000000000,4,31906,14,normal,0,train
1203,1700476520000000000,4,31992,12,normal,0,train
1203,1700572160000000000,3,76842,14,legit: team order,0,train
1203,1700652680000000000,3,31333,13,normal,0,train
1203,1700736080000000000,3,33876,12,normal,0,train
1203,1700825000000000000,3,28237,13,normal,0,train
1203,1700910680000000000,4,26496,12,normal,0,train
1203,1701010880000000000,4,26114,16,legit: late lunch,0,train
1203,1701083360000000000,4,30855,12,normal,0,train
1204,1700050160000000000,1,48962,13,normal,0,train
1204,1700140340000000000,2,50101,14,normal,0,train
1204,1700137460000000000,1,47364,14,normal,0,train
1204,1700225840000000000,1,49365,14,normal,0,train
1204,1700311940000000000,2,47094,14,normal,0,train
1204,1700389580000000000,2,54322,12,legit: occasional merchant,0,train
1204,1700390300000000000,2,52306,12,normal,0,train
1204,1700479460000000000,2,51611,13,normal,0,train
1204,1700484500000000000,2,49566,14,normal,0,train
1204,1700567960000000000,2,46956,13,normal,0,train
1204,1700650220000000000,1,125308,12,legit: team order,0,train
1204,1700736080000000000,1,51914,12,normal,0,train
1204,1700835860000000000,2,51135,16,legit: late lunch,0,train
1204,1700914760000000000,2,53438,14,normal,0,train
1204,1700907320000000000,1,51277,12,normal,0,train
1204,1700996480000000000,1,52877,12,legit: occasional merchant,0,train
1204,1701082100000000000,2,53577,12,normal,0,train
1204,1701167780000000000,1,48360,12,normal,0,train
1204,1701263000000000000,2,51218,14,normal,0,train
1204,1701342440000000000,2,53066,12,normal,0,train
1204,1701426800000000000,2,48852,12,normal,0,train
1204,1701479600000000000,1,52654,3,odd hour,1,train
1204,1701566000000000000,1,52654,3,odd hour,1,train
1205,1700052140000000000,3,41153,14,normal,0,train
1205,1700138600000000000,3,50195,14,normal,0,train
1205,1700227460000000000,3,38470,15,normal,0,train
1205,1700315420000000000,3,49286,15,normal,0,train
1205,1700398160000000000,1,42657,14,normal,0,train
1205,1700484560000000000,1,38931,14,normal,0,train
1205,1700572700000000000,3,41838,15,normal,0,train
1205,1700656940000000000,1,44920,14,normal,0,train
1205,1700741420000000000,3,44719,13,normal,0,train
1205,1700835140000000000,1,46189,15,normal,0,train
1205,1700921180000000000,1,49241,15,normal,0,train
1205,1700920400000000000,1,108472,15,legit: team order,0,train
1205,1701003800000000000,3,44372,14,normal,0,train
1205,1701000500000000000,1,45094,13,normal,0,train
1205,1701101180000000000,1,47151,17,legit: late lunch,0,train
1206,1700041220000000000,6,43538,11,normal,0,train
1206,1700127260000000000,6,42061,11,normal,0,train
1206,1700221100000000000,6,43999,13,normal,0,train
1206,1700213240000000000,6,42761,11,normal,0,train
1206,1700302580000000000,3,43366,12,normal,0,train
1206,1700385500000000000,6,46435,11,normal,0,train
1206,1700474060000000000,6,46453,11,normal,0,train
1206,1700565860000000000,3,45646,13,normal,0,train
1206,1700646380000000000,3,46508,11,normal,0,train
1206,1700734340000000000,6,47134,11,normal,0,train
1206,1700820800000000000,3,41990,12,normal,0,train
1206,1700904080000000000,6,40774,11,normal,0,train
1206,1700907020000000000,3,36223,11,normal,0,train
1206,1700999360000000000,6,37940,13,normal,0,train
1206,1701076940000000000,3,43332,11,normal,0,train
1206,1701123200000000000,43,82298,12,new merchant,1,train
1206,1701134000000000000,54,82298,12,new merchant,1,train
1206,1701144800000000000,43,82298,12,new merchant,1,train
1207,1700053820000000000,3,49943,14,normal,0,train
1207,1700130800000000000,6,49002,12,normal,0,train
1207,1700223380000000000,6,54347,14,normal,0,train
1207,1700216900000000000,3,49748,12,normal,0,train
1207,1700303600000000000,6,50147,12,normal,0,train
1207,1700394500000000000,6,48567,13,normal,0,train
1207,1700391740000000000,6,50262,12,normal,0,train
1207,1700479100000000000,6,55033,13,normal,0,train
1207,1700484440000000000,3,47748,14,normal,0,train
1207,1700572100000000000,3,52975,14,normal,0,train
1207,1700657120000000000,3,55025,14,normal,0,train
1207,1700742920000000000,3,49491,14,normal,0,train
1207,1700822360000000000,6,54299,12,normal,0,train
1207,1700909060000000000,6,46989,12,normal,0,train
1207,1701003980000000000,3,55438,14,normal,0,train
1207,1700998400000000000,6,56221,13,normal,0,train
1207,1701085580000000000,3,54334,13,normal,0,train
1207,1701172940000000000,6,125420,13,legit: team order,0,train
1207,1701262940000000000,3,56519,14,normal,0,train
1207,1701348500000000000,3,50080,14,normal,0,train
1207,1701431720000000000,3,125420,13,legit: team order,0,train
1207,1701426140000000000,6,55249,12,normal,0,train
1207,1701528680000000000,6,51029,16,legit: late lunch,0,train
1208,1700048780000000000,4,40555,13,normal,0,train
1208,1700132600000000000,4,31840,12,normal,0,train
1208,1700216780000000000,4,40780,12,normal,0,train
1208,1700300060000000000,1,39401,11,normal,0,train
1208,1700386880000000000,4,36295,11,normal,0,train
1208,1700472620000000000,1,33247,11,normal,0,train
1208,1700560400000000000,4,37763,11,normal,0,train
1208,1700648120000000000,4,34227,12,normal,0,train
1208,1700734760000000000,1,39355,12,normal,0,train
1208,1700826800000000000,1,31046,13,normal,0,train
1208,1700919020000000000,1,35825,15,legit: late lunch,0,train
1208,1700998700000000000,4,34287,13,normal,0,train
1208,1701081920000000000,4,42460,12,normal,0,train
1208,1701180440000000000,4,31130,15,legit: late lunch,0,train
1208,1701172700000000000,1,36848,13,normal,0,train
1209,1700042000000000000,1,105760,11,legit: team order,0,train
1209,1700128820000000000,1,37566,11,normal,0,train
1209,1700215760000000000,6,37611,11,normal,0,train
1209,1700299160000000000,6,38451,11,normal,0,train
1209,1700302700000000000,6,39218,12,normal,0,train
1209,1700391140000000000,1,42602,12,normal,0,train
1209,1700478260000000000,6,39080,12,normal,0,train
1209,1700565140000000000,1,37420,12,normal,0,train
1209,1700649500000000000,1,48531,12,normal,0,train
1209,1700735660000000000,6,44039,12,normal,0,train
1209,1700819120000000000,1,46555,11,normal,0,train
1209,1700825360000000000,6,40119,13,normal,0,train
1209,1700913860000000000,6,44095,13,normal,0,train
1209,1701006020000000000,6,42019,15,legit: late lunch,0,train
1210,1700047280000000000,6,38226,13,legit: occasional merchant,0,train
1210,1700129480000000000,5,39592,11,normal,0,train
1210,1700133260000000000,5,39357,13,normal,0,train
1210,1700218880000000000,5,34039,12,normal,0,train
1210,1700300900000000000,1,100002,11,legit: team order,0,train
1210,1700389280000000000,5,43867,12,normal,0,train
1210,1700476160000000000,1,43202,12,normal,0,train
1210,1700574860000000000,5,34638,15,legit: late lunch,0,train
1210,1700649020000000000,4,40249,12,legit: occasional merchant,0,train
1210,1700735480000000000,5,44716,12,normal,0,train
1210,1700823260000000000,5,43792,12,normal,0,train
1210,1700825240000000000,5,45270,13,normal,0,train
1210,1700907920000000000,1,42698,12,normal,0,train
1210,1700906360000000000,1,37248,11,normal,0,train
1210,1700997980000000000,1,43481,13,normal,0,train
1210,1701085580000000000,1,42119,13,normal,0,train
1210,1701080780000000000,5,41658,12,normal,0,train
1210,1701169880000000000,5,41476,12,normal,0,train
1210,1701255800000000000,5,35007,12,normal,0,train
1211,1700051900000000000,3,46008,14,normal,0,train
1211,1700133740000000000,3,45455,13,normal,0,train
1211,1700223680000000000,1,41774,14,normal,0,train
1211,1700226140000000000,2,47007,14,legit: occasional merchant,0,train
1211,1700312300000000000,3,50303,14,normal,0,train
1211,1700306900000000000,3,50284,13,normal,0,train
1211,1700395580000000000,3,42971,13,normal,0,train
1211,1700483660000000000,1,42850,14,normal,0,train
1211,1700565140000000000,1,46885,12,normal,0,train
1211,1700570240000000000,3,41559,14,normal,0,train
1211,1700650520000000000,1,41100,12,normal,0,train
1211,1700743400000000000,3,48954,14,normal,0,train
1211,1700830460000000000,1,45460,14,normal,0,train
1211,1700916500000000000,3,48358,14,normal,0,train
1211,1700998040000000000,3,52255,13,normal,0,train
1211,1700995580000000000,1,44329,12,normal,0,train
1211,1701088520000000000,1,41014,14,normal,0,train
1211,1701082940000000000,1,45534,12,normal,0,train
1211,1701166460000000000,1,47541,12,normal,0,train
1211,1701260000000000000,3,50689,14,normal,0,train
1211,1701344900000000000,3,42779,13,normal,0,train
1211,1701426620000000000,1,41496,12,normal,0,train
1211,1701527060000000000,1,46251,16,legit: late lunch,0,train
1211,1701512120000000000,1,48481,12,normal,0,train
1211,1701556400000000000,1,139968,13,spend spike,1,train
1211,1701557600000000000,1,186624,13,spend spike,1,train
1211,1701558800000000000,1,233280,13,spend spike,1,train
1212,1700043260000000000,1,41046,12,normal,0,train
1212,1700045420000000000,1,39335,12,normal,0,train
1212,1700128280000000000,2,97514,11,legit: team order,0,train
1212,1700213600000000000,1,40316,11,normal,0,train
1212,1700214200000000000,2,37648,11,normal,0,train
1212,1700308460000000000,1,39727,13,normal,0,train
1212,1700395460000000000,2,34411,13,normal,0,train
1212,1700472200000000000,1,37980,11,normal,0,train
1212,1700559980000000000,2,37347,11,normal,0,train
1212,1700644580000000000,2,36057,11,normal,0,train
1212,1700739680000000000,1,44163,13,normal,0,train
1212,1700741180000000000,1,42264,13,normal,0,train
1212,1700834360000000000,1,39925,15,legit: late lunch,0,train
1212,1700908580000000000,1,34479,12,normal,0,train
1212,1701000380000000000,2,37539,13,normal,0,train
1212,1701078140000000000,1,43506,11,normal,0,train
1212,1701167480000000000,2,44318,12,normal,0,train
1212,1701265760000000000,1,37988,15,legit: late lunch,0,train
1212,1701338300000000000,2,34785,11,normal,0,train
1212,1701436760000000000,1,34947,15,legit: late lunch,0,train
1212,1701514880000000000,1,39677,12,normal,0,train
1213,1700046140000000000,4,36116,12,normal,0,train
1213,1700049320000000000,5,39050,13,legit: occasional merchant,0,train
1213,1700136200000000000,5,43925,13,normal,0,train
1213,1700217020000000000,4,42770,12,normal,0,train
1213,1700305760000000000,5,37109,12,normal,0,train
1213,1700395400000000000,5,35250,13,normal,0,train
1213,1700478320000000000,4,43616,12,normal,0,train
1213,1700479760000000000,5,42784,13,normal,0,train
1213,1700559260000000000,4,36306,11,normal,0,train
1213,1700648540000000000,5,33860,12,normal,0,train
1213,1700738660000000000,4,33567,13,normal,0,train
1213,1700824040000000000,5,33355,12,normal,0,train
1213,1700911040000000000,4,38421,13,normal,0,train
1213,1700990300000000000,4,34921,11,normal,0,train
1213,1701087140000000000,4,97946,13,legit: team order,0,train
1213,1701173480000000000,4,40810,13,normal,0,train
1213,1701165080000000000,5,35450,11,normal,0,train
1213,1701257180000000000,4,44610,13,normal,0,train
1213,1701345860000000000,5,40168,13,normal,0,train
1214,1700056520000000000,1,41729,15,normal,0,train
1214,1700137400000000000,1,33858,14,normal,0,train
1214,1700225420000000000,1,39395,14,normal,0,train
1214,1700314880000000000,1,36706,15,normal,0,train
1214,1700396060000000000,1,41910,14,normal,0,train
1214,1700396540000000000,1,39331,14,normal,0,train
1214,1700478860000000000,1,33584,13,normal,0,train
1214,1700571320000000000,1,34541,14,normal,0,train
1214,1700651960000000000,1,35981,13,legit: occasional merchant,0,train
1214,1700746100000000000,1,33076,15,normal,0,train
1214,1700825780000000000,1,92980,13,legit: team order,0,train
1214,1700916200000000000,1,35707,14,normal,0,train
1214,1701002540000000000,1,31009,14,normal,0,train
1215,1700063300000000000,2,36472,17,legit: late lunch,0,train
1215,1700050460000000000,2,37555,14,normal,0,train
1215,1700150960000000000,2,39095,17,legit: late lunch,0,train
1215,1700228420000000000,2,42567,15,normal,0,train
1215,1700312720000000000,2,32305,14,normal,0,train
1215,1700401040000000000,2,36234,15,normal,0,train
1215,1700483240000000000,2,41701,14,normal,0,train
1215,1700480540000000000,2,34421,13,normal,0,train
1215,1700570540000000000,2,33544,14,normal,0,train
1215,1700651840000000000,2,42374,13,normal,0,train
1215,1700656460000000000,2,43169,14,normal,0,train
1215,1700742200000000000,2,35033,14,normal,0,train
1215,1700740820000000000,2,37148,13,normal,0,train
1215,1700831900000000000,2,41130,15,normal,0,train
1215,1700913020000000000,2,36599,13,normal,0,train
1215,1701006500000000000,2,32170,15,normal,0,train
1215,1701005180000000000,2,33355,15,normal,0,train
1215,1701083660000000000,2,43634,13,normal,0,train
1215,1701085820000000000,2,37659,13,normal,0,train
1215,1701172100000000000,2,35256,13,normal,0,train
1215,1701258020000000000,2,39248,13,normal,0,train
1215,1701297200000000000,2,113076,14,spend spike,1,train
1215,1701298400000000000,2,150768,14,spend spike,1,train
1215,1701299600000000000,2,188460,14,spend spike,1,train
1216,1700056280000000000,3,29554,15,normal,0,train
1216,1700137940000000000,3,30736,14,normal,0,train
1216,1700222840000000000,3,30183,13,normal,0,train
1216,1700310740000000000,3,75260,14,legit: team order,0,train
1216,1700403020000000000,3,25693,15,normal,0,train
1216,1700393900000000000,3,30762,13,normal,0,train
1216,1700481140000000000,3,25945,13,normal,0,train
1216,1700479580000000000,3,22870,13,normal,0,train
1216,1700565620000000000,3,29053,13,normal,0,train
1216,1700569280000000000,6,32182,14,legit: occasional merchant,0,train
1216,1700661740000000000,3,32023,15,normal,0,train
1216,1700744060000000000,3,30274,14,normal,0,train
1216,1700830820000000000,3,24384,14,normal,0,train
1216,1700913320000000000,3,22437,13,normal,0,train
1216,1700998040000000000,3,22387,13,normal,0,train
1216,1701089240000000000,3,33438,14,normal,0,train
1216,1701171560000000000,3,32204,13,normal,0,train
1216,1701179660000000000,3,32405,15,normal,0,train
1216,1701267020000000000,3,25841,15,normal,0,train
1216,1701346100000000000,3,32577,13,normal,0,train
1216,1701382400000000000,3,27630,14,burst,1,train
1216,1701382520000000000,3,27630,14,burst,1,train
1216,1701382640000000000,3,27630,14,burst,1,train
1216,1701382760000000000,3,27630,14,burst,1,train
1216,1701382880000000000,3,27630,14,burst,1,train
1216,1701383000000000000,3,27630,14,burst,1,train
1217,1700042660000000000,2,19532,11,normal,0,train
1217,1700136200000000000,2,64506,13,legit: team order,0,train
1217,1700219360000000000,2,21636,12,normal,0,train
1217,1700308220000000000,2,20511,13,normal,0,train
1217,1700395400000000000,2,64506,13,legit: team order,0,train
1217,1700473280000000000,2,20949,11,normal,0,train
1217,1700480420000000000,2,22126,13,normal,0,train
1217,1700565620000000000,2,19524,13,normal,0,train
1217,1700652560000000000,2,25896,13,normal,0,train
1217,1700731460000000000,2,23058,11,normal,0,train
1217,1700822420000000000,2,24939,12,normal,0,train
1217,1700905460000000000,2,27380,11,normal,0,train
1217,1700910500000000000,2,16399,12,normal,0,train
1217,1701006080000000000,2,25320,15,legit: late lunch,0,train
1217,1701082340000000000,2,25994,12,normal,0,train
1217,1701166940000000000,2,17823,12,normal,0,train
1217,1701254480000000000,2,23005,12,normal,0,train
1217,1701335960000000000,2,23419,11,normal,0,train
1217,1701428420000000000,2,17637,12,normal,0,train
1217,1701512540000000000,2,27023,12,normal,0,train
1217,1701514520000000000,2,27310,12,normal,0,train
1217,1701599240000000000,2,26732,12,normal,0,train
1217,1701652400000000000,2,22253,3,odd hour,1,train
1217,1701738800000000000,2,22253,3,odd hour,1,train
1218,1700052320000000000,1,30831,14,normal,0,train
1218,1700139260000000000,1,37498,14,normal,0,train
1218,1700220680000000000,4,34884,13,normal,0,train
1218,1700218040000000000,4,33889,12,normal,0,train
1218,1700312240000000000,4,30683,14,normal,0,train
1218,1700393360000000000,1,37268,13,normal,0,train
1218,1700478320000000000,1,36208,12,normal,0,train
1218,1700569580000000000,1,28760,14,normal,0,train
1218,1700650160000000000,4,29347,12,normal,0,train
1218,1700744900000000000,1,86520,14,legit: team order,0,train
1218,1700821340000000000,4,38850,12,normal,0,train
1218,1700911400000000000,4,28652,13,legit: occasional merchant,0,train
1218,1701001520000000000,1,34583,14,normal,0,train
1218,1701089780000000000,1,36262,14,normal,0,train
1218,1701082280000000000,4,37663,12,normal,0,train
1218,1701171200000000000,4,32072,13,normal,0,train
1218,1701256400000000000,4,32333,13,normal,0,train
1219,1700044220000000000,1,56855,12,normal,0,train
1219,1700127740000000000,1,58109,11,normal,0,train
1219,1700213180000000000,1,56808,11,normal,0,train
1219,1700308700000000000,1,56305,13,normal,0,train
1219,1700307680000000000,1,57837,13,normal,0,train
1219,1700388980000000000,1,57941,12,normal,0,train
1219,1700475800000000000,1,58949,12,normal,0,train
1219,1700562560000000000,1,57560,12,normal,0,train
1219,1700565140000000000,1,57447,12,normal,0,train
1219,1700651360000000000,1,56639,12,normal,0,train
1219,1700650160000000000,1,53535,12,normal,0,train
1219,1700735060000000000,1,55878,12,normal,0,train
1219,1700827760000000000,1,60537,13,normal,0,train
1219,1700909300000000000,1,56282,12,normal,0,train
1219,1700992700000000000,1,54752,11,normal,0,train
1219,1701079580000000000,1,62666,11,normal,0,train
1219,1701169220000000000,1,56152,12,normal,0,train
1219,1701251840000000000,1,61893,11,normal,0,train
1219,1701257180000000000,1,57426,13,normal,0,train
1220,1700051480000000000,1,39650,14,normal,0,train
1220,1700132360000000000,1,35184,12,normal,0,train
1220,1700133680000000000,1,31792,13,normal,0,train
1220,1700222600000000000,6,35375,13,normal,0,train
1220,1700221760000000000,6,39527,13,normal,0,train
1220,1700312240000000000,1,30728,14,normal,0,train
1220,1700390060000000000,6,31711,12,normal,0,train
1220,1700480000000000000,1,29844,13,normal,0,train
1220,1700564660000000000,1,36645,12,normal,0,train
1220,1700656820000000000,5,34235,14,legit: occasional merchant,0,train
1220,1700745020000000000,6,39142,14,normal,0,train
1220,1700822720000000000,1,31377,12,normal,0,train
1220,1700827820000000000,1,33421,13,normal,0,train
1220,1700908100000000000,6,37910,12,normal,0,train
1220,1700914340000000000,1,90476,13,legit: team order,0,train
1220,1700994500000000000,6,31291,12,normal,0,train
1220,1701097340000000000,1,36068,16,legit: late lunch,0,train
1220,1701167420000000000,1,35466,12,normal,0,train
1220,1701258680000000000,6,33242,13,normal,0,train
1220,1701348260000000000,6,35887,14,normal,0,train
1220,1701426020000000000,1,40025,12,normal,0,train
1220,1701520580000000000,1,37711,14,normal,0,train
1220,1701604700000000000,1,39938,13,normal,0,train
1220,1701689240000000000,1,34212,13,normal,0,train
1220,1701774200000000000,1,36510,12,normal,0,train
1221,1700053640000000000,3,39115,14,normal,0,train
1221,1700141660000000000,2,93076,15,legit: occasional merchant,0,train
1221,1700222780000000000,3,33003,13,normal,0,train
1221,1700306600000000000,4,39241,13,normal,0,train
1221,1700399240000000000,4,33413,14,normal,0,train
1221,1700486540000000000,3,36738,15,normal,0,train
1221,1700571860000000000,3,93076,14,legit: team order,0,train
1221,1700582000000000000,4,31597,17,legit: late lunch,0,train
1221,1700652200000000000,4,40746,13,normal,0,train
1221,1700738000000000000,4,39089,13,normal,0,train
1221,1700830340000000000,4,33198,14,normal,0,train
1221,1700916140000000000,4,37420,14,normal,0,train
1221,1700997560000000000,3,31618,13,normal,0,train
1221,1701093020000000000,4,37632,15,normal,0,train
1221,1701175160000000000,4,36528,14,normal,0,train
1221,1701265820000000000,4,32716,15,normal,0,train
1221,1701344780000000000,3,33948,13,normal,0,train
1222,1700051600000000000,6,53384,14,normal,0,train
1222,1700050700000000000,6,54419,14,normal,0,train
1222,1700140160000000000,2,51355,14,normal,0,train
1222,1700228360000000000,6,47992,15,normal,0,train
1222,1700314520000000000,2,52785,15,normal,0,train
1222,1700400380000000000,6,51790,15,normal,0,train
1222,1700396540000000000,2,43107,14,normal,0,train
1222,1700479940000000000,6,43849,13,normal,0,train
1222,1700494520000000000,6,46810,17,legit: late lunch,0,train
1222,1700571020000000000,6,51617,14,normal,0,train
1222,1700652020000000000,2,46949,13,normal,0,train
1222,1700660300000000000,2,52672,15,normal,0,train
1222,1700739500000000000,6,44039,13,normal,0,train
1222,1700753120000000000,2,43804,17,legit: late lunch,0,train
1222,1700833820000000000,2,49493,15,normal,0,train
1222,1700920340000000000,6,46233,15,normal,0,train
1222,1700999120000000000,2,53768,13,normal,0,train
1222,1701085580000000000,6,46161,13,normal,0,train
1222,1701179600000000000,6,51297,15,normal,0,train
1222,1701257780000000000,2,43520,13,normal,0,train
1222,1701345380000000000,2,49389,13,normal,0,train
1222,1701346100000000000,2,48514,13,normal,0,train
1222,1701434360000000000,2,118012,14,legit: team order,0,train
1222,1701520700000000000,6,45136,14,normal,0,train
1222,1701611120000000000,6,54715,15,normal,0,train
1222,1701704180000000000,2,53286,17,legit: late lunch,0,train
1223,1700056160000000000,5,13374,15,normal,0,train
1223,1700134040000000000,5,20961,13,normal,0,train
1223,1700227340000000000,5,17744,15,normal,0,train
1223,1700219960000000000,5,20131,13,normal,0,train
1223,1700315000000000000,5,15998,15,normal,0,train
1223,1700307080000000000,1,19403,13,legit: occasional merchant,0,train
1223,1700400560000000000,5,20360,15,normal,0,train
1223,1700487620000000000,5,22218,15,normal,0,train
1223,1700565560000000000,5,12685,13,normal,0,train
1223,1700661740000000000,5,14894,15,normal,0,train
1223,1700745500000000000,5,13462,15,normal,0,train
1223,1700831300000000000,5,15043,14,normal,0,train
1223,1700831900000000000,5,20628,15,normal,0,train
1223,1700913320000000000,5,53792,13,legit: team order,0,train
1223,1700998100000000000,5,17464,13,normal,0,train
1223,1701086900000000000,5,11883,13,normal,0,train
1223,1701177860000000000,5,20351,15,normal,0,train
1223,1701266900000000000,5,14993,15,normal,0,train
1223,1701261260000000000,5,14082,14,normal,0,train
1223,1701358760000000000,5,19413,17,legit: occasional merchant,0,train
1223,1701437840000000000,5,18815,15,normal,0,train
1223,1701519560000000000,5,16621,14,normal,0,train
1223,1701523700000000000,5,12888,15,normal,0,train
1224,1700055680000000000,3,36472,15,normal,0,train
1224,1700139740000000000,6,37926,14,normal,0,train
1224,1700138780000000000,6,47365,14,normal,0,train
1224,1700224340000000000,6,43950,14,normal,0,train
1224,1700316500000000000,3,47038,15,normal,0,train
1224,1700397020000000000,6,40295,14,normal,0,train
1224,1700481800000000000,3,45348,13,normal,0,train
1224,1700573900000000000,6,41525,15,normal,0,train
1224,1700566520000000000,3,46485,13,normal,0,train
1224,1700661320000000000,6,38253,15,normal,0,train
1224,1700754200000000000,4,42194,17,legit: occasional merchant,0,train
1224,1700738180000000000,3,36602,13,normal,0,train
1224,1700829980000000000,6,42606,14,normal,0,train
1224,1700829920000000000,3,47793,14,normal,0,train
1224,1700919500000000000,6,41192,15,normal,0,train
1224,1701001100000000000,6,44278,14,normal,0,train
1224,1701086300000000000,6,45021,13,normal,0,train
1224,1701174020000000000,3,43225,14,normal,0,train
1224,1701180140000000000,6,36266,15,normal,0,train
1224,1701264260000000000,6,47076,15,normal,0,train
1224,1701263060000000000,6,36735,14,normal,0,train
1224,1701296000000000000,3,41869,14,burst,1,train
1224,1701296120000000000,3,41869,14,burst,1,train
1224,1701296240000000000,3,41869,14,burst,1,train
1224,1701296360000000000,3,41869,14,burst,1,train
1224,1701296480000000000,3,41869,14,burst,1,train
1224,1701296600000000000,3,41869,14,burst,1,train
1225,1700046920000000000,4,28794,13,normal,0,train
1225,1700048240000000000,4,23889,13,normal,0,train
1225,1700137940000000000,4,31720,14,normal,0,train
1225,1700230280000000000,4,21534,15,normal,0,train
1225,1700307020000000000,4,32778,13,normal,0,train
1225,1700401940000000000,3,21811,15,normal,0,train
1225,1700487080000000000,4,25326,15,normal,0,train
1225,1700482280000000000,3,21342,13,normal,0,train
1225,1700570540000000000,4,32364,14,normal,0,train
1225,1700567000000000000,3,23570,13,normal,0,train
1225,1700661980000000000,3,29305,15,normal,0,train
1225,1700738600000000000,3,32135,13,normal,0,train
1225,1700832800000000000,3,22132,15,normal,0,train
1225,1700913980000000000,4,27685,13,normal,0,train
1225,1700998700000000000,4,32167,13,normal,0,train
1226,1700040980000000000,3,36205,11,normal,0,train
1226,1700130140000000000,4,26939,12,normal,0,train
1226,1700136500000000000,3,84942,13,legit: team order,0,train
1226,1700213360000000000,3,34394,11,normal,0,train
1226,1700300300000000000,3,30072,11,normal,0,train
1226,1700388800000000000,3,29971,12,normal,0,train
1226,1700479520000000000,4,34202,13,normal,0,train
1226,1700558600000000000,3,32196,11,normal,0,train
1226,1700654000000000000,3,33713,13,normal,0,train
1226,1700649260000000000,4,33437,12,normal,0,train
1226,1700731220000000000,4,84942,11,legit: team order,0,train
1226,1700819960000000000,3,32386,11,normal,0,train
1226,1700913860000000000,4,28747,13,normal,0,train
1226,1700910920000000000,4,35131,13,normal,0,train
1226,1700992460000000000,3,31226,11,normal,0,train
1227,1700054540000000000,4,33728,15,legit: occasional merchant,0,train
1227,1700138120000000000,5,26661,14,normal,0,train
1227,1700142080000000000,5,32814,15,normal,0,train
1227,1700223440000000000,1,28286,14,legit: occasional merchant,0,train
1227,1700316260000000000,1,23075,15,normal,0,train
1227,1700402660000000000,1,25068,15,normal,0,train
1227,1700396960000000000,5,30897,14,normal,0,train
1227,1700484260000000000,5,27256,14,normal,0,train
1227,1700575460000000000,5,31532,15,normal,0,train
1227,1700571620000000000,1,33505,14,normal,0,train
1227,1700658680000000000,5,32883,14,normal,0,train
1227,1700745980000000000,1,26759,15,normal,0,train
1227,1700833340000000000,1,27193,15,normal,0,train
1227,1700825240000000000,5,25827,13,normal,0,train
1227,1700911100000000000,5,25789,13,normal,0,train
1227,1701007520000000000,5,30507,15,normal,0,train
1227,1701089720000000000,5,32285,14,normal,0,train
1227,1701175460000000000,5,26736,14,normal,0,train
1227,1701257720000000000,1,32548,13,normal,0,train
1227,1701266480000000000,5,32377,15,normal,0,train
1227,1701352040000000000,1,28235,15,normal,0,train
1227,1701434960000000000,5,32081,14,normal,0,train
1227,1701432260000000000,5,29850,13,normal,0,train
1227,1701519980000000000,5,28176,14,normal,0,train
1227,1701610880000000000,1,26254,15,legit: occasional merchant,0,train
1227,1701612740000000000,5,34022,15,legit: occasional merchant,0,train
1227,1701688460000000000,1,30348,13,normal,0,train
1227,1701697220000000000,1,32082,15,normal,0,train
1227,1701729200000000000,5,87183,14,spend spike,1,train
1227,1701730400000000000,5,116244,14,spend spike,1,train
1227,1701731600000000000,5,145305,14,spend spike,1,train
1228,1700053100000000000,1,22420,14,normal,0,train
1228,1700050160000000000,1,54452,13,legit: team order,0,train
1228,1700143760000000000,1,20780,15,normal,0,train
1228,1700223020000000000,1,20464,13,normal,0,train
1228,1700322980000000000,1,18336,17,legit: late lunch,0,train
1228,1700402120000000000,1,20726,15,normal,0,train
1228,1700483540000000000,6,17503,14,normal,0,train
1228,1700574800000000000,6,12343,15,normal,0,train
1228,1700659400000000000,1,12928,15,normal,0,train
1228,1700746040000000000,6,20947,15,normal,0,train
1228,1700830160000000000,6,18552,14,normal,0,train
1228,1700916560000000000,1,15359,14,normal,0,train
1228,1700997260000000000,6,12935,13,normal,0,train
1228,1701003740000000000,6,15779,14,normal,0,train
1228,1701093620000000000,6,12767,15,normal,0,train
1228,1701085460000000000,6,12323,13,normal,0,train
1228,1701171980000000000,6,12533,13,normal,0,train
1228,1701260420000000000,1,20863,14,normal,0,train
1229,1700048300000000000,5,52415,13,normal,0,train
1229,1700134760000000000,5,50310,13,normal,0,train
1229,1700221280000000000,5,58769,13,normal,0,train
1229,1700226200000000000,1,49076,14,normal,0,train
1229,1700307140000000000,1,51321,13,normal,0,train
1229,1700392160000000000,5,54522,12,normal,0,train
1229,1700476520000000000,5,58359,12,normal,0,train
1229,1700565260000000000,6,129084,13,legit: occasional merchant,0,train
1229,1700570000000000000,1,57942,14,normal,0,train
1229,1700651600000000000,5,51310,13,normal,0,train
1229,1700738000000000000,1,48855,13,normal,0,train
1229,1700826080000000000,5,58851,13,normal,0,train
1229,1700912960000000000,1,54340,13,normal,0,train
1229,1700998160000000000,5,49518,13,normal,0,train
1229,1701086540000000000,5,59792,13,normal,0,train
1230,1700043200000000000,2,34137,12,normal,0,train
1230,1700135960000000000,2,32480,13,normal,0,train
1230,1700129720000000000,6,26875,12,normal,0,train
1230,1700221760000000000,2,32375,13,normal,0,train
1230,1700303600000000000,6,31971,12,normal,0,train
1230,1700393540000000000,2,31046,13,normal,0,train
1230,1700472080000000000,6,28957,11,normal,0,train
1230,1700563580000000000,6,31392,12,normal,0,train
1230,1700645060000000000,2,28881,11,normal,0,train
1230,1700738300000000000,6,29733,13,normal,0,train
1230,1700820080000000000,2,29333,11,normal,0,train
1230,1700908400000000000,6,26227,12,normal,0,train
1230,1700998820000000000,6,30649,13,normal,0,train
1230,1701081380000000000,6,27416,12,normal,0,train
1230,1701171260000000000,2,27612,13,normal,0,train
1231,1700044760000000000,4,37562,12,normal,0,train
1231,1700133020000000000,6,34972,12,legit: occasional merchant,0,train
1231,1700217800000000000,4,33436,12,normal,0,train
1231,1700219720000000000,4,34477,13,normal,0,train
1231,1700314340000000000,4,34196,15,legit: late lunch,0,train
1231,1700395520000000000,4,36812,13,normal,0,train
1231,1700479640000000000,4,38484,13,normal,0,train
1231,1700565140000000000,4,33106,12,normal,0,train
1231,1700559440000000000,4,37706,11,normal,0,train
1231,1700648780000000000,4,32152,12,normal,0,train
1231,1700733380000000000,4,34727,11,normal,0,train
1231,1700737880000000000,4,91762,12,legit: team order,0,train
1231,1700822780000000000,4,37795,12,normal,0,train
1231,1700905700000000000,4,33153,11,normal,0,train
1231,1700993300000000000,4,33698,11,normal,0,train
1231,1701077840000000000,4,32812,11,normal,0,train
1231,1701164360000000000,4,37279,11,normal,0,train
1231,1701259520000000000,4,34918,13,normal,0,train
1231,1701255980000000000,4,31903,12,normal,0,train
1231,1701339920000000000,4,40073,12,normal,0,train
1231,1701429920000000000,4,29923,13,normal,0,train
1231,1701510260000000000,4,34031,11,normal,0,train
1231,1701595340000000000,4,40282,11,normal,0,train
1231,1701691640000000000,4,30773,13,normal,0,train
1232,1700046500000000000,2,30332,12,normal,0,train
1232,1700140100000000000,2,30897,14,normal,0,train
1232,1700144480000000000,2,82694,16,legit: team order,0,train
1232,1700224280000000000,2,25447,14,normal,0,train
1232,1700218640000000000,2,30211,12,normal,0,train
1232,1700306060000000000,2,27503,13,normal,0,train
1232,1700404220000000000,2,33953,16,legit: late lunch,0,train
1232,1700483540000000000,2,28215,14,normal,0,train
1232,1700477360000000000,2,31677,12,normal,0,train
1232,1700569700000000000,2,36973,14,normal,0,train
1232,1700654840000000000,2,35809,13,normal,0,train
1232,1700740940000000000,4,30184,13,legit: occasional merchant,0,train
1232,1700827940000000000,2,29813,13,normal,0,train
1232,1700923160000000000,2,26540,16,legit: late lunch,0,train
1232,1700910860000000000,2,29078,13,normal,0,train
1232,1701000020000000000,2,25528,13,normal,0,train
1232,1701086780000000000,2,26820,13,normal,0,train
1232,1701090260000000000,2,28730,14,normal,0,train
1232,1701123200000000000,2,31347,13,burst,1,train
1232,1701123320000000000,2,31347,13,burst,1,train
1232,1701123440000000000,2,31347,13,burst,1,train
1232,1701123560000000000,2,31347,13,burst,1,train
1232,1701123680000000000,2,31347,13,burst,1,train
1232,1701123800000000000,2,31347,13,burst,1,train
1233,1700046020000000000,5,53002,12,normal,0,train
1233,1700048060000000000,2,128782,13,legit: team order,0,train
1233,1700128340000000000,2,128782,11,legit: team order,0,train
1233,1700221820000000000,2,49504,13,normal,0,train
1233,1700216720000000000,2,53315,12,normal,0,train
1233,1700303360000000000,2,58334,12,normal,0,train
1233,1700305760000000000,5,57843,12,normal,0,train
1233,1700385860000000000,2,57011,11,normal,0,train
1233,1700477420000000000,2,49916,12,normal,0,train
1233,1700478020000000000,5,51148,12,normal,0,train
1233,1700558780000000000,2,53881,11,normal,0,train
1233,1700650460000000000,2,50330,12,normal,0,train
1233,1700738300000000000,2,55833,13,normal,0,train
1233,1700731580000000000,2,60045,11,normal,0,train
1233,1700827580000000000,2,50366,13,normal,0,train
1233,1700912060000000000,2,50352,13,normal,0,train
1233,1700997320000000000,2,57199,13,normal,0,train
1233,1701086840000000000,2,59957,13,normal,0,train
1233,1701164780000000000,5,58106,11,normal,0,train
1233,1701254300000000000,2,51535,12,normal,0,train
1233,1701256820000000000,2,60191,13,normal,0,train
1234,1700040080000000000,1,37547,11,normal,0,train
1234,1700128460000000000,1,35845,11,normal,0,train
1234,1700131880000000000,3,98728,12,legit: team order,0,train
1234,1700221400000000000,3,39899,13,normal,0,train
1234,1700306660000000000,3,45319,13,normal,0,train
1234,1700390180000000000,1,35120,12,normal,0,train
1234,1700386640000000000,3,34760,11,normal,0,train
1234,1700476160000000000,1,43908,12,normal,0,train
1234,1700559260000000000,3,41350,11,normal,0,train
1234,1700644820000000000,3,40004,11,normal,0,train
1234,1700738660000000000,3,37563,13,normal,0,train
1234,1700817320000000000,3,38542,11,normal,0,train
1234,1700914100000000000,3,38036,13,normal,0,train
1234,1700998160000000000,1,34884,13,normal,0,train
1234,1701092960000000000,1,41286,15,legit: late lunch,0,train
1234,1701169880000000000,1,39925,12,normal,0,train
1234,1701249440000000000,1,43641,11,normal,0,train
1234,1701335660000000000,3,98728,11,legit: team order,0,train
1234,1701338000000000000,3,34646,11,normal,0,train
1234,1701428840000000000,1,38767,12,normal,0,train
1234,1701514400000000000,3,34018,12,normal,0,train
1234,1701599540000000000,3,38737,12,normal,0,train
1234,1701684860000000000,1,98728,12,legit: team order,0,train
1234,1701688340000000000,3,37929,12,normal,0,train
1235,1700049800000000000,1,34508,13,normal,0,train
1235,1700045720000000000,1,34341,12,normal,0,train
1235,1700129660000000000,1,35837,12,normal,0,train
1235,1700225600000000000,1,32646,14,normal,0,train
1235,1700311760000000000,3,39450,14,normal,0,train
1235,1700394380000000000,3,36786,13,normal,0,train
1235,1700481200000000000,3,37154,13,normal,0,train
1235,1700477240000000000,1,33742,12,normal,0,train
1235,1700564660000000000,1,37944,12,normal,0,train
1235,1700653340000000000,3,87020,13,legit: team order,0,train
1235,1700738420000000000,1,37436,13,normal,0,train
1235,1700829980000000000,3,34432,14,normal,0,train
1235,1700911700000000000,3,35004,13,normal,0,train
1235,1701002540000000000,1,27771,14,normal,0,train
1235,1701081620000000000,1,36860,12,normal,0,train
1235,1701168440000000000,1,37716,12,normal,0,train
1235,1701269720000000000,1,27560,16,legit: late lunch,0,train
1235,1701343040000000000,1,36028,13,normal,0,train
1235,1701425660000000000,1,33998,12,normal,0,train
1235,1701512420000000000,3,34803,12,normal,0,train
1235,1701615800000000000,1,28543,16,legit: late lunch,0,train
1235,1701692540000000000,3,34252,14,normal,0,train
1235,1701781160000000000,3,36283,14,normal,0,train
1235,1701772460000000000,1,36895,12,normal,0,train
1235,1701825200000000000,1,33510,3,odd hour,1,train
1235,1701911600000000000,1,33510,3,odd hour,1,train
1236,1700039900000000000,4,25976,11,normal,0,train
1236,1700142620000000000,4,21938,15,legit: late lunch,0,train
1236,1700219540000000000,4,30069,12,normal,0,train
1236,1700299820000000000,4,21404,11,normal,0,train
1236,1700391860000000000,4,25853,12,normal,0,train
1236,1700474660000000000,4,26739,11,normal,0,train
1236,1700564120000000000,4,19043,12,normal,0,train
1236,1700653940000000000,4,20965,13,normal,0,train
1236,1700651120000000000,4,28936,12,normal,0,train
1236,1700738960000000000,4,21174,13,normal,0,train
1236,1700736380000000000,4,28182,12,normal,0,train
1236,1700826260000000000,4,23568,13,normal,0,train
1236,1700903960000000000,4,28638,11,normal,0,train
1236,1700909240000000000,4,27799,12,normal,0,train
1236,1700995340000000000,4,27384,12,normal,0,train
1236,1701079460000000000,4,29763,11,normal,0,train
1236,1701168080000000000,4,29027,12,normal,0,train
1236,1701165260000000000,4,21214,11,normal,0,train
1236,1701255800000000000,4,25260,12,normal,0,train
1236,1701350240000000000,4,21799,15,legit: late lunch,0,train
1236,1701423980000000000,4,25069,11,normal,0,train
1236,1701513380000000000,4,28108,12,normal,0,train
1236,1701596540000000000,4,25495,11,normal,0,train
1236,1701605120000000000,4,22795,13,normal,0,train
1236,1701652400000000000,4,24519,3,odd hour,1,train
1236,1701738800000000000,4,24519,3,odd hour,1,train
1237,1700048480000000000,6,26679,13,normal,0,train
1237,1700133440000000000,4,18947,13,normal,0,train
1237,1700224160000000000,4,25705,14,normal,0,train
1237,1700313980000000000,6,20907,15,normal,0,train
1237,1700397140000000000,6,23825,14,normal,0,train
1237,1700481800000000000,4,17890,13,normal,0,train
1237,1700572640000000000,4,15289,15,normal,0,train
1237,1700652020000000000,4,21908,13,normal,0,train
1237,1700745560000000000,6,61674,15,legit: team order,0,train
1237,1700831720000000000,4,24976,15,normal,0,train
1237,1700912000000000000,4,23533,13,normal,0,train
1237,1700925320000000000,6,19052,17,legit: late lunch,0,train
1237,1701003920000000000,6,26330,14,normal,0,train
1237,1701090740000000000,4,25507,14,normal,0,train
1237,1701178160000000000,6,16838,15,normal,0,train
1238,1700051660000000000,4,30881,14,normal,0,train
1238,1700139020000000000,1,30268,14,normal,0,train
1238,1700216300000000000,1,28614,12,normal,0,train
1238,1700311460000000000,1,33876,14,normal,0,train
1238,1700304680000000000,4,35327,12,normal,0,train
1238,1700393720000000000,1,28844,13,normal,0,train
1238,1700478080000000000,1,27886,12,normal,0,train
1238,1700567780000000000,1,35512,13,normal,0,train
1238,1700650040000000000,4,86046,12,legit: team order,0,train
1238,1700735480000000000,4,34219,12,normal,0,train
1238,1700830940000000000,1,36352,14,normal,0,train
1238,1700909060000000000,1,35481,12,normal,0,train
1238,1700909780000000000,4,32758,12,normal,0,train
1238,1701001220000000000,1,33348,14,normal,0,train
1238,1701082220000000000,1,34664,12,normal,0,train
1239,1700049320000000000,2,31420,13,normal,0,train
1239,1700127380000000000,2,30851,11,normal,0,train
1239,1700218460000000000,2,30241,12,normal,0,train
1239,1700300900000000000,2,32385,11,normal,0,train
1239,1700389160000000000,2,35519,12,normal,0,train
1239,1700480600000000000,2,79062,13,legit: team order,0,train
1239,1700560160000000000,2,27386,11,normal,0,train
1239,1700648060000000000,2,26821,12,normal,0,train
1239,1700741480000000000,3,32371,13,normal,0,train
1239,1700737280000000000,2,27588,12,normal,0,train
1239,1700822600000000000,2,32026,12,normal,0,train
1239,1700905580000000000,2,24348,11,normal,0,train
1239,1700997440000000000,2,35406,13,normal,0,train
1239,1701082280000000000,3,33753,12,normal,0,train
1239,1701167420000000000,3,31833,12,normal,0,train
1239,1701169640000000000,3,32652,12,normal,0,train
1239,1701254360000000000,2,26186,12,normal,0,train
1239,1701342080000000000,2,79062,12,legit: team order,0,train
1239,1701336860000000000,2,34488,11,normal,0,train
1239,1701431120000000000,3,35049,13,normal,0,train
1239,1701431600000000000,3,35248,13,normal,0,train
1239,1701517640000000000,2,35292,13,legit: occasional merchant,0,train
1239,1701517700000000000,2,23981,13,normal,0,train
1239,1701602420000000000,2,29818,13,normal,0,train
1239,1701688280000000000,3,35150,12,normal,0,train
1239,1701775340000000000,3,79062,13,legit: team order,0,train
1240,1700041520000000000,4,56059,11,normal,0,train
1240,1700133320000000000,4,62773,13,normal,0,train
1240,1700218880000000000,5,54383,12,normal,0,train
1240,1700313380000000000,4,55566,15,legit: late lunch,0,train
1240,1700305280000000000,4,56865,12,normal,0,train
1240,1700394320000000000,4,56542,13,normal,0,train
1240,1700476820000000000,4,61784,12,normal,0,train
1240,1700565860000000000,5,62188,13,normal,0,train
1240,1700563820000000000,5,139390,12,legit: team order,0,train
1240,1700650940000000000,4,57942,12,normal,0,train
1240,1700739260000000000,5,55851,13,normal,0,train
1240,1700736680000000000,5,60235,12,normal,0,train
1240,1700817680000000000,4,62320,11,normal,0,train
1240,1700908820000000000,5,61680,12,normal,0,train
1240,1701007460000000000,4,61760,15,legit: late lunch,0,train
1240,1701081980000000000,5,63875,12,normal,0,train
1240,1701172760000000000,5,63837,13,normal,0,train
1240,1701251300000000000,3,58474,11,legit: occasional merchant,0,train
1240,1701344540000000000,4,57902,13,normal,0,train
1240,1701429500000000000,5,62577,13,normal,0,train
1240,1701519140000000000,4,139390,13,legit: team order,0,train
1241,1700045060000000000,5,48218,12,normal,0,train
1241,1700127020000000000,4,49820,11,normal,0,train
1241,1700215940000000000,4,55276,11,normal,0,train
1241,1700308220000000000,4,54792,13,normal,0,train
1241,1700308820000000000,4,48798,13,normal,0,train
1241,1700387060000000000,4,53298,11,normal,0,train
1241,1700471660000000000,5,49190,11,normal,0,train
1241,1700474300000000000,4,52714,11,normal,0,train
1241,1700573000000000000,4,57359,15,legit: late lunch,0,train
1241,1700651840000000000,5,58910,13,normal,0,train
1241,1700735660000000000,4,58165,12,normal,0,train
1241,1700820080000000000,5,56147,11,normal,0,train
1241,1700906660000000000,4,49314,11,normal,0,train
1241,1700993600000000000,5,47902,12,normal,0,train
1241,1700996360000000000,5,50552,12,normal,0,train
1241,1701036800000000000,5,53451,12,burst,1,train
1241,1701036920000000000,5,53451,12,burst,1,train
1241,1701037040000000000,5,53451,12,burst,1,train
1241,1701037160000000000,5,53451,12,burst,1,train
1241,1701037280000000000,5,53451,12,burst,1,train
1241,1701037400000000000,5,53451,12,burst,1,train
1242,1700049320000000000,6,46463,13,normal,0,train
1242,1700044760000000000,6,42102,12,normal,0,train
1242,1700138480000000000,6,43431,14,normal,0,train
1242,1700133260000000000,5,48847,13,normal,0,train
1242,1700217920000000000,6,50177,12,normal,0,train
1242,1700303600000000000,6,43640,12,normal,0,train
1242,1700395880000000000,6,50097,13,normal,0,train
1242,1700481800000000000,6,48425,13,normal,0,train
1242,1700475560000000000,5,40515,12,normal,0,train
1242,1700566160000000000,6,49090,13,normal,0,train
1242,1700655980000000000,5,39543,14,normal,0,train
1242,1700648060000000000,5,49846,12,normal,0,train
1242,1700743040000000000,5,42508,14,normal,0,train
1242,1700829380000000000,6,42691,14,normal,0,train
1242,1700916800000000000,6,40768,14,normal,0,train
1242,1700996300000000000,6,46422,12,normal,0,train
1242,1701080000000000000,6,45951,12,normal,0,train
1242,1701089420000000000,6,47864,14,normal,0,train
1242,1701173360000000000,5,42585,13,normal,0,train
1242,1701257060000000000,6,46898,13,normal,0,train
1242,1701345620000000000,5,42876,13,normal,0,train
1242,1701356840000000000,5,40510,16,legit: late lunch,0,train
1242,1701383600000000000,6,135648,13,spend spike,1,train
1242,1701384800000000000,6,180864,13,spend spike,1,train
1242,1701386000000000000,6,226080,13,spend spike,1,train
1243,1700046740000000000,3,49805,12,normal,0,train
1243,1700127500000000000,3,55577,11,normal,0,train
1243,1700131760000000000,3,51378,12,normal,0,train
1243,1700222600000000000,3,56536,13,normal,0,train
1243,1700304740000000000,3,45279,12,normal,0,train
1243,1700390240000000000,3,46841,12,normal,0,train
1243,1700477540000000000,3,49289,12,normal,0,train
1243,1700565380000000000,3,49067,13,normal,0,train
1243,1700648240000000000,3,56882,12,normal,0,train
1243,1700646260000000000,3,48961,11,legit: occasional merchant,0,train
1243,1700731820000000000,3,44969,11,normal,0,train
1243,1700817200000000000,3,45334,11,normal,0,train
1243,1700907080000000000,3,47787,11,normal,0,train
1243,1700903960000000000,3,50439,11,normal,0,train
1243,1700995100000000000,3,51063,12,normal,0,train
1243,1701077600000000000,3,46502,11,normal,0,train
1243,1701170300000000000,3,56907,13,normal,0,train
1243,1701250640000000000,3,50103,11,normal,0,train
1243,1701296000000000000,47,101828,12,new merchant,1,train
1243,1701306800000000000,44,101828,12,new merchant,1,train
1243,1701317600000000000,50,101828,12,new merchant,1,train
1244,1700046500000000000,2,21186,12,normal,0,train
1244,1700136080000000000,2,22162,13,normal,0,train
1244,1700217440000000000,2,23200,12,normal,0,train
1244,1700217740000000000,2,22234,12,normal,0,train
1244,1700315660000000000,1,18989,15,legit: late lunch,0,train
1244,1700304920000000000,2,14959,12,normal,0,train
1244,1700392940000000000,1,19809,13,normal,0,train
1244,1700473040000000000,2,16980,11,normal,0,train
1244,1700575040000000000,1,13408,15,legit: late lunch,0,train
1244,1700652320000000000,1,19498,13,normal,0,train
1244,1700734940000000000,1,16832,12,normal,0,train
1244,1700817620000000000,1,14535,11,normal,0,train
1244,1700906540000000000,2,19755,11,normal,0,train
1244,1700997740000000000,2,21598,13,normal,0,train
1244,1701083360000000000,1,19321,12,normal,0,train
1244,1701163580000000000,2,14214,11,normal,0,train
1244,1701252560000000000,2,22123,11,normal,0,train
1244,1701265220000000000,2,18345,15,legit: late lunch,0,train
1244,1701341600000000000,2,22744,12,normal,0,train
1244,1701344960000000000,1,14300,13,normal,0,train
1244,1701425300000000000,1,17073,11,normal,0,train
1244,1701432560000000000,1,15803,13,normal,0,train
1244,1701522860000000000,2,19318,15,legit: late lunch,0,train
1244,1701604640000000000,2,17167,13,normal,0,train
1244,1701604040000000000,1,19001,13,normal,0,train
1245,1700042060000000000,1,18348,11,normal,0,train
1245,1700134040000000000,6,27286,13,normal,0,train
1245,1700222540000000000,1,20036,13,normal,0,train
1245,1700301440000000000,6,17176,11,normal,0,train
1245,1700388020000000000,6,17207,11,normal,0,train
1245,1700479940000000000,6,24471,13,normal,0,train
1245,1700562080000000000,6,25115,12,normal,0,train
1245,1700652740000000000,6,16664,13,normal,0,train
1245,1700747180000000000,1,25031,15,legit: late lunch,0,train
1245,1700820500000000000,1,19923,11,normal,0,train
1245,1700903960000000000,1,26484,11,normal,0,train
1245,1701007880000000000,1,21654,15,legit: late lunch,0,train
1245,1701080120000000000,1,20421,12,normal,0,train
1245,1701168260000000000,1,23661,12,normal,0,train
1245,1701168560000000000,6,19729,12,normal,0,train
1245,1701249980000000000,6,16137,11,normal,0,train
1245,1701338420000000000,1,23526,11,normal,0,train
1245,1701422720000000000,6,25071,11,normal,0,train
1245,1701509000000000000,1,20892,11,normal,0,train
1245,1701595640000000000,6,23665,11,normal,0,train
1245,1701601580000000000,6,25736,12,normal,0,train
1246,1700051000000000000,2,63896,14,normal,0,train
1246,1700133620000000000,2,64829,13,normal,0,train
1246,1700133920000000000,2,63676,13,normal,0,train
1246,1700226080000000000,2,64278,14,normal,0,train
1246,1700311340000000000,2,64833,14,normal,0,train
1246,1700399000000000000,2,65623,14,normal,0,train
1246,1700479160000000000,5,57929,13,legit: occasional merchant,0,train
1246,1700483180000000000,2,57016,14,normal,0,train
1246,1700565080000000000,2,55571,12,normal,0,train
1246,1700649800000000000,2,64394,12,normal,0,train
1246,1700741420000000000,2,56179,13,normal,0,train
1246,1700830220000000000,2,64171,14,normal,0,train
1246,1700915240000000000,2,60216,14,normal,0,train
1246,1700998520000000000,2,59583,13,normal,0,train
1246,1701086240000000000,2,139778,13,legit: team order,0,train
1246,1701172220000000000,2,59355,13,normal,0,train
1246,1701167660000000000,2,57621,12,normal,0,train
1246,1701270440000000000,2,59520,16,legit: late lunch,0,train
1246,1701296000000000000,2,59889,13,burst,1,train
1246,1701296120000000000,2,59889,13,burst,1,train
1246,1701296240000000000,2,59889,13,burst,1,train
1246,1701296360000000000,2,59889,13,burst,1,train
1246,1701296480000000000,2,59889,13,burst,1,train
1246,1701296600000000000,2,59889,13,burst,1,train
1247,1700052320000000000,4,44262,14,normal,0,train
1247,1700046260000000000,4,36778,12,normal,0,train
1247,1700129780000000000,4,46404,12,normal,0,train
1247,1700133620000000000,2,40936,13,normal,0,train
1247,1700226440000000000,4,41061,14,normal,0,train
1247,1700218940000000000,4,34705,12,normal,0,train
1247,1700308820000000000,6,39587,13,legit: occasional merchant,0,train
1247,1700391080000000000,4,42000,12,normal,0,train
1247,1700481440000000000,4,46453,13,normal,0,train
1247,1700565140000000000,2,38295,12,normal,0,train
1247,1700649140000000000,4,36357,12,normal,0,train
1247,1700744900000000000,4,46233,14,normal,0,train
1247,1700829920000000000,2,42638,14,normal,0,train
1247,1700821760000000000,4,40683,12,normal,0,train
1247,1700913260000000000,4,44984,13,normal,0,train
1247,1700998700000000000,4,38733,13,normal,0,train
1247,1701036800000000000,4,40563,13,burst,1,train
1247,1701036920000000000,4,40563,13,burst,1,train
1247,1701037040000000000,4,40563,13,burst,1,train
1247,1701037160000000000,4,40563,13,burst,1,train
1247,1701037280000000000,4,40563,13,burst,1,train
1247,1701037400000000000,4,40563,13,burst,1,train
1248,1700044880000000000,3,44173,12,normal,0,train
1248,1700134220000000000,5,43344,13,normal,0,train
1248,1700230700000000000,5,36220,16,legit: late lunch,0,train
1248,1700311100000000000,3,40661,14,normal,0,train
1248,1700390780000000000,5,104148,12,legit: team order,0,train
1248,1700390240000000000,5,104148,12,legit: team order,0,train
1248,1700476700000000000,3,40531,12,normal,0,train
1248,1700490260000000000,3,39073,16,legit: late lunch,0,train
1248,1700564360000000000,5,37573,12,normal,0,train
1248,1700561900000000000,5,46544,12,legit: occasional merchant,0,train
1248,1700648600000000000,5,38265,12,normal,0,train
1248,1700656940000000000,5,45317,14,normal,0,train
1248,1700735840000000000,3,38630,12,normal,0,train
1248,1700826200000000000,5,45727,13,normal,0,train
1248,1700912120000000000,5,41495,13,normal,0,train
1248,1700999240000000000,3,45294,13,normal,0,train
1248,1701001580000000000,3,36295,14,normal,0,train
1248,1701082520000000000,5,43587,12,normal,0,train
1248,1701173600000000000,3,36833,14,normal,0,train
1248,1701166460000000000,3,40735,12,normal,0,train
1248,1701263300000000000,3,43236,14,normal,0,train
1248,1701346460000000000,3,42884,14,normal,0,train
1248,1701426020000000000,5,46836,12,normal,0,train
1248,1701428420000000000,3,47982,12,normal,0,train
1248,1701517100000000000,3,36119,13,normal,0,train
1249,1700050040000000000,5,30476,13,normal,0,train
1249,1700133080000000000,2,20946,12,normal,0,train
1249,1700222240000000000,5,23904,13,normal,0,train
1249,1700304260000000000,5,30565,12,normal,0,train
1249,1700303540000000000,5,22828,12,normal,0,train
1249,1700395640000000000,2,27414,13,normal,0,train
1249,1700482760000000000,2,24123,14,normal,0,train
1249,1700569400000000000,2,30490,14,normal,0,train
1249,1700649140000000000,2,24773,12,normal,0,train
1249,1700749520000000000,5,31398,16,legit: late lunch,0,train
1249,1700738540000000000,5,27150,13,normal,0,train
1249,1700825660000000000,5,28905,13,normal,0,train
1249,1700822780000000000,5,26417,12,normal,0,train
1249,1700910500000000000,5,26099,12,normal,0,train
1249,1700915780000000000,5,20416,14,normal,0,train
1249,1700994560000000000,2,26096,12,normal,0,train
1249,1701089000000000000,2,24595,14,normal,0,train
1249,1701089660000000000,5,70884,14,legit: team order,0,train
1249,1701166760000000000,2,27010,12,normal,0,train
1250,1700050220000000000,1,23460,13,normal,0,train
1250,1700135120000000000,1,15539,13,normal,0,train
1250,1700229260000000000,5,16508,15,legit: late lunch,0,train
1250,1700308700000000000,1,17152,13,normal,0,train
1250,1700389640000000000,5,19417,12,normal,0,train
1250,1700473040000000000,1,17868,11,normal,0,train
1250,1700558180000000000,1,21070,11,normal,0,train
1250,1700654660000000000,1,59302,13,legit: team order,0,train
1250,1700733380000000000,5,23377,11,normal,0,train
1250,1700740880000000000,5,25112,13,normal,0,train
1250,1700818580000000000,5,16775,11,normal,0,train
1250,1700907620000000000,1,20262,12,normal,0,train
1250,1700911460000000000,5,21521,13,normal,0,train
1250,1701006260000000000,1,15297,15,legit: late lunch,0,train
1250,1700993480000000000,1,20221,11,normal,0,train
1250,1701085820000000000,5,23583,13,normal,0,train
1250,1701083840000000000,1,21350,13,normal,0,train
1250,1701164660000000000,5,14781,11,normal,0,train
1250,1701253760000000000,1,14694,12,normal,0,train
1250,1701339920000000000,5,23546,12,normal,0,train
1250,1701343580000000000,5,13776,13,normal,0,train
1250,1701429200000000000,5,18721,13,normal,0,train
1250,1701422240000000000,1,21670,11,normal,0,train
1250,1701517280000000000,1,20440,13,normal,0,train
1250,1701603740000000000,1,21350,13,normal,0,train
1250,1701686360000000000,1,20506,12,normal,0,train
1250,1701777380000000000,5,23074,13,normal,0,train
1251,1700064500000000000,3,40134,17,legit: late lunch,0,train
1251,1700052020000000000,3,39461,14,normal,0,train
1251,1700133260000000000,2,37244,13,normal,0,train
1251,1700229800000000000,3,38533,15,normal,0,train
1251,1700311280000000000,2,33715,14,normal,0,train
1251,1700393300000000000,3,39016,13,normal,0,train
1251,1700480420000000000,2,36048,13,normal,0,train
1251,1700571500000000000,2,37384,14,normal,0,train
1251,1700660540000000000,2,38925,15,normal,0,train
1251,1700657840000000000,2,41525,14,normal,0,train
1251,1700738180000000000,2,44207,13,normal,0,train
1251,1700831180000000000,3,38614,14,normal,0,train
1251,1700916320000000000,3,33972,14,normal,0,train
1251,1700997980000000000,3,32771,13,normal,0,train
1251,1701090320000000000,3,40249,14,normal,0,train
1251,1701177080000000000,2,35530,14,normal,0,train
1251,1701260720000000000,2,97266,14,legit: team order,0,train
1251,1701350240000000000,3,43507,15,normal,0,train
1251,1701352580000000000,3,38968,15,normal,0,train
1251,1701434540000000000,3,37246,14,normal,0,train
1251,1701434840000000000,3,36906,14,normal,0,train
1251,1701525140000000000,2,41272,15,legit: occasional merchant,0,train
1251,1701611120000000000,3,34814,15,normal,0,train
1251,1701602600000000000,2,44512,13,normal,0,train
1251,1701691820000000000,3,35028,13,normal,0,train
1251,1701693020000000000,3,37890,14,normal,0,train
1251,1701783200000000000,3,36014,15,normal,0,train
1252,1700054720000000000,2,39194,15,normal,0,train
1252,1700133260000000000,2,32962,13,normal,0,train
1252,1700134340000000000,2,39429,13,normal,0,train
1252,1700228960000000000,2,39782,15,normal,0,train
1252,1700308700000000000,2,42369,13,normal,0,train
1252,1700396840000000000,2,40483,14,normal,0,train
1252,1700487800000000000,2,31630,15,legit: occasional merchant,0,train
1252,1700572340000000000,2,35913,14,normal,0,train
1252,1700661380000000000,2,32364,15,normal,0,train
1252,1700746520000000000,2,42708,15,normal,0,train
1252,1700741780000000000,2,41749,14,normal,0,train
1252,1700827400000000000,2,40925,13,normal,0,train
1252,1700916020000000000,2,35053,14,normal,0,train
1252,1700998880000000000,2,41075,13,normal,0,train
1252,1701094040000000000,2,36903,15,normal,0,train
1252,1701170840000000000,2,95246,13,legit: team order,0,train
1252,1701172640000000000,2,37898,13,normal,0,train
1252,1701271160000000000,2,36434,17,legit: late lunch,0,train
1252,1701258140000000000,2,33307,13,normal,0,train
1252,1701351140000000000,2,40700,15,normal,0,train
1252,1701432380000000000,2,33654,13,normal,0,train
1252,1701517220000000000,2,36874,13,normal,0,train
1252,1701605000000000000,2,41177,13,normal,0,train
1252,1701694760000000000,2,42904,14,normal,0,train
1252,1701782420000000000,2,38904,15,normal,0,train
1253,1700042180000000000,4,55131,11,normal,0,train
1253,1700050100000000000,6,49390,13,normal,0,train
1253,1700135300000000000,6,48727,13,normal,0,train
1253,1700215760000000000,4,53867,11,normal,0,train
1253,1700300000000000000,4,53823,11,normal,0,train
1253,1700395880000000000,4,51721,13,normal,0,train
1253,1700488880000000000,6,45827,15,legit: late lunch,0,train
1253,1700562860000000000,4,53403,12,normal,0,train
1253,1700648540000000000,4,47926,12,normal,0,train
1253,1700733800000000000,4,47729,11,normal,0,train
1253,1700834180000000000,4,48725,15,legit: late lunch,0,train
1253,1700827220000000000,6,53578,13,normal,0,train
1253,1700904380000000000,4,46772,11,normal,0,train
1253,1700995400000000000,4,52954,12,normal,0,train
1254,1700039840000000000,6,31401,11,normal,0,train
1254,1700136740000000000,6,32661,13,normal,0,train
1254,1700212940000000000,6,28977,11,normal,0,train
1254,1700308160000000000,2,27862,13,normal,0,train
1254,1700388500000000000,6,28039,11,normal,0,train
1254,1700475440000000000,2,33887,12,normal,0,train
1254,1700563700000000000,6,34337,12,normal,0,train
1254,1700563460000000000,2,29995,12,normal,0,train
1254,1700653700000000000,6,34393,13,normal,0,train
1254,1700649380000000000,2,39317,12,normal,0,train
1254,1700741180000000000,6,87680,13,legit: team order,0,train
1254,1700834900000000000,2,32368,15,legit: late lunch,0,train
1254,1700907620000000000,6,35782,12,normal,0,train
1254,1700993420000000000,6,31471,11,normal,0,train
1254,1700998520000000000,2,30161,13,normal,0,train
1254,1701078380000000000,6,29449,11,normal,0,train
1254,1701167540000000000,2,39743,12,normal,0,train
1254,1701168440000000000,6,36216,12,normal,0,train
1254,1701256640000000000,6,28755,13,normal,0,train
1254,1701253520000000000,6,35402,12,normal,0,train
1254,1701345080000000000,6,32141,13,normal,0,train
1254,1701338180000000000,6,36362,11,normal,0,train
1254,1701425360000000000,5,29574,11,legit: occasional merchant,0,train
1254,1701513740000000000,6,34115,12,normal,0,train
1254,1701601280000000000,2,87680,12,legit: team order,0,train
1254,1701594860000000000,6,33833,11,normal,0,train
1254,1701681740000000000,2,31280,11,normal,0,train
1254,1701776660000000000,6,31553,13,normal,0,train
1254,1701825200000000000,6,33840,3,odd hour,1,train
1254,1701911600000000000,6,33840,3,odd hour,1,train
1255,1700048360000000000,5,42488,13,normal,0,train
1255,1700138900000000000,1,47137,14,normal,0,train
1255,1700218220000000000,5,41196,12,normal,0,train
1255,1700216600000000000,1,51652,12,normal,0,train
1255,1700303000000000000,1,41281,12,normal,0,train
1255,1700391800000000000,5,42855,12,normal,0,train
1255,1700477600000000000,1,43158,12,normal,0,train
1255,1700564960000000000,5,51230,12,normal,0,train
1255,1700658620000000000,1,41218,14,normal,0,train
1255,1700744840000000000,6,52421,14,legit: occasional merchant,0,train
1255,1700830760000000000,5,51894,14,normal,0,train
1255,1700829440000000000,5,41710,14,normal,0,train
1255,1700917460000000000,1,51032,14,normal,0,train
1255,1700995700000000000,1,43922,12,normal,0,train
1255,1701003140000000000,5,51973,14,normal,0,train
1255,1701094400000000000,1,47918,16,legit: late lunch,0,train
1255,1701080480000000000,5,52173,12,normal,0,train
1255,1701173480000000000,1,47248,13,normal,0,train
1255,1701262460000000000,5,48621,14,normal,0,train
1255,1701341000000000000,5,52059,12,normal,0,train
1255,1701435560000000000,5,49894,14,normal,0,train
1256,1700044580000000000,1,34447,12,normal,0,train
1256,1700134400000000000,1,35149,13,normal,0,train
1256,1700212700000000000,1,38091,11,normal,0,train
1256,1700221460000000000,4,37684,13,normal,0,train
1256,1700300660000000000,4,31038,11,normal,0,train
1256,1700390120000000000,1,32387,12,normal,0,train
1256,1700481680000000000,4,39326,13,normal,0,train
1256,1700564420000000000,1,40738,12,normal,0,train
1256,1700648720000000000,4,30042,12,normal,0,train
1256,1700648180000000000,4,35505,12,normal,0,train
1256,1700739560000000000,4,35151,13,normal,0,train
1256,1700825420000000000,4,39021,13,normal,0,train
1256,1700913140000000000,1,32915,13,normal,0,train
1256,1700997740000000000,1,34262,13,legit: occasional merchant,0,train
1256,1701083480000000000,4,34210,12,normal,0,train
1256,1701166040000000000,1,33497,11,normal,0,train
1256,1701167300000000000,5,32243,12,legit: occasional merchant,0,train
1256,1701251420000000000,1,36933,11,normal,0,train
1256,1701258980000000000,1,35363,13,normal,0,train
1256,1701341660000000000,1,31815,12,normal,0,train
1256,1701428360000000000,1,36917,12,normal,0,train
1257,1700043200000000000,6,20454,12,normal,0,train
1257,1700131280000000000,6,22229,12,normal,0,train
1257,1700220620000000000,6,28001,13,normal,0,train
1257,1700217740000000000,3,17652,12,normal,0,train
1257,1700303180000000000,6,24929,12,normal,0,train
1257,1700395820000000000,6,27110,13,normal,0,train
1257,1700476160000000000,3,18415,12,normal,0,train
1257,1700483960000000000,6,28205,14,normal,0,train
1257,1700562200000000000,3,23109,12,normal,0,train
1257,1700652800000000000,3,18858,13,normal,0,train
1257,1700741480000000000,6,18790,13,normal,0,train
1257,1700823740000000000,6,22424,12,normal,0,train
1257,1700826740000000000,3,21576,13,normal,0,train
1257,1700913740000000000,3,27166,13,normal,0,train
1257,1700998340000000000,6,24051,13,normal,0,train
1257,1701001580000000000,3,21928,14,normal,0,train
1257,1701083960000000000,3,25497,13,normal,0,train
1257,1701175280000000000,4,27070,14,legit: occasional merchant,0,train
1257,1701172880000000000,3,26516,13,normal,0,train
1257,1701256220000000000,3,22270,12,normal,0,train
1257,1701340220000000000,5,27703,12,legit: occasional merchant,0,train
1257,1701427520000000000,6,64724,12,legit: team order,0,train
1257,1701430460000000000,6,22271,13,normal,0,train
1257,1701514100000000000,3,28195,12,normal,0,train
1257,1701606620000000000,6,23656,14,normal,0,train
1257,1701641600000000000,6,22362,13,burst,1,train
1257,1701641720000000000,6,22362,13,burst,1,train
1257,1701641840000000000,6,22362,13,burst,1,train
1257,1701641960000000000,6,22362,13,burst,1,train
1257,1701642080000000000,6,22362,13,burst,1,train
1257,1701642200000000000,6,22362,13,burst,1,train
1258,1700049560000000000,4,49203,13,normal,0,train
1258,1700130020000000000,6,42625,12,normal,0,train
1258,1700213900000000000,6,41871,11,normal,0,train
1258,1700222540000000000,4,44430,13,normal,0,train
1258,1700301260000000000,4,48078,11,normal,0,train
1258,1700393420000000000,6,51594,13,normal,0,train
1258,1700388980000000000,4,42688,12,normal,0,train
1258,1700473940000000000,6,46632,11,normal,0,train
1258,1700558300000000000,4,52638,11,normal,0,train
1258,1700653100000000000,6,48760,13,normal,0,train
1258,1700733980000000000,4,52131,11,normal,0,train
1258,1700833100000000000,6,41286,15,legit: late lunch,0,train
1258,1700818820000000000,4,41040,11,normal,0,train
1258,1700911700000000000,4,49747,13,normal,0,train
1258,1701007400000000000,6,41126,15,legit: late lunch,0,train
1258,1700990540000000000,6,114064,11,legit: team order,0,train
1258,1701082640000000000,6,47268,12,normal,0,train
1258,1701172460000000000,4,52472,13,normal,0,train
1258,1701252680000000000,4,49183,11,normal,0,train
1258,1701339320000000000,6,44193,12,normal,0,train
1258,1701429680000000000,4,44189,13,normal,0,train
1258,1701439580000000000,6,47126,15,legit: late lunch,0,train
1258,1701517640000000000,4,50722,13,normal,0,train
1258,1701511100000000000,4,51169,11,normal,0,train
1258,1701605540000000000,6,41848,13,normal,0,train
1258,1701599840000000000,4,45792,12,normal,0,train
1259,1700043740000000000,1,36751,12,normal,0,train
1259,1700040500000000000,1,42362,11,normal,0,train
1259,1700132780000000000,4,45030,12,normal,0,train
1259,1700218820000000000,4,36036,12,normal,0,train
1259,1700313620000000000,1,43022,15,legit: late lunch,0,train
1259,1700394380000000000,4,40255,13,normal,0,train
1259,1700392640000000000,1,38110,13,normal,0,train
1259,1700480420000000000,1,37427,13,normal,0,train
1259,1700565020000000000,1,37253,12,normal,0,train
1259,1700652560000000000,1,37884,13,normal,0,train
1259,1700740280000000000,4,41853,13,normal,0,train
1259,1700819360000000000,3,40688,11,legit: occasional merchant,0,train
1259,1700912660000000000,4,36712,13,normal,0,train
1259,1700910740000000000,1,38787,12,normal,0,train
1259,1700992520000000000,1,99930,11,legit: team order,0,train
1259,1700993420000000000,4,36248,11,normal,0,train
1259,1701084980000000000,1,41905,13,normal,0,train
1259,1701167840000000000,1,37182,12,normal,0,train
1259,1701255380000000000,1,41477,12,normal,0,train
1259,1701335720000000000,4,99930,11,legit: team order,0,train
1259,1701431540000000000,1,43384,13,normal,0,train
1260,1700047760000000000,1,11485,13,normal,0,train
1260,1700128820000000000,1,21140,11,normal,0,train
1260,1700218340000000000,1,12496,12,normal,0,train
1260,1700306720000000000,1,11389,13,normal,0,train
1260,1700386640000000000,6,12030,11,normal,0,train
1260,1700391560000000000,1,11624,12,normal,0,train
1260,1700472380000000000,6,12880,11,normal,0,train
1260,1700476340000000000,6,13273,12,normal,0,train
1260,1700563460000000000,1,16531,12,normal,0,train
1260,1700654360000000000,1,19582,13,normal,0,train
1260,1700652560000000000,1,11313,13,normal,0,train
1260,1700732480000000000,6,16300,11,normal,0,train
1260,1700740640000000000,6,15758,13,normal,0,train
1260,1700826260000000000,6,52406,13,legit: team order,0,train
1260,1700913740000000000,6,20489,13,normal,0,train
1260,1700995100000000000,6,14893,12,normal,0,train
1260,1700990420000000000,1,12909,11,normal,0,train
1260,1701084380000000000,6,11423,13,normal,0,train
1261,1700046140000000000,1,60733,12,normal,0,train
1261,1700130860000000000,1,54851,12,normal,0,train
1261,1700126720000000000,1,131692,11,legit: team order,0,train
1261,1700213540000000000,1,60728,11,normal,0,train
1261,1700303660000000000,1,58921,12,normal,0,train
1261,1700390420000000000,1,57910,12,normal,0,train
1261,1700474780000000000,1,52826,11,normal,0,train
1261,1700567060000000000,1,51769,13,normal,0,train
1261,1700648900000000000,1,59871,12,normal,0,train
1261,1700740280000000000,1,50893,13,normal,0,train
1261,1700824400000000000,1,55357,13,normal,0,train
1261,1700827040000000000,1,50202,13,normal,0,train
1261,1700908820000000000,1,61507,12,normal,0,train
1261,1700990240000000000,1,55240,11,normal,0,train
1261,1701083000000000000,1,53912,12,normal,0,train
1261,1701162980000000000,1,52626,11,normal,0,train
1261,1701263960000000000,1,131692,15,legit: team order,0,train
1261,1701353360000000000,1,60364,15,legit: late lunch,0,train
1261,1701424700000000000,1,57044,11,normal,0,train
1261,1701430400000000000,1,131692,13,legit: team order,0,train
1261,1701513380000000000,1,54435,12,normal,0,train
1261,1701604040000000000,1,57226,13,normal,0,train
1262,1700047820000000000,2,12596,13,normal,0,train
1262,1700052800000000000,2,12922,14,normal,0,train
1262,1700134100000000000,6,15297,13,normal,0,train
1262,1700138120000000000,2,20970,14,normal,0,train
1262,1700219900000000000,6,19337,13,normal,0,train
1262,1700307140000000000,6,16009,13,normal,0,train
1262,1700394980000000000,2,56988,13,legit: team order,0,train
1262,1700399360000000000,2,14466,14,normal,0,train
1262,1700494520000000000,6,23810,17,legit: late lunch,0,train
1262,1700482700000000000,6,14099,14,normal,0,train
1262,1700568500000000000,2,20450,13,normal,0,train
1262,1700653220000000000,6,56988,13,legit: team order,0,train
1262,1700738120000000000,2,56988,13,legit: team order,0,train
1262,1700743520000000000,6,21461,14,normal,0,train
1262,1700827760000000000,6,22913,13,normal,0,train
1262,1700915780000000000,2,20735,14,normal,0,train
1262,1700915840000000000,2,15338,14,normal,0,train
1262,1701012860000000000,6,20798,17,legit: late lunch,0,train
1263,1700044160000000000,6,48304,12,normal,0,train
1263,1700044340000000000,5,41056,12,normal,0,train
1263,1700136620000000000,5,108240,13,legit: team order,0,train
1263,1700217380000000000,5,40595,12,normal,0,train
1263,1700219360000000000,5,41959,12,normal,0,train
1263,1700306840000000000,5,47338,13,normal,0,train
1263,1700393360000000000,5,47213,13,normal,0,train
1263,1700471960000000000,6,39099,11,normal,0,train
1263,1700563040000000000,5,49800,12,normal,0,train
1263,1700649740000000000,6,48614,12,normal,0,train
1263,1700746940000000000,6,40116,15,legit: late lunch,0,train
1263,1700823680000000000,5,44972,12,legit: occasional merchant,0,train
1263,1700909900000000000,5,38919,12,normal,0,train
1263,1700998400000000000,5,41504,13,normal,0,train
1263,1701077180000000000,5,43095,11,normal,0,train
1263,1701170120000000000,5,40313,13,normal,0,train
1263,1701255500000000000,6,39562,12,normal,0,train
1264,1700052980000000000,4,21434,14,normal,0,train
1264,1700138600000000000,4,25179,14,normal,0,train
1264,1700223260000000000,4,14902,14,normal,0,train
1264,1700309240000000000,4,23211,13,normal,0,train
1264,1700311220000000000,4,20833,14,normal,0,train
1264,1700404220000000000,4,20661,16,legit: late lunch,0,train
1264,1700475620000000000,4,24517,12,normal,0,train
1264,1700568140000000000,4,18368,13,normal,0,train
1264,1700656100000000000,4,16341,14,normal,0,train
1264,1700741600000000000,4,20017,14,normal,0,train
1264,1700826980000000000,4,22468,13,normal,0,train
1264,1700909780000000000,4,21426,12,normal,0,train
1264,1701003080000000000,4,18950,14,normal,0,train
1264,1701085820000000000,4,15141,13,normal,0,train
1264,1701173900000000000,4,25066,14,normal,0,train
1264,1701252800000000000,4,23184,12,normal,0,train
1264,1701348440000000000,4,19809,14,normal,0,train
1264,1701348380000000000,4,60190,14,legit: team order,0,train
1264,1701434300000000000,4,21948,14,normal,0,train
1265,1700040200000000000,1,27961,11,normal,0,train
1265,1700045780000000000,1,26533,12,normal,0,train
1265,1700128760000000000,4,28757,11,normal,0,train
1265,1700214620000000000,4,31290,11,normal,0,train
1265,1700303660000000000,4,23324,12,normal,0,train
1265,1700393300000000000,1,27118,13,normal,0,train
1265,1700475440000000000,4,25984,12,normal,0,train
1265,1700474480000000000,2,27560,11,legit: occasional merchant,0,train
1265,1700561480000000000,1,24490,11,normal,0,train
1265,1700654540000000000,4,23190,13,normal,0,train
1265,1700731520000000000,4,22096,11,normal,0,train
1265,1700817560000000000,1,22325,11,normal,0,train
1265,1700820320000000000,4,24613,11,normal,0,train
1265,1700912480000000000,1,24583,13,normal,0,train
1265,1700994800000000000,4,29424,12,normal,0,train
1266,1700057420000000000,4,36291,15,normal,0,train
1266,1700142260000000000,3,45709,15,normal,0,train
1266,1700139560000000000,3,45506,14,normal,0,train
1266,1700224220000000000,4,41059,14,normal,0,train
1266,1700308400000000000,3,36113,13,normal,0,train
1266,1700395160000000000,3,35929,13,normal,0,train
1266,1700479040000000000,3,39991,13,normal,0,train
1266,1700570840000000000,3,40576,14,normal,0,train
1266,1700652680000000000,4,44127,13,normal,0,train
1266,1700747240000000000,3,35294,15,normal,0,train
1266,1700829440000000000,4,39214,14,normal,0,train
1266,1700921540000000000,4,35999,15,normal,0,train
1266,1701002360000000000,4,45855,14,normal,0,train
1267,1700063360000000000,4,45118,17,legit: late lunch,0,train
1267,1700048900000000000,4,42551,13,normal,0,train
1267,1700139860000000000,3,37523,14,normal,0,train
1267,1700220080000000000,4,37767,13,normal,0,train
1267,1700224400000000000,4,36450,14,normal,0,train
1267,1700313620000000000,4,44833,15,normal,0,train
1267,1700400080000000000,4,36619,15,normal,0,train
1267,1700483840000000000,3,42761,14,normal,0,train
1267,1700485640000000000,3,47063,14,normal,0,train
1267,1700569400000000000,4,43962,14,normal,0,train
1267,1700658500000000000,4,43368,14,normal,0,train
1267,1700745320000000000,3,104016,15,legit: team order,0,train
1267,1700826740000000000,4,46005,13,normal,0,train
1267,1700916740000000000,3,41948,14,normal,0,train
1267,1701007160000000000,3,42591,15,normal,0,train
1267,1701089300000000000,4,41285,14,normal,0,train
1267,1701174140000000000,3,42954,14,normal,0,train
1268,1700053700000000000,1,23842,14,normal,0,train
1268,1700135840000000000,1,23578,13,normal,0,train
1268,1700136320000000000,1,24341,13,normal,0,train
1268,1700219300000000000,1,19452,12,normal,0,train
1268,1700305700000000000,1,69832,12,legit: team order,0,train
1268,1700388800000000000,1,69832,12,legit: team order,0,train
1268,1700485700000000000,1,27032,14,normal,0,train
1268,1700568140000000000,1,28165,13,normal,0,train
1268,1700652080000000000,1,29937,13,normal,0,train
1268,1700737580000000000,1,29738,12,normal,0,train
1268,1700823080000000000,1,26082,12,normal,0,train
1268,1700907440000000000,1,22821,12,normal,0,train
1268,1700912480000000000,1,26056,13,normal,0,train
1268,1700998220000000000,1,26635,13,normal,0,train
1268,1701003140000000000,1,20436,14,normal,0,train
1268,1701081200000000000,1,25791,12,normal,0,train
1268,1701084680000000000,1,26461,13,normal,0,train
1268,1701174920000000000,1,29596,14,normal,0,train
1268,1701171140000000000,1,25411,13,normal,0,train
1268,1701260900000000000,1,24956,14,normal,0,train
1268,1701342740000000000,1,69832,12,legit: team order,0,train
1268,1701341360000000000,1,23342,12,normal,0,train
1268,1701436340000000000,1,23438,14,legit: occasional merchant,0,train
1269,1700041940000000000,3,39106,11,normal,0,train
1269,1700131220000000000,5,44929,12,normal,0,train
1269,1700213840000000000,5,47095,11,normal,0,train
1269,1700300300000000000,3,43898,11,normal,0,train
1269,1700388740000000000,5,41896,11,normal,0,train
1269,1700480720000000000,5,37567,13,normal,0,train
1269,1700473340000000000,3,39995,11,normal,0,train
1269,1700568620000000000,3,43062,13,legit: occasional merchant,0,train
1269,1700649080000000000,5,37645,12,normal,0,train
1269,1700737640000000000,3,104396,12,legit: team order,0,train
1269,1700824820000000000,3,40654,13,normal,0,train
1269,1700913740000000000,3,46290,13,normal,0,train
1269,1700993240000000000,3,41821,11,normal,0,train
1269,1701076700000000000,3,36955,11,normal,0,train
1269,1701179060000000000,5,38584,15,legit: late lunch,0,train
1269,1701257180000000000,5,38840,13,normal,0,train
1269,1701250220000000000,5,47940,11,normal,0,train
1269,1701336440000000000,3,40990,11,normal,0,train
1269,1701422240000000000,5,38965,11,normal,0,train
1269,1701510080000000000,5,36703,11,normal,0,train
1269,1701600020000000000,5,44918,12,normal,0,train
1270,1700047460000000000,1,18370,13,normal,0,train
1270,1700047640000000000,3,15280,13,normal,0,train
1270,1700130320000000000,1,20209,12,normal,0,train
1270,1700140280000000000,1,14795,14,normal,0,train
1270,1700221760000000000,1,18070,13,normal,0,train
1270,1700223620000000000,1,20833,14,normal,0,train
1270,1700306060000000000,1,19970,13,normal,0,train
1270,1700311880000000000,1,14715,14,normal,0,train
1270,1700405780000000000,3,19743,16,legit: late lunch,0,train
1270,1700485280000000000,1,23204,14,normal,0,train
1270,1700561900000000000,3,19526,12,normal,0,train
1270,1700649980000000000,1,15881,12,normal,0,train
1270,1700735060000000000,1,19245,12,normal,0,train
1270,1700743820000000000,3,23720,14,normal,0,train
1270,1700823620000000000,1,13263,12,normal,0,train
1270,1700907860000000000,3,17335,12,normal,0,train
1270,1701001400000000000,3,13530,14,normal,0,train
1270,1701081620000000000,3,22111,12,normal,0,train
1270,1701170120000000000,1,23033,13,normal,0,train
1271,1700047220000000000,5,58623,13,normal,0,train
1271,1700142740000000000,5,57401,15,normal,0,train
1271,1700228780000000000,6,55634,15,normal,0,train
1271,1700311640000000000,6,57119,14,normal,0,train
1271,1700396540000000000,6,56030,14,normal,0,train
1271,1700396180000000000,5,60578,14,normal,0,train
1271,1700482460000000000,1,60870,14,legit: occasional merchant,0,train
1271,1700565380000000000,6,59768,13,normal,0,train
1271,1700656700000000000,6,60423,14,normal,0,train
1271,1700738180000000000,6,57626,13,normal,0,train
1271,1700826080000000000,5,57809,13,normal,0,train
1271,1700913920000000000,5,59416,13,normal,0,train
1271,1701002660000000000,5,55004,14,normal,0,train
1271,1701090740000000000,5,62928,14,normal,0,train
1271,1701178580000000000,5,60716,15,normal,0,train
1271,1701265100000000000,5,61496,15,normal,0,train
1271,1701345440000000000,6,59389,13,normal,0,train
1271,1701429320000000000,5,64143,13,normal,0,train
1271,1701516560000000000,5,56102,13,normal,0,train
1271,1701602060000000000,5,63733,13,normal,0,train
1271,1701608540000000000,5,64322,14,normal,0,train
1271,1701695000000000000,5,60350,14,normal,0,train
1271,1701696440000000000,5,58135,15,normal,0,train
1271,1701729200000000000,5,179115,14,spend spike,1,train
1271,1701730400000000000,5,238820,14,spend spike,1,train
1271,1701731600000000000,5,298525,14,spend spike,1,train
1272,1700050940000000000,4,60854,14,normal,0,train
1272,1700143040000000000,4,57940,15,normal,0,train
1272,1700138720000000000,4,49811,14,normal,0,train
1272,1700227940000000000,4,49414,15,normal,0,train
1272,1700309960000000000,6,54364,14,legit: occasional merchant,0,train
1272,1700315780000000000,4,50798,15,normal,0,train
1272,1700409740000000000,4,52660,17,legit: late lunch,0,train
1272,1700481080000000000,4,53098,13,normal,0,train
1272,1700575220000000000,4,53123,15,normal,0,train
1272,1700657180000000000,4,58896,14,normal,0,train
1272,1700740460000000000,4,49303,13,normal,0,train
1272,1700739440000000000,4,55657,13,normal,0,train
1272,1700834840000000000,4,53919,15,normal,0,train
1272,1700920700000000000,4,50352,15,normal,0,train
1272,1701014180000000000,4,59741,17,legit: late lunch,0,train
1272,1701087680000000000,4,53029,14,normal,0,train
1272,1701134000000000000,4,55268,3,odd hour,1,train
1272,1701220400000000000,4,55268,3,odd hour,1,train
1273,1700047220000000000,5,29225,13,normal,0,train
1273,1700139560000000000,1,31608,14,normal,0,train
1273,1700226440000000000,5,26972,14,normal,0,train
1273,1700312180000000000,1,24867,14,normal,0,train
1273,1700401760000000000,5,29904,15,normal,0,train
1273,1700479220000000000,5,21542,13,normal,0,train
1273,1700480300000000000,5,31000,13,normal,0,train
1273,1700567300000000000,1,26723,13,normal,0,train
1273,1700658080000000000,5,26944,14,normal,0,train
1273,1700657660000000000,1,21717,14,normal,0,train
1273,1700744120000000000,1,24751,14,normal,0,train
1273,1700830160000000000,1,19969,14,normal,0,train
1273,1700919440000000000,1,30388,15,normal,0,train
1273,1701004400000000000,5,30270,15,normal,0,train
1273,1701083900000000000,5,30475,13,normal,0,train
1273,1701092540000000000,5,20902,15,normal,0,train
1273,1701177680000000000,5,24441,15,normal,0,train
1273,1701263420000000000,5,29329,14,normal,0,train
1273,1701259520000000000,1,22448,13,normal,0,train
1273,1701347960000000000,1,29196,14,normal,0,train
1273,1701429620000000000,5,30986,13,normal,0,train
1273,1701430640000000000,1,23117,13,normal,0,train
1273,1701518000000000000,5,27814,13,normal,0,train
1273,1701519740000000000,5,26251,14,normal,0,train
1273,1701612440000000000,1,31091,15,normal,0,train
1274,1700049080000000000,4,42127,13,normal,0,train
1274,1700140880000000000,4,39869,15,normal,0,train
1274,1700219780000000000,4,41689,13,normal,0,train
1274,1700229200000000000,4,33610,15,normal,0,train
1274,1700313260000000000,4,37023,15,normal,0,train
1274,1700400620000000000,3,38011,15,normal,0,train
1274,1700482580000000000,4,93424,14,legit: team order,0,train
1274,1700486600000000000,4,40946,15,normal,0,train
1274,1700574380000000000,4,38625,15,normal,0,train
1274,1700660780000000000,3,34062,15,normal,0,train
1274,1700741420000000000,3,42417,13,normal,0,train
1274,1700834240000000000,4,40262,15,normal,0,train
1274,1700915900000000000,4,36752,14,normal,0,train
1274,1700916500000000000,3,40919,14,normal,0,train
1274,1701006980000000000,4,36417,15,normal,0,train
1274,1701101540000000000,4,31555,17,legit: late lunch,0,train
1274,1701085160000000000,3,36057,13,normal,0,train
1274,1701172100000000000,4,41220,13,normal,0,train
1274,1701178580000000000,4,33183,15,normal,0,train
1274,1701261620000000000,3,36527,14,normal,0,train
1274,1701344180000000000,4,40041,13,normal,0,train
1274,1701430100000000000,3,39635,13,normal,0,train
1274,1701432680000000000,4,35697,13,normal,0,train
1274,1701518480000000000,3,32411,13,normal,0,train
1274,1701603140000000000,3,41822,13,normal,0,train
1274,1701642800000000000,4,110136,14,spend spike,1,train
1274,1701644000000000000,4,146848,14,spend spike,1,train
1274,1701645200000000000,4,183560,14,spend spike,1,train
1275,1700043260000000000,5,50311,12,normal,0,train
1275,1700134220000000000,5,115828,13,legit: team order,0,train
1275,1700218940000000000,2,51755,12,normal,0,train
1275,1700218880000000000,5,52450,12,normal,0,train
1275,1700300900000000000,5,53180,11,normal,0,train
1275,1700401640000000000,5,49847,15,legit: late lunch,0,train
1275,1700476820000000000,5,46791,12,normal,0,train
1275,1700478620000000000,5,49675,12,normal,0,train
1275,1700574980000000000,5,49693,15,legit: late lunch,0,train
1275,1700650040000000000,2,44007,12,normal,0,train
1275,1700740700000000000,2,44603,13,normal,0,train
1275,1700818220000000000,2,42138,11,normal,0,train
1275,1700822600000000000,2,50948,12,normal,0,train
1275,1700905760000000000,5,46342,11,normal,0,train
1275,1701007280000000000,2,44122,15,legit: late lunch,0,train
1275,1701085160000000000,5,43775,13,normal,0,train
1275,1701166220000000000,2,44576,11,normal,0,train
1275,1701172700000000000,5,51346,13,normal,0,train
1275,1701254240000000000,2,43174,12,normal,0,train
1275,1701343100000000000,2,43582,13,normal,0,train
1276,1700047460000000000,5,27539,13,normal,0,train
1276,1700138360000000000,4,26087,14,normal,0,train
1276,1700223140000000000,4,75074,13,legit: team order,0,train
1276,1700308280000000000,5,75074,13,legit: team order,0,train
1276,1700305460000000000,4,25132,12,normal,0,train
1276,1700392640000000000,5,31632,13,normal,0,train
1276,1700393120000000000,4,75074,13,legit: team order,0,train
1276,1700485760000000000,5,32701,14,normal,0,train
1276,1700565800000000000,4,21765,13,normal,0,train
1276,1700657300000000000,5,24042,14,normal,0,train
1276,1700736080000000000,5,26657,12,normal,0,train
1276,1700830820000000000,4,28508,14,normal,0,train
1276,1700914700000000000,4,75074,14,legit: team order,0,train
1276,1700997380000000000,4,21836,13,normal,0,train
1276,1700994920000000000,5,27484,12,normal,0,train
1276,1701087980000000000,5,26708,14,normal,0,train
1276,1701124400000000000,4,82611,13,spend spike,1,train
1276,1701125600000000000,4,110148,13,spend spike,1,train
1276,1701126800000000000,4,137685,13,spend spike,1,train
1277,1700049140000000000,6,54369,13,normal,0,train
1277,1700143460000000000,6,58915,15,normal,0,train
1277,1700223620000000000,5,51757,14,normal,0,train
1277,1700308820000000000,6,60934,13,normal,0,train
1277,1700393900000000000,6,53947,13,normal,0,train
1277,1700488880000000000,5,56218,15,normal,0,train
1277,1700483420000000000,6,60426,14,normal,0,train
1277,1700580860000000000,5,60551,17,legit: late lunch,0,train
1277,1700568020000000000,6,60633,13,normal,0,train
1277,1700657780000000000,5,62102,14,normal,0,train
1277,1700666900000000000,6,51204,17,legit: late lunch,0,train
1277,1700741840000000000,6,50424,14,normal,0,train
1277,1700830400000000000,5,58431,14,normal,0,train
1277,1700833760000000000,5,53743,15,normal,0,train
1277,1700916260000000000,5,50525,14,normal,0,train
1277,1701000020000000000,5,54475,13,normal,0,train
1277,1701000260000000000,6,54727,13,normal,0,train
1277,1701084200000000000,6,52566,13,normal,0,train
1277,1701178700000000000,5,58629,15,normal,0,train
1277,1701258500000000000,6,60904,13,normal,0,train
1277,1701344420000000000,6,54571,13,normal,0,train
1277,1701429440000000000,6,52357,13,normal,0,train
1277,1701525080000000000,6,56510,15,normal,0,train
1278,1700048720000000000,6,40534,13,normal,0,train
1278,1700134220000000000,2,44889,13,normal,0,train
1278,1700220620000000000,2,44552,13,normal,0,train
1278,1700299640000000000,2,47351,11,normal,0,train
1278,1700387180000000000,6,47520,11,normal,0,train
1278,1700392880000000000,2,48163,13,normal,0,train
1278,1700471600000000000,2,47817,11,normal,0,train
1278,1700561480000000000,6,46001,11,normal,0,train
1278,1700648360000000000,6,44266,12,normal,0,train
1278,1700644580000000000,2,39917,11,normal,0,train
1278,1700731280000000000,2,40491,11,normal,0,train
1278,1700824880000000000,2,48733,13,normal,0,train
1278,1700904080000000000,2,46969,11,normal,0,train
1278,1700998100000000000,6,40506,13,normal,0,train
1278,1701083060000000000,6,47030,12,normal,0,train
1278,1701170900000000000,6,41047,13,normal,0,train
1278,1701250820000000000,6,45266,11,normal,0,train
1278,1701343100000000000,6,43550,13,normal,0,train
1278,1701432620000000000,6,48358,13,normal,0,train
1278,1701427220000000000,2,41300,12,normal,0,train
1279,1700047340000000000,5,34344,13,normal,0,train
1279,1700140280000000000,2,40208,14,legit: occasional merchant,0,train
1279,1700220320000000000,1,37222,13,normal,0,train
1279,1700307680000000000,5,36167,13,normal,0,train
1279,1700398520000000000,1,33217,14,normal,0,train
1279,1700484860000000000,5,37116,14,normal,0,train
1279,1700483420000000000,1,38303,14,normal,0,train
1279,1700574920000000000,1,38702,15,normal,0,train
1279,1700658140000000000,5,32663,14,normal,0,train
1279,1700747480000000000,5,34162,15,normal,0,train
1279,1700827280000000000,1,36520,13,normal,0,train
1279,1700825840000000000,5,38069,13,normal,0,train
1279,1700916200000000000,5,38264,14,normal,0,train
1279,1700913560000000000,1,37379,13,normal,0,train
1279,1700999960000000000,1,33123,13,normal,0,train
1279,1701085640000000000,4,36735,13,legit: occasional merchant,0,train
1279,1701175460000000000,5,33797,14,normal,0,train
1279,1701264560000000000,1,90536,15,legit: team order,0,train
1279,1701348500000000000,1,38441,14,normal,0,train
1279,1701349760000000000,1,32342,14,normal,0,train
1279,1701430100000000000,5,31179,13,normal,0,train
1279,1701525560000000000,1,30278,15,normal,0,train
1279,1701611180000000000,1,30798,15,normal,0,train
1279,1701605420000000000,5,38012,13,normal,0,train
1280,1700048000000000000,6,30162,13,normal,0,train
1280,1700137880000000000,2,34470,14,normal,0,train
1280,1700135900000000000,6,34602,13,normal,0,train
1280,1700220020000000000,2,26856,13,normal,0,train
1280,1700315540000000000,6,28336,15,normal,0,train
1280,1700393180000000000,2,27361,13,normal,0,train
1280,1700479940000000000,6,27078,13,normal,0,train
1280,1700567240000000000,2,28391,13,normal,0,train
1280,1700572340000000000,6,27135,14,normal,0,train
1280,1700657060000000000,2,33254,14,normal,0,train
1280,1700745260000000000,2,29508,15,normal,0,train
1280,1700829920000000000,2,26174,14,normal,0,train
1280,1700833940000000000,2,27851,15,normal,0,train
1280,1700919320000000000,6,27501,15,normal,0,train
1280,1701006560000000000,6,25386,15,normal,0,train
1280,1701086540000000000,6,30663,13,normal,0,train
1280,1701172940000000000,6,27720,13,normal,0,train
1280,1701177680000000000,2,80346,15,legit: team order,0,train
1280,1701257600000000000,2,27204,13,normal,0,train
1280,1701266960000000000,2,32613,15,normal,0,train
1280,1701345680000000000,2,25981,13,normal,0,train
1280,1701435140000000000,2,27990,14,normal,0,train
1280,1701431600000000000,6,24382,13,normal,0,train
1280,1701524600000000000,2,29291,15,normal,0,train
1280,1701606200000000000,6,28619,14,normal,0,train
1280,1701604280000000000,2,33367,13,normal,0,train
1280,1701691640000000000,6,24593,13,normal,0,train
1281,1700046620000000000,2,43976,12,normal,0,train
1281,1700136620000000000,4,43457,13,normal,0,train
1281,1700223680000000000,2,35681,14,normal,0,train
1281,1700221940000000000,4,39547,13,normal,0,train
1281,1700306240000000000,4,45180,13,normal,0,train
1281,1700397440000000000,2,44337,14,normal,0,train
1281,1700480780000000000,2,34269,13,normal,0,train
1281,1700561960000000000,4,41211,12,normal,0,train
1281,1700650940000000000,2,44779,12,normal,0,train
1281,1700743460000000000,2,33925,14,normal,0,train
1281,1700821160000000000,4,43945,12,normal,0,train
1281,1700907500000000000,2,39475,12,normal,0,train
1281,1701003800000000000,4,37811,14,normal,0,train
1281,1701090260000000000,2,42649,14,normal,0,train
1281,1701171680000000000,2,45029,13,normal,0,train
1281,1701174020000000000,2,35167,14,normal,0,train
1281,1701260840000000000,4,40198,14,normal,0,train
1281,1701340520000000000,2,39747,12,normal,0,train
1281,1701348500000000000,2,39664,14,normal,0,train
1281,1701436280000000000,4,36457,14,normal,0,train
1281,1701468800000000000,58,79372,13,new merchant,1,train
1281,1701479600000000000,47,79372,13,new merchant,1,train
1281,1701490400000000000,48,79372,13,new merchant,1,train
1282,1700043200000000000,6,34271,12,normal,0,train
1282,1700132300000000000,6,35674,12,normal,0,train
1282,1700221220000000000,6,33522,13,normal,0,train
1282,1700305940000000000,6,34128,12,normal,0,train
1282,1700308700000000000,6,30515,13,normal,0,train
1282,1700391680000000000,6,33262,12,normal,0,train
1282,1700474120000000000,6,34991,11,normal,0,train
1282,1700562200000000000,6,34013,12,normal,0,train
1282,1700568560000000000,6,33001,13,normal,0,train
1282,1700650340000000000,6,26303,12,normal,0,train
1282,1700730800000000000,6,25771,11,normal,0,train
1282,1700825600000000000,6,33128,13,normal,0,train
1282,1700818760000000000,6,24894,11,normal,0,train
1282,1700908040000000000,6,33016,12,normal,0,train
1282,1700991560000000000,6,26698,11,normal,0,train
1282,1701085400000000000,6,30953,13,normal,0,train
1282,1701172400000000000,6,25351,13,normal,0,train
1282,1701258440000000000,6,29192,13,normal,0,train
1282,1701253040000000000,6,35592,12,normal,0,train
1282,1701339920000000000,6,34345,12,normal,0,train
1282,1701426740000000000,6,27094,12,normal,0,train
1282,1701426620000000000,6,31203,12,normal,0,train
1282,1701523160000000000,6,32866,15,legit: late lunch,0,train
1283,1700051660000000000,5,23244,14,normal,0,train
1283,1700053760000000000,5,63012,14,legit: team order,0,train
1283,1700132720000000000,5,17218,12,normal,0,train
1283,1700224640000000000,5,21350,14,normal,0,train
1283,1700303840000000000,1,26341,12,normal,0,train
1283,1700398100000000000,5,17691,14,normal,0,train
1283,1700477000000000000,5,18842,12,normal,0,train
1283,1700567840000000000,5,19367,13,normal,0,train
1283,1700656940000000000,5,63012,14,legit: team order,0,train
1283,1700742980000000000,5,20856,14,normal,0,train
1283,1700827220000000000,5,26499,13,normal,0,train
1283,1700911160000000000,5,63012,13,legit: team order,0,train
1283,1700997440000000000,5,19818,13,normal,0,train
1283,1701090380000000000,1,17884,14,legit: occasional merchant,0,train
1283,1701168200000000000,1,27266,12,normal,0,train
1283,1701258680000000000,5,17460,13,normal,0,train
1283,1701343580000000000,5,16895,13,normal,0,train
1283,1701442100000000000,5,63012,16,legit: team order,0,train
1283,1701515960000000000,1,21808,13,normal,0,train
1283,1701514400000000000,5,18883,12,legit: occasional merchant,0,train
1283,1701598640000000000,5,15997,12,normal,0,train
1283,1701602180000000000,1,15854,13,normal,0,train
1283,1701688160000000000,1,18412,12,normal,0,train
1283,1701690080000000000,1,19342,13,normal,0,train
1284,1700053520000000000,5,47076,14,normal,0,train
1284,1700048480000000000,5,58684,13,normal,0,train
1284,1700143280000000000,5,53681,15,normal,0,train
1284,1700223920000000000,2,52114,14,normal,0,train
1284,1700316560000000000,5,54114,15,normal,0,train
1284,1700396420000000000,2,125948,14,legit: team order,0,train
1284,1700481080000000000,2,56103,13,normal,0,train
1284,1700571080000000000,2,48509,14,normal,0,train
1284,1700658440000000000,5,56078,14,normal,0,train
1284,1700738360000000000,2,47142,13,normal,0,train
1284,1700833640000000000,2,58796,15,normal,0,train
1284,1700912120000000000,2,50841,13,normal,0,train
1284,1700999240000000000,2,47634,13,normal,0,train
1284,1701089060000000000,5,47491,14,legit: occasional merchant,0,train
1284,1701177920000000000,2,58657,15,normal,0,train
1284,1701260780000000000,5,57192,14,normal,0,train
1284,1701257060000000000,2,55360,13,normal,0,train
1285,1700050460000000000,2,31527,14,normal,0,train
1285,1700138660000000000,5,32500,14,normal,0,train
1285,1700135060000000000,5,27766,13,normal,0,train
1285,1700221280000000000,5,37234,13,normal,0,train
1285,1700225000000000000,3,39417,14,legit: occasional merchant,0,train
1285,1700305880000000000,5,36848,12,normal,0,train
1285,1700397320000000000,2,34107,14,normal,0,train
1285,1700392400000000000,2,31417,13,normal,0,train
1285,1700479820000000000,5,35825,13,normal,0,train
1285,1700563760000000000,5,29354,12,normal,0,train
1285,1700651120000000000,2,36181,12,normal,0,train
1285,1700654780000000000,2,86872,13,legit: team order,0,train
1285,1700744840000000000,2,32199,14,normal,0,train
1285,1700736560000000000,2,32573,12,normal,0,train
1285,1700829620000000000,2,30193,14,normal,0,train
1285,1700910200000000000,2,32191,12,normal,0,train
1285,1701000080000000000,5,28184,13,normal,0,train
1285,1701089360000000000,5,31029,14,normal,0,train
1285,1701172400000000000,2,34764,13,normal,0,train
1285,1701260540000000000,2,36886,14,normal,0,train
1285,1701348620000000000,2,36005,14,normal,0,train
1286,1700046860000000000,6,43522,13,normal,0,train
1286,1700053460000000000,6,35261,14,normal,0,train
1286,1700139200000000000,3,38592,14,normal,0,train
1286,1700226620000000000,6,43817,14,normal,0,train
1286,1700309240000000000,3,42268,13,normal,0,train
1286,1700395880000000000,3,34446,13,normal,0,train
1286,1700391140000000000,6,38576,12,normal,0,train
1286,1700479460000000000,3,40688,13,normal,0,train
1286,1700566040000000000,6,45012,13,normal,0,train
1286,1700648540000000000,6,36044,12,normal,0,train
1286,1700657600000000000,3,41814,14,normal,0,train
1286,1700738720000000000,6,43238,13,normal,0,train
1286,1700828720000000000,6,37093,14,normal,0,train
1286,1700821880000000000,6,43593,12,normal,0,train
1286,1700910620000000000,6,35861,12,normal,0,train
1286,1700994440000000000,3,34903,12,normal,0,train
1286,1700999720000000000,6,40644,13,normal,0,train
1286,1701084920000000000,6,34746,13,normal,0,train
1286,1701087320000000000,6,43672,14,normal,0,train
1286,1701171860000000000,6,37769,13,normal,0,train
1286,1701168440000000000,3,44909,12,normal,0,train
1286,1701261620000000000,6,36902,14,normal,0,train
1286,1701344360000000000,3,33650,13,normal,0,train
1287,1700046740000000000,2,51272,12,normal,0,train
1287,1700043620000000000,2,50375,12,normal,0,train
1287,1700138180000000000,2,53385,14,normal,0,train
1287,1700224400000000000,1,45168,14,legit: occasional merchant,0,train
1287,1700307980000000000,2,45779,13,normal,0,train
1287,1700391500000000000,2,48473,12,normal,0,train
1287,1700389640000000000,2,116266,12,legit: team order,0,train
1287,1700478380000000000,2,51637,12,normal,0,train
1287,1700476400000000000,2,47946,12,normal,0,train
1287,1700563520000000000,2,52078,12,normal,0,train
1287,1700653280000000000,2,116266,13,legit: team order,0,train
1287,1700737220000000000,2,47229,12,normal,0,train
1287,1700741840000000000,2,46270,14,normal,0,train
1287,1700831540000000000,2,43532,14,normal,0,train
1287,1700910680000000000,2,53275,12,normal,0,train
1287,1700911220000000000,2,45035,13,normal,0,train
1287,1701001280000000000,2,47819,14,normal,0,train
1287,1701004160000000000,2,42258,14,normal,0,train
1287,1701088400000000000,2,48315,14,normal,0,train
1287,1701123200000000000,46,96266,13,new merchant,1,train
1287,1701134000000000000,44,96266,13,new merchant,1,train
1287,1701144800000000000,42,96266,13,new merchant,1,train
1288,1700053880000000000,1,23057,14,normal,0,train
1288,1700137340000000000,1,16244,14,normal,0,train
1288,1700223920000000000,1,21592,14,normal,0,train
1288,1700312780000000000,1,22454,14,normal,0,train
1288,1700400980000000000,1,23186,15,normal,0,train
1288,1700479400000000000,1,24196,13,normal,0,train
1288,1700567840000000000,1,21783,13,normal,0,train
1288,1700653160000000000,1,20111,13,normal,0,train
1288,1700738720000000000,1,25868,13,normal,0,train
1288,1700831480000000000,1,27489,14,normal,0,train
1288,1700912300000000000,1,18632,13,normal,0,train
1288,1701006140000000000,1,19842,15,normal,0,train
1288,1701004400000000000,1,64460,15,legit: team order,0,train
1288,1701092360000000000,1,24664,15,normal,0,train
1288,1701087260000000000,1,64460,14,legit: team order,0,train
1288,1701172040000000000,1,19812,13,normal,0,train
1288,1701257240000000000,1,19959,13,normal,0,train
1288,1701348260000000000,1,23841,14,normal,0,train
1289,1700047100000000000,3,49437,13,normal,0,train
1289,1700130440000000000,4,52067,12,normal,0,train
1289,1700224280000000000,4,48150,14,normal,0,train
1289,1700319380000000000,4,49911,16,legit: late lunch,0,train
1289,1700389580000000000,3,45296,12,normal,0,train
1289,1700481560000000000,4,50241,13,normal,0,train
1289,1700566940000000000,3,43883,13,normal,0,train
1289,1700656880000000000,3,46745,14,normal,0,train
1289,1700739680000000000,3,53065,13,normal,0,train
1289,1700826200000000000,4,48623,13,legit: occasional merchant,0,train
1289,1700909240000000000,4,43263,12,normal,0,train
1289,1700996360000000000,3,43576,12,normal,0,train
1290,1700040200000000000,1,27612,11,normal,0,train
1290,1700132840000000000,2,32321,12,normal,0,train
1290,1700214080000000000,1,31927,11,normal,0,train
1290,1700300300000000000,1,86778,11,legit: team order,0,train
1290,1700393420000000000,2,35722,13,normal,0,train
1290,1700473340000000000,1,30866,11,normal,0,train
1290,1700559320000000000,2,32602,11,normal,0,train
1290,1700644460000000000,2,32672,11,normal,0,train
1290,1700733320000000000,2,30425,11,normal,0,train
1290,1700739560000000000,1,34729,13,normal,0,train
1290,1700821160000000000,2,35217,12,normal,0,train
1290,1700904920000000000,2,36248,11,normal,0,train
1290,1700904080000000000,2,86778,11,legit: team order,0,train
1290,1700991740000000000,2,31313,11,normal,0,train
1290,1701079760000000000,2,38296,11,normal,0,train
1290,1701169820000000000,2,35994,12,normal,0,train
1290,1701259160000000000,2,38111,13,normal,0,train
1290,1701339680000000000,2,86778,12,legit: team order,0,train
1291,1700045300000000000,5,44127,12,normal,0,train
1291,1700139440000000000,5,49819,14,normal,0,train
1291,1700220380000000000,5,51618,13,normal,0,train
1291,1700221700000000000,5,45290,13,normal,0,train
1291,1700305220000000000,5,49280,12,normal,0,train
1291,1700397920000000000,1,48014,14,legit: occasional merchant,0,train
1291,1700475260000000000,2,49328,12,legit: occasional merchant,0,train
1291,1700568140000000000,6,48480,13,normal,0,train
1291,1700658680000000000,5,52392,14,normal,0,train
1291,1700652620000000000,5,46861,13,normal,0,train
1291,1700736620000000000,5,43076,12,normal,0,train
1291,1700743280000000000,5,47514,14,normal,0,train
1291,1700821820000000000,5,52443,12,normal,0,train
1291,1700917100000000000,6,116582,14,legit: occasional merchant,0,train
1291,1700914760000000000,5,42599,14,normal,0,train
1291,1701000440000000000,5,51486,13,normal,0,train
1291,1700994440000000000,6,116582,12,legit: team order,0,train
1291,1701090440000000000,6,50237,14,normal,0,train
1291,1701167420000000000,6,48401,12,normal,0,train
1291,1701253040000000000,6,51321,12,normal,0,train
1291,1701344000000000000,5,50230,13,normal,0,train
1292,1700045240000000000,5,36023,12,normal,0,train
1292,1700130380000000000,5,43146,12,normal,0,train
1292,1700217560000000000,2,45311,12,normal,0,train
1292,1700306360000000000,5,39588,13,normal,0,train
1292,1700392460000000000,2,42217,13,normal,0,train
1292,1700483720000000000,2,45036,14,normal,0,train
1292,1700563100000000000,2,44387,12,normal,0,train
1292,1700650520000000000,5,41771,12,normal,0,train
1292,1700744960000000000,2,42274,14,normal,0,train
1292,1700822180000000000,5,37124,12,normal,0,train
1292,1700822480000000000,2,42826,12,normal,0,train
1292,1700910440000000000,5,43310,12,normal,0,train
1292,1700993960000000000,5,45672,12,normal,0,train
1292,1701003020000000000,2,42099,14,normal,0,train
1292,1701087140000000000,5,40111,13,normal,0,train
1292,1701173120000000000,2,41050,13,normal,0,train
1292,1701171140000000000,5,44962,13,normal,0,train
1292,1701255860000000000,5,44843,12,normal,0,train
1292,1701258920000000000,2,46460,13,normal,0,train
1293,1700043080000000000,3,17638,11,normal,0,train
1293,1700134040000000000,3,23333,13,normal,0,train
1293,1700133200000000000,1,18158,13,normal,0,train
1293,1700214680000000000,1,23544,11,normal,0,train
1293,1700307020000000000,1,17969,13,normal,0,train
1293,1700391200000000000,1,21276,12,normal,0,train
1293,1700477000000000000,3,25911,12,normal,0,train
1293,1700568440000000000,3,25935,13,normal,0,train
1293,1700645060000000000,1,25651,11,normal,0,train
1293,1700740820000000000,1,17044,13,normal,0,train
1293,1700826140000000000,1,17902,13,normal,0,train
1293,1700909900000000000,3,19278,12,normal,0,train
1293,1700909360000000000,1,18283,12,normal,0,train
1293,1700998520000000000,3,17716,13,normal,0,train
1293,1701086780000000000,3,23720,13,normal,0,train
1293,1701079640000000000,3,21313,11,normal,0,train
1293,1701171680000000000,1,16561,13,normal,0,train
1293,1701258380000000000,3,14852,13,normal,0,train
1293,1701336020000000000,1,19442,11,normal,0,train
1293,1701344780000000000,1,24804,13,normal,0,train
1293,1701422180000000000,3,23421,11,normal,0,train
1293,1701425300000000000,3,23928,11,normal,0,train
1293,1701516860000000000,3,14629,13,normal,0,train
1293,1701566000000000000,1,19973,3,odd hour,1,train
1293,1701652400000000000,1,19973,3,odd hour,1,train
1294,1700051660000000000,4,54031,14,normal,0,train
1294,1700141180000000000,6,52884,15,normal,0,train
1294,1700226620000000000,6,51786,14,normal,0,train
1294,1700308640000000000,4,57468,13,normal,0,train
1294,1700309060000000000,6,54698,13,normal,0,train
1294,1700399060000000000,4,57147,14,normal,0,train
1294,1700488280000000000,6,54820,15,normal,0,train
1294,1700566940000000000,6,60004,13,normal,0,train
1294,1700658560000000000,4,50114,14,normal,0,train
1294,1700743520000000000,6,49488,14,normal,0,train
1294,1700827160000000000,6,49680,13,normal,0,train
1294,1700914460000000000,6,50340,14,normal,0,train
1294,1700911100000000000,6,58776,13,normal,0,train
1294,1700998700000000000,4,55538,13,normal,0,train
1295,1700046920000000000,2,45182,13,normal,0,test
1295,1700149580000000000,2,33980,17,legit: late lunch,0,test
1295,1700223440000000000,1,43832,14,normal,0,test
1295,1700316260000000000,1,35302,15,normal,0,test
1295,1700393720000000000,1,38189,13,normal,0,test
1295,1700392400000000000,1,34951,13,normal,0,test
1295,1700488040000000000,2,36989,15,normal,0,test
1295,1700489180000000000,1,34160,15,normal,0,test
1295,1700575820000000000,2,40855,15,normal,0,test
1295,1700656100000000000,1,99792,14,legit: team order,0,test
1295,1700739980000000000,2,40147,13,normal,0,test
1295,1700829440000000000,1,35526,14,normal,0,test
1295,1700919260000000000,1,44235,15,normal,0,test
1295,1700911640000000000,2,33946,13,normal,0,test
1295,1701005240000000000,2,43803,15,normal,0,test
1295,1701007880000000000,2,42946,15,normal,0,test
1295,1701094100000000000,6,34186,15,legit: occasional merchant,0,test
1295,1701180740000000000,1,36038,15,normal,0,test
1295,1701265580000000000,2,33993,15,normal,0,test
1295,1701296000000000000,1,39896,14,burst,1,test
1295,1701296120000000000,1,39896,14,burst,1,test
1295,1701296240000000000,1,39896,14,burst,1,test
1295,1701296360000000000,1,39896,14,burst,1,test
1295,1701296480000000000,1,39896,14,burst,1,test
1295,1701296600000000000,1,39896,14,burst,1,test
1296,1700048780000000000,3,40555,13,normal,0,test
1296,1700051900000000000,4,37821,14,normal,0,test
1296,1700143280000000000,6,44742,15,legit: occasional merchant,0,test
1296,1700223500000000000,4,41909,14,normal,0,test
1296,1700313980000000000,4,38314,15,normal,0,test
1296,1700403020000000000,3,36748,15,normal,0,test
1296,1700479940000000000,4,45509,13,normal,0,test
1296,1700565500000000000,4,45324,13,normal,0,test
1296,1700659640000000000,4,46807,15,normal,0,test
1296,1700745380000000000,4,44323,15,normal,0,test
1296,1700830820000000000,4,44700,14,normal,0,test
1296,1700915420000000000,3,36410,14,normal,0,test
1296,1701006920000000000,4,40006,15,normal,0,test
1296,1701085040000000000,3,39543,13,normal,0,test
1296,1701093680000000000,2,36871,15,legit: occasional merchant,0,test
1296,1701170600000000000,4,38791,13,normal,0,test
1296,1701263900000000000,3,37007,15,normal,0,test
1296,1701258440000000000,3,46388,13,normal,0,test
1296,1701360560000000000,4,36285,17,legit: late lunch,0,test
1296,1701437120000000000,3,40529,15,normal,0,test
1296,1701524540000000000,3,39837,15,normal,0,test
1296,1701555200000000000,3,41108,14,burst,1,test
1296,1701555320000000000,3,41108,14,burst,1,test
1296,1701555440000000000,3,41108,14,burst,1,test
1296,1701555560000000000,3,41108,14,burst,1,test
1296,1701555680000000000,3,41108,14,burst,1,test
1296,1701555800000000000,3,41108,14,burst,1,test
1297,1700064380000000000,5,14885,17,legit: late lunch,0,test
1297,1700136020000000000,5,13056,13,normal,0,test
1297,1700227160000000000,5,22735,15,normal,0,test
1297,1700309720000000000,3,17998,14,legit: occasional merchant,0,test
1297,1700393120000000000,6,18522,13,normal,0,test
1297,1700393120000000000,6,15504,13,normal,0,test
1297,1700483120000000000,6,14331,14,normal,0,test
1297,1700567960000000000,2,16155,13,legit: occasional merchant,0,test
1297,1700655980000000000,5,23856,14,normal,0,test
1297,1700653400000000000,6,21204,13,normal,0,test
1297,1700748080000000000,5,19233,15,normal,0,test
1297,1700829080000000000,6,19389,14,normal,0,test
1297,1700916320000000000,5,22512,14,normal,0,test
1297,1701004700000000000,6,13725,15,normal,0,test
1297,1701002240000000000,6,16925,14,normal,0,test
1297,1701088520000000000,5,17664,14,normal,0,test
1297,1701173840000000000,5,14706,14,normal,0,test
1297,1701171440000000000,5,20211,13,normal,0,test
1297,1701256760000000000,5,23444,13,normal,0,test
1298,1700052800000000000,3,63137,14,normal,0,test
1298,1700045720000000000,3,60883,12,normal,0,test
1298,1700133620000000000,3,58311,13,normal,0,test
1298,1700223620000000000,3,63500,14,normal,0,test
1298,1700310980000000000,4,61353,14,normal,0,test
1298,1700390180000000000,3,55895,12,normal,0,test
1298,1700483540000000000,4,62859,14,normal,0,test
1298,1700562860000000000,4,64307,12,normal,0,test
1298,1700576480000000000,4,54393,16,legit: late lunch,0,test
1298,1700658740000000000,3,64776,14,normal,0,test
1298,1700735720000000000,4,60109,12,normal,0,test
1298,1700735420000000000,3,61919,12,normal,0,test
1298,1700826620000000000,4,57651,13,normal,0,test
1298,1700910080000000000,4,139384,12,legit: team order,0,test
1298,1700917640000000000,3,61184,14,normal,0,test
1298,1701001040000000000,3,62580,14,normal,0,test
1298,1701036800000000000,58,119384,13,new merchant,1,test
1298,1701047600000000000,54,119384,13,new merchant,1,test
1298,1701058400000000000,50,119384,13,new merchant,1,test
1299,1700050160000000000,2,45900,13,normal,0,test
1299,1700048840000000000,1,45893,13,normal,0,test
1299,1700135120000000000,1,46178,13,normal,0,test
1299,1700220080000000000,2,50108,13,normal,0,test
1299,1700309720000000000,2,51679,14,normal,0,test
1299,1700303360000000000,2,49136,12,normal,0,test
1299,1700397020000000000,2,46313,14,normal,0,test
1299,1700394800000000000,1,57203,13,normal,0,test
1299,1700485940000000000,2,57084,14,normal,0,test
1299,1700479280000000000,5,48671,13,legit: occasional merchant,0,test
1299,1700579000000000000,2,57240,16,legit: late lunch,0,test
1299,1700658740000000000,2,57004,14,normal,0,test
1299,1700743160000000000,2,49447,14,normal,0,test
1299,1700835980000000000,1,47862,16,legit: late lunch,0,test
1299,1700916560000000000,1,57161,14,normal,0,test
1299,1701001340000000000,2,56084,14,normal,0,test
1300,1700048180000000000,1,31996,13,normal,0,test
1300,1700141960000000000,1,35414,15,normal,0,test
1300,1700229500000000000,1,35294,15,normal,0,test
1300,1700310920000000000,3,33983,14,normal,0,test
1300,1700314760000000000,3,35112,15,normal,0,test
1300,1700401100000000000,1,33027,15,normal,0,test
1300,1700400560000000000,3,36068,15,normal,0,test
1300,1700481920000000000,1,32193,13,normal,0,test
1300,1700572460000000000,1,32803,15,normal,0,test
1300,1700573000000000000,3,27921,15,normal,0,test
1300,1700651600000000000,1,32675,13,normal,0,test
1300,1700738180000000000,1,33434,13,normal,0,test
1300,1700830340000000000,3,35361,14,normal,0,test
1300,1700918000000000000,3,39072,15,normal,0,test
1300,1701006620000000000,1,33125,15,normal,0,test
1300,1701014420000000000,1,86994,17,legit: team order,0,test
1300,1701038000000000000,3,100491,14,spend spike,1,test
1300,1701039200000000000,3,133988,14,spend spike,1,test
1300,1701040400000000000,3,167485,14,spend spike,1,test
1301,1700056280000000000,4,11837,15,normal,0,test
1301,1700148260000000000,4,20511,17,legit: late lunch,0,test
1301,1700227040000000000,4,14235,15,normal,0,test
1301,1700222000000000000,5,16059,13,normal,0,test
1301,1700309420000000000,5,12965,13,normal,0,test
1301,1700311880000000000,5,16440,14,normal,0,test
1301,1700393000000000000,5,54916,13,legit: team order,0,test
1301,1700484080000000000,4,20586,14,normal,0,test
1301,1700572340000000000,4,22556,14,normal,0,test
1301,1700653340000000000,4,19983,13,normal,0,test
1301,1700746820000000000,5,23192,15,normal,0,test
1301,1700828240000000000,5,17021,14,normal,0,test
1301,1700918120000000000,5,22993,15,normal,0,test
1301,1701002000000000000,5,17751,14,normal,0,test
1301,1701004340000000000,4,15868,14,legit: occasional merchant,0,test
1301,1701090920000000000,5,14167,15,normal,0,test
1301,1701175580000000000,4,17191,14,normal,0,test
1301,1701257480000000000,4,16986,13,normal,0,test
1301,1701342920000000000,4,12904,13,normal,0,test
1301,1701350060000000000,4,22452,15,normal,0,test
1301,1701444020000000000,5,11599,17,legit: late lunch,0,test
1301,1701433340000000000,5,16039,14,normal,0,test
1302,1700045960000000000,2,29572,12,normal,0,test
1302,1700050100000000000,2,34302,13,normal,0,test
1302,1700134640000000000,3,33248,13,normal,0,test
1302,1700214320000000000,3,89688,11,legit: team order,0,test
1302,1700221160000000000,2,40110,13,normal,0,test
1302,1700305340000000000,3,38071,12,normal,0,test
1302,1700390780000000000,3,40841,12,normal,0,test
1302,1700400800000000000,3,39753,15,legit: late lunch,0,test
1302,1700481920000000000,2,29213,13,normal,0,test
1302,1700564000000000000,2,39915,12,normal,0,test
1302,1700648120000000000,3,33541,12,normal,0,test
1302,1700739500000000000,2,39756,13,normal,0,test
1302,1700819780000000000,2,28984,11,normal,0,test
1302,1700904080000000000,2,31941,11,normal,0,test
1302,1700995940000000000,2,40250,12,normal,0,test
1302,1701084200000000000,2,36258,13,normal,0,test
1302,1701123200000000000,3,34844,12,burst,1,test
1302,1701123320000000000,3,34844,12,burst,1,test
1302,1701123440000000000,3,34844,12,burst,1,test
1302,1701123560000000000,3,34844,12,burst,1,test
1302,1701123680000000000,3,34844,12,burst,1,test
1302,1701123800000000000,3,34844,12,burst,1,test
1303,1700045960000000000,2,53579,12,normal,0,test
1303,1700139800000000000,2,57919,14,normal,0,test
1303,1700218940000000000,3,59268,12,normal,0,test
1303,1700305580000000000,2,59053,12,normal,0,test
1303,1700308520000000000,3,60083,13,normal,0,test
1303,1700404520000000000,2,55898,16,legit: late lunch,0,test
1303,1700481440000000000,2,56095,13,normal,0,test
1303,1700566580000000000,3,59691,13,normal,0,test
1303,1700655920000000000,3,59145,14,normal,0,test
1303,1700736080000000000,3,54414,12,normal,0,test
1303,1700735780000000000,5,62078,12,legit: occasional merchant,0,test
1303,1700823920000000000,3,58053,12,normal,0,test
1303,1700917760000000000,3,52576,14,normal,0,test
1303,1701001880000000000,3,57591,14,normal,0,test
1303,1701087080000000000,2,52710,13,normal,0,test
1303,1701167720000000000,2,136300,12,legit: team order,0,test
1303,1701172340000000000,3,55645,13,normal,0,test
1303,1701260240000000000,2,59759,14,normal,0,test
1303,1701348560000000000,2,53707,14,normal,0,test
1304,1700041640000000000,5,49405,11,normal,0,test
1304,1700143280000000000,5,53665,15,legit: late lunch,0,test
1304,1700214500000000000,4,48278,11,normal,0,test
1304,1700300840000000000,4,52931,11,normal,0,test
1304,1700388560000000000,4,56197,11,normal,0,test
1304,1700479340000000000,4,56575,13,normal,0,test
1304,1700565260000000000,4,50944,13,normal,0,test
1304,1700654660000000000,5,52048,13,normal,0,test
1304,1700739680000000000,5,50150,13,normal,0,test
1304,1700824640000000000,4,46187,13,normal,0,test
1304,1700834840000000000,5,46265,15,legit: late lunch,0,test
1304,1700906960000000000,4,57323,11,normal,0,test
1304,1700999420000000000,5,51506,13,normal,0,test
1304,1701078200000000000,4,54109,11,normal,0,test
1304,1701163640000000000,4,124176,11,legit: team order,0,test
1304,1701166100000000000,5,58054,11,normal,0,test
1304,1701255440000000000,5,55559,12,normal,0,test
1304,1701336800000000000,4,52620,11,normal,0,test
1304,1701426560000000000,4,57045,12,normal,0,test
1304,1701517280000000000,5,47591,13,normal,0,test
1304,1701596720000000000,5,55480,11,normal,0,test
1304,1701691220000000000,5,51930,13,normal,0,test
1304,1701769340000000000,4,51020,11,normal,0,test
1304,1701814400000000000,4,52088,12,burst,1,test
1304,1701814520000000000,4,52088,12,burst,1,test
1304,1701814640000000000,4,52088,12,burst,1,test
1304,1701814760000000000,4,52088,12,burst,1,test
1304,1701814880000000000,4,52088,12,burst,1,test
1304,1701815000000000000,4,52088,12,burst,1,test
1305,1700048840000000000,4,39121,13,normal,0,test
1305,1700044520000000000,4,44558,12,normal,0,test
1305,1700135120000000000,4,43851,13,normal,0,test
1305,1700231780000000000,4,45232,16,legit: late lunch,0,test
1305,1700319740000000000,6,42722,16,legit: late lunch,0,test
1305,1700303060000000000,6,46608,12,normal,0,test
1305,1700389820000000000,4,41578,12,normal,0,test
1305,1700480420000000000,6,101310,13,legit: team order,0,test
1305,1700483780000000000,4,43198,14,normal,0,test
1305,1700567480000000000,6,40902,13,normal,0,test
1305,1700653820000000000,4,39215,13,normal,0,test
1305,1700752040000000000,6,45390,16,legit: late lunch,0,test
1305,1700826740000000000,6,46472,13,normal,0,test
1305,1700912120000000000,4,39999,13,normal,0,test
1305,1700999000000000000,6,35629,13,legit: occasional merchant,0,test
1305,1700996300000000000,4,41102,12,normal,0,test
1305,1701083600000000000,4,44412,13,normal,0,test
1305,1701170900000000000,6,35255,13,normal,0,test
1305,1701254120000000000,4,40077,12,normal,0,test
1305,1701355580000000000,4,43556,16,legit: late lunch,0,test
1305,1701426560000000000,4,37667,12,normal,0,test
1305,1701512660000000000,6,39312,12,normal,0,test
1305,1701605000000000000,4,36692,13,normal,0,test
1306,1700044280000000000,4,18299,12,normal,0,test
1306,1700135480000000000,4,12112,13,normal,0,test
1306,1700212700000000000,5,15067,11,legit: occasional merchant,0,test
1306,1700299100000000000,4,12551,11,normal,0,test
1306,1700303180000000000,4,11158,12,normal,0,test
1306,1700392880000000000,1,16351,13,legit: occasional merchant,0,test
1306,1700390960000000000,4,16675,12,normal,0,test
1306,1700477780000000000,4,16181,12,normal,0,test
1306,1700564180000000000,4,17679,12,normal,0,test
1306,1700652680000000000,4,17539,13,normal,0,test
1306,1700652140000000000,6,12177,13,normal,0,test
1306,1700734340000000000,4,13319,11,normal,0,test
1306,1700823440000000000,4,12087,12,normal,0,test
1306,1700904200000000000,6,19454,11,normal,0,test
1306,1700993960000000000,6,19088,12,normal,0,test
1306,1701081320000000000,4,19209,12,normal,0,test
1306,1701168740000000000,4,53512,12,legit: team order,0,test
1306,1701255080000000000,6,53512,12,legit: team order,0,test
1306,1701339500000000000,6,20561,12,normal,0,test
1306,1701335840000000000,4,10905,11,normal,0,test
1306,1701428660000000000,6,20084,12,normal,0,test
1306,1701431000000000000,6,19868,13,normal,0,test
1306,1701510920000000000,4,18007,11,normal,0,test
1306,1701511700000000000,4,14699,11,normal,0,test
1306,1701605480000000000,6,14559,13,normal,0,test
1306,1701599300000000000,6,11511,12,normal,0,test
1306,1701682400000000000,4,17177,11,normal,0,test
1307,1700055200000000000,4,118076,15,legit: team order,0,test
1307,1700140160000000000,4,47039,14,normal,0,test
1307,1700236340000000000,4,52224,17,legit: late lunch,0,test
1307,1700306240000000000,2,50378,13,normal,0,test
1307,1700399600000000000,2,53410,15,normal,0,test
1307,1700486540000000000,4,51620,15,normal,0,test
1307,1700566520000000000,2,50247,13,normal,0,test
1307,1700657300000000000,4,53275,14,normal,0,test
1307,1700743880000000000,2,54372,14,normal,0,test
1307,1700840540000000000,2,51623,17,legit: late lunch,0,test
1307,1700911340000000000,4,46702,13,normal,0,test
1307,1701007580000000000,2,45110,15,normal,0,test
1307,1701093740000000000,4,48711,15,normal,0,test
1307,1701174020000000000,2,48483,14,normal,0,test
1307,1701261440000000000,4,45599,14,normal,0,test
1307,1701357800000000000,2,51849,17,legit: late lunch,0,test
1307,1701351860000000000,2,51056,15,normal,0,test
1307,1701432080000000000,2,51957,13,normal,0,test
1307,1701433820000000000,4,118076,14,legit: team order,0,test
1307,1701516260000000000,1,49882,13,legit: occasional merchant,0,test
1307,1701607100000000000,4,48869,14,normal,0,test
1307,1701696380000000000,2,48121,15,normal,0,test
1308,1700053280000000000,5,52581,14,normal,0,test
1308,1700142860000000000,5,60103,15,normal,0,test
1308,1700234420000000000,5,54413,17,legit: late lunch,0,test
1308,1700312480000000000,5,60958,14,normal,0,test
1308,1700400020000000000,5,59076,15,normal,0,test
1308,1700398760000000000,4,133040,14,legit: team order,0,test
1308,1700489540000000000,5,58040,15,normal,0,test
1308,1700485520000000000,4,52833,14,normal,0,test
1308,1700571860000000000,5,58657,14,normal,0,test
1308,1700661020000000000,5,52803,15,normal,0,test
1308,1700745380000000000,5,61326,15,normal,0,test
1308,1700841080000000000,5,60403,17,legit: late lunch,0,test
1308,1700910980000000000,5,52630,13,normal,0,test
1308,1700912780000000000,4,54374,13,normal,0,test
1308,1701001940000000000,5,56968,14,normal,0,test
1308,1701085520000000000,6,51573,13,legit: occasional merchant,0,test
1308,1701092420000000000,4,57372,15,normal,0,test
1308,1701123200000000000,5,56520,14,burst,1,test
1308,1701123320000000000,5,56520,14,burst,1,test
1308,1701123440000000000,5,56520,14,burst,1,test
1308,1701123560000000000,5,56520,14,burst,1,test
1308,1701123680000000000,5,56520,14,burst,1,test
1308,1701123800000000000,5,56520,14,burst,1,test
1309,1700049140000000000,6,22638,13,normal,0,test
1309,1700131520000000000,3,23186,12,normal,0,test
1309,1700217620000000000,6,34221,12,normal,0,test
1309,1700304200000000000,3,23023,12,normal,0,test
1309,1700388860000000000,3,26338,12,normal,0,test
1309,1700481080000000000,3,28705,13,normal,0,test
1309,1700561540000000000,3,26511,11,normal,0,test
1309,1700563700000000000,3,26371,12,normal,0,test
1309,1700652320000000000,6,33018,13,normal,0,test
1309,1700731640000000000,3,23009,11,normal,0,test
1309,1700817620000000000,3,26193,11,normal,0,test
1309,1700903840000000000,6,25801,11,normal,0,test
1309,1700994020000000000,6,28086,12,normal,0,test
1309,1701079640000000000,3,24980,11,normal,0,test
1309,1701123200000000000,43,57116,12,new merchant,1,test
1309,1701134000000000000,56,57116,12,new merchant,1,test
1309,1701144800000000000,53,57116,12,new merchant,1,test
1310,1700053520000000000,6,33789,14,normal,0,test
1310,1700141480000000000,6,30726,15,normal,0,test
1310,1700229020000000000,6,28467,15,normal,0,test
1310,1700306840000000000,6,29998,13,normal,0,test
1310,1700393660000000000,6,35990,13,normal,0,test
1310,1700495960000000000,6,37490,17,legit: late lunch,0,test
1310,1700582300000000000,6,28179,17,legit: late lunch,0,test
1310,1700660900000000000,6,29186,15,normal,0,test
1310,1700651660000000000,6,33236,13,normal,0,test
1310,1700738180000000000,6,36246,13,normal,0,test
1310,1700831900000000000,6,31476,15,normal,0,test
1310,1700913860000000000,6,32797,13,normal,0,test
1310,1700999300000000000,6,34209,13,normal,0,test
1310,1701086660000000000,6,35876,13,normal,0,test
1310,1701173300000000000,6,34384,13,normal,0,test
1310,1701260840000000000,6,36642,14,normal,0,test
1310,1701353000000000000,6,38654,15,normal,0,test
1310,1701439040000000000,6,28559,15,normal,0,test
1310,1701533480000000000,6,32494,17,legit: late lunch,0,test
1310,1701607820000000000,6,34366,14,normal,0,test
1310,1701610880000000000,6,27451,15,normal,0,test
1311,1700049740000000000,1,52844,13,legit: occasional merchant,0,test
1311,1700134940000000000,4,47978,13,normal,0,test
1311,1700217500000000000,4,54928,12,normal,0,test
1311,1700308340000000000,4,52133,13,normal,0,test
1311,1700391980000000000,4,51453,12,normal,0,test
1311,1700485400000000000,3,51239,14,normal,0,test
1311,1700565200000000000,1,54757,13,legit: occasional merchant,0,test
1311,1700566580000000000,3,52391,13,normal,0,test
1311,1700648840000000000,3,56876,12,normal,0,test
1311,1700736500000000000,3,52191,12,normal,0,test
1311,1700735240000000000,4,57060,12,normal,0,test
1311,1700825060000000000,4,56374,13,normal,0,test
1311,1700828660000000000,3,47875,14,normal,0,test
1311,1700911640000000000,3,49000,13,normal,0,test
1311,1700998040000000000,4,47885,13,normal,0,test
1311,1701083180000000000,4,52116,12,normal,0,test
1311,1701176960000000000,3,47587,14,normal,0,test
1311,1701167960000000000,3,57232,12,normal,0,test
1311,1701253100000000000,3,55352,12,normal,0,test
1311,1701346400000000000,3,56943,14,normal,0,test
1311,1701433820000000000,3,48395,14,normal,0,test
1311,1701432740000000000,3,55337,13,normal,0,test
1311,1701522680000000000,3,54943,14,normal,0,test
1311,1701556400000000000,4,159054,13,spend spike,1,test
1311,1701557600000000000,4,212072,13,spend spike,1,test
1311,1701558800000000000,4,265090,13,spend spike,1,test
1312,1700052560000000000,2,61768,14,normal,0,test
1312,1700142140000000000,4,56856,15,normal,0,test
1312,1700229980000000000,2,53153,15,normal,0,test
1312,1700315660000000000,2,63986,15,normal,0,test
1312,1700393360000000000,4,56707,13,normal,0,test
1312,1700408540000000000,2,136750,17,legit: team order,0,test
1312,1700479040000000000,4,54455,13,legit: occasional merchant,0,test
1312,1700565560000000000,4,58269,13,normal,0,test
1312,1700654900000000000,2,60851,13,normal,0,test
1312,1700738000000000000,2,57392,13,normal,0,test
1312,1700748320000000000,4,136750,15,legit: team order,0,test
1312,1700833640000000000,2,60240,15,normal,0,test
1312,1700921540000000000,2,61274,15,normal,0,test
1312,1700997440000000000,2,55066,13,normal,0,test
1312,1701091400000000000,2,59267,15,normal,0,test
1312,1701091640000000000,2,61103,15,normal,0,test
1312,1701178640000000000,2,55030,15,normal,0,test
1312,1701257360000000000,4,63560,13,normal,0,test
1312,1701347960000000000,2,52388,14,normal,0,test
1312,1701433400000000000,5,136750,14,legit: occasional merchant,0,test
1312,1701519620000000000,2,59686,14,normal,0,test
1312,1701521300000000000,2,62255,14,normal,0,test
1312,1701608780000000000,2,59685,14,normal,0,test
1313,1700042840000000000,1,36727,11,normal,0,test
1313,1700132840000000000,1,38442,12,normal,0,test
1313,1700222480000000000,1,36174,13,normal,0,test
1313,1700306000000000000,1,39894,13,normal,0,test
1313,1700394500000000000,6,39528,13,normal,0,test
1313,1700481680000000000,1,38553,13,normal,0,test
1313,1700568740000000000,1,38284,13,normal,0,test
1313,1700645780000000000,6,37510,11,normal,0,test
1313,1700734760000000000,6,41978,12,normal,0,test
1313,1700825900000000000,1,40877,13,normal,0,test
1313,1700909660000000000,1,37034,12,normal,0,test
1313,1700905820000000000,6,43505,11,normal,0,test
1313,1700994080000000000,6,35886,12,normal,0,test
1313,1701080480000000000,6,35660,12,normal,0,test
1313,1701084620000000000,1,36807,13,normal,0,test
1313,1701123200000000000,42,79448,12,new merchant,1,test
1313,1701134000000000000,57,79448,12,new merchant,1,test
1313,1701144800000000000,56,79448,12,new merchant,1,test
1314,1700044400000000000,3,25144,12,normal,0,test
1314,1700134280000000000,6,27896,13,normal,0,test
1314,1700221580000000000,3,25318,13,normal,0,test
1314,1700300780000000000,3,23124,11,normal,0,test
1314,1700386820000000000,6,31754,11,normal,0,test
1314,1700476580000000000,6,30796,12,legit: occasional merchant,0,test
1314,1700479520000000000,6,27320,13,normal,0,test
1314,1700561120000000000,3,26607,11,normal,0,test
1314,1700655020000000000,3,21476,13,normal,0,test
1314,1700650880000000000,3,22947,12,normal,0,test
1314,1700734700000000000,6,29269,12,normal,0,test
1314,1700825000000000000,6,27165,13,normal,0,test
1314,1700906300000000000,6,32338,11,normal,0,test
1314,1700994020000000000,3,22520,12,normal,0,test
1314,1701077720000000000,6,21738,11,normal,0,test
1314,1701169940000000000,3,31078,12,normal,0,test
1314,1701172760000000000,3,21589,13,normal,0,test
1314,1701252800000000000,3,31381,12,normal,0,test
1314,1701252440000000000,6,22226,11,normal,0,test
1314,1701338300000000000,3,26003,11,normal,0,test
1314,1701431960000000000,3,24758,13,normal,0,test
1314,1701509720000000000,3,30647,11,normal,0,test
1314,1701511940000000000,6,24715,11,normal,0,test
1314,1701597920000000000,6,73540,11,legit: team order,0,test
1314,1701605420000000000,6,29419,13,normal,0,test
1314,1701682580000000000,3,22663,11,normal,0,test
1314,1701683900000000000,3,27266,11,normal,0,test
1314,1701769760000000000,3,21185,11,normal,0,test
1315,1700046860000000000,2,50700,13,normal,0,test
1315,1700131820000000000,2,51784,12,normal,0,test
1315,1700220740000000000,2,48597,13,normal,0,test
1315,1700304020000000000,3,47712,12,legit: occasional merchant,0,test
1315,1700395400000000000,2,47253,13,normal,0,test
1315,1700387360000000000,2,49394,11,normal,0,test
1315,1700473280000000000,2,50033,11,normal,0,test
1315,1700476280000000000,6,49169,12,normal,0,test
1315,1700558420000000000,2,53290,11,normal,0,test
1315,1700651600000000000,6,44992,13,normal,0,test
1315,1700734400000000000,2,50654,12,normal,0,test
1315,1700818340000000000,6,49257,11,normal,0,test
1315,1700908640000000000,2,50447,12,normal,0,test
1315,1700998820000000000,2,53349,13,normal,0,test
1315,1701077660000000000,6,43299,11,normal,0,test
1316,1700046320000000000,2,55667,12,normal,0,test
1316,1700135120000000000,2,53736,13,normal,0,test
1316,1700231060000000000,2,48010,16,legit: late lunch,0,test
1316,1700308160000000000,3,52377,13,normal,0,test
1316,1700305220000000000,2,57508,12,normal,0,test
1316,1700395760000000000,3,57253,13,normal,0,test
1316,1700490560000000000,3,53771,16,legit: late lunch,0,test
1316,1700567420000000000,2,57124,13,normal,0,test
1316,1700651600000000000,3,48796,13,normal,0,test
1316,1700741000000000000,3,123232,13,legit: team order,0,test
1316,1700822420000000000,2,55194,12,normal,0,test
1316,1700913800000000000,3,48962,13,normal,0,test
1316,1700908880000000000,2,57241,12,normal,0,test
1316,1701003860000000000,3,54516,14,normal,0,test
1316,1700993780000000000,3,51377,12,normal,0,test
1316,1701086900000000000,3,53607,13,normal,0,test
1316,1701080120000000000,2,53740,12,normal,0,test
1316,1701182360000000000,2,54418,16,legit: late lunch,0,test
1316,1701259760000000000,3,123232,13,legit: team order,0,test
1316,1701344900000000000,2,48470,13,normal,0,test
1316,1701341900000000000,3,48582,12,normal,0,test
1316,1701433100000000000,1,123232,14,legit: occasional merchant,0,test
1316,1701435200000000000,2,56358,14,normal,0,test
1316,1701513380000000000,3,123232,12,legit: team order,0,test
1316,1701599360000000000,2,50866,12,normal,0,test
1316,1701691700000000000,3,49601,13,normal,0,test
1317,1700043620000000000,6,51503,12,normal,0,test
1317,1700133980000000000,3,50667,13,normal,0,test
1317,1700214140000000000,3,51064,11,normal,0,test
1317,1700308640000000000,6,48175,13,normal,0,test
1317,1700387720000000000,6,48132,11,normal,0,test
1317,1700475440000000000,6,45282,12,normal,0,test
1317,1700567840000000000,6,50511,13,normal,0,test
1317,1700652140000000000,6,44101,13,normal,0,test
1317,1700735360000000000,3,46037,12,normal,0,test
1317,1700819000000000000,6,48650,11,normal,0,test
1317,1700819300000000000,6,47025,11,normal,0,test
1317,1700905760000000000,6,53314,11,normal,0,test
1317,1700912600000000000,3,54502,13,normal,0,test
1317,1700996900000000000,6,53939,12,normal,0,test
1317,1701080900000000000,6,45968,12,normal,0,test
1317,1701164600000000000,6,44023,11,normal,0,test
1317,1701264740000000000,6,43720,15,legit: late lunch,0,test
1317,1701252620000000000,6,55175,11,normal,0,test
1318,1700043260000000000,2,43395,12,normal,0,test
1318,1700129120000000000,4,49200,11,normal,0,test
1318,1700220680000000000,2,47996,13,normal,0,test
1318,1700300360000000000,4,39578,11,normal,0,test
1318,1700387360000000000,2,49645,11,normal,0,test
1318,1700393960000000000,2,42971,13,normal,0,test
1318,1700478200000000000,2,40424,12,normal,0,test
1318,1700560880000000000,4,41255,11,normal,0,test
1318,1700647760000000000,5,49435,11,legit: occasional merchant,0,test
1318,1700733860000000000,4,43304,11,normal,0,test
1318,1700824760000000000,4,43796,13,normal,0,test
1318,1700910800000000000,4,41336,13,normal,0,test
1318,1700994740000000000,2,41263,12,normal,0,test
1318,1701086420000000000,2,40377,13,normal,0,test
1318,1701083960000000000,2,43760,13,normal,0,test
1318,1701166220000000000,4,40540,11,normal,0,test
1318,1701249440000000000,2,49699,11,normal,0,test
1318,1701342920000000000,2,50114,13,normal,0,test
1318,1701343820000000000,2,49314,13,normal,0,test
1318,1701422960000000000,4,40730,11,normal,0,test
1318,1701512960000000000,4,48197,12,normal,0,test
1319,1700051960000000000,4,60293,14,normal,0,test
1319,1700134940000000000,2,54604,13,normal,0,test
1319,1700219540000000000,2,52682,12,normal,0,test
1319,1700303180000000000,4,49329,12,normal,0,test
1319,1700395940000000000,2,56014,13,normal,0,test
1319,1700482460000000000,2,51403,14,normal,0,test
1319,1700475980000000000,2,129246,12,legit: team order,0,test
1319,1700569100000000000,2,53149,14,normal,0,test
1319,1700649020000000000,3,53501,12,legit: occasional merchant,0,test
1319,1700743760000000000,4,54338,14,normal,0,test
1319,1700821160000000000,3,52660,12,legit: occasional merchant,0,test
1319,1700912840000000000,2,56031,13,normal,0,test
1319,1700908160000000000,2,57359,12,normal,0,test
1319,1700994020000000000,4,58307,12,normal,0,test
1319,1701089840000000000,2,49646,14,normal,0,test
1319,1701087500000000000,2,60517,14,normal,0,test
1319,1701168560000000000,2,57317,12,normal,0,test
1319,1701173780000000000,2,53548,14,normal,0,test
1320,1700044880000000000,5,48748,12,normal,0,test
1320,1700134880000000000,5,47243,13,normal,0,test
1320,1700131400000000000,5,38295,12,normal,0,test
1320,1700216900000000000,5,43306,12,normal,0,test
1320,1700225960000000000,5,42892,14,normal,0,test
1320,1700304560000000000,5,41020,12,normal,0,test
1320,1700391620000000000,5,38625,12,normal,0,test
1320,1700481560000000000,5,41535,13,normal,0,test
1320,1700567660000000000,4,48747,13,normal,0,test
1320,1700649260000000000,4,42221,12,normal,0,test
1320,1700653220000000000,4,47359,13,normal,0,test
1320,1700741300000000000,4,42895,13,normal,0,test
1320,1700826080000000000,5,43134,13,normal,0,test
1320,1700829020000000000,4,44889,14,normal,0,test
1320,1700910800000000000,4,48905,13,normal,0,test
1320,1700996780000000000,5,43274,12,normal,0,test
1320,1701088100000000000,4,41926,14,normal,0,test
1320,1701174140000000000,5,45734,14,normal,0,test
1320,1701269780000000000,4,37881,16,legit: late lunch,0,test
1321,1700046260000000000,3,26309,12,normal,0,test
1321,1700134220000000000,1,28529,13,normal,0,test
1321,1700215520000000000,3,24505,11,normal,0,test
1321,1700300960000000000,3,71058,11,legit: team order,0,test
1321,1700309180000000000,1,25037,13,normal,0,test
1321,1700392580000000000,3,30297,13,normal,0,test
1321,1700472200000000000,3,26159,11,normal,0,test
1321,1700573000000000000,3,21600,15,legit: late lunch,0,test
1321,1700644400000000000,3,19847,11,normal,0,test
1321,1700736200000000000,3,23911,12,normal,0,test
1321,1700823440000000000,3,29229,12,normal,0,test
1321,1700908040000000000,3,30554,12,normal,0,test
1321,1700997860000000000,3,20063,13,normal,0,test
1321,1700992940000000000,1,24012,11,normal,0,test
1321,1701083960000000000,3,22336,13,normal,0,test
1321,1701086120000000000,3,22583,13,normal,0,test
1321,1701165560000000000,1,26731,11,normal,0,test
1321,1701177380000000000,1,29119,15,legit: late lunch,0,test
1321,1701259280000000000,1,26770,13,normal,0,test
1321,1701341060000000000,3,20826,12,normal,0,test
1321,1701337400000000000,1,19910,11,normal,0,test
1321,1701430280000000000,1,26695,13,normal,0,test
1321,1701422660000000000,3,30975,11,normal,0,test
1321,1701517100000000000,1,31496,13,normal,0,test
1321,1701509840000000000,5,25630,11,legit: occasional merchant,0,test
1322,1700050580000000000,5,41896,14,normal,0,test
1322,1700151140000000000,5,42065,17,legit: late lunch,0,test
1322,1700226440000000000,5,37497,14,normal,0,test
1322,1700315780000000000,5,38290,15,normal,0,test
1322,1700399540000000000,5,36778,14,normal,0,test
1322,1700488400000000000,5,43157,15,normal,0,test
1322,1700573120000000000,5,35735,15,normal,0,test
1322,1700656520000000000,5,41731,14,normal,0,test
1322,1700739320000000000,5,38953,13,normal,0,test
1322,1700828660000000000,5,44015,14,normal,0,test
1322,1700912480000000000,5,36566,13,legit: occasional merchant,0,test
1322,1700919860000000000,5,102720,15,legit: team order,0,test
1322,1700997380000000000,5,43128,13,normal,0,test
1322,1701101060000000000,5,47066,17,legit: late lunch,0,test
1322,1701173660000000000,5,37136,14,normal,0,test
1322,1701210800000000000,5,124080,14,spend spike,1,test
1322,1701212000000000000,5,165440,14,spend spike,1,test
1322,1701213200000000000,5,206800,14,spend spike,1,test
1323,1700041820000000000,1,40820,11,normal,0,test
1323,1700128460000000000,1,34287,11,normal,0,test
1323,1700135780000000000,1,35766,13,normal,0,test
1323,1700220680000000000,6,41214,13,normal,0,test
1323,1700215460000000000,1,31831,11,normal,0,test
1323,1700308460000000000,6,38315,13,normal,0,test
1323,1700390240000000000,1,36659,12,normal,0,test
1323,1700477540000000000,1,40540,12,normal,0,test
1323,1700475800000000000,6,35486,12,normal,0,test
1323,1700559200000000000,6,36124,11,normal,0,test
1323,1700648840000000000,5,33168,12,legit: occasional merchant,0,test
1323,1700654540000000000,6,40894,13,normal,0,test
1323,1700733500000000000,6,34029,11,normal,0,test
1323,1700821580000000000,1,31856,12,normal,0,test
1323,1700909600000000000,6,38804,12,normal,0,test
1323,1700997080000000000,6,40341,12,normal,0,test
1323,1701004880000000000,1,36907,15,legit: late lunch,0,test
1323,1701077420000000000,1,39973,11,normal,0,test
1323,1701177440000000000,6,32200,15,legit: late lunch,0,test
1323,1701254000000000000,1,36921,12,normal,0,test
1323,1701352880000000000,6,38117,15,legit: late lunch,0,test
1323,1701342320000000000,6,32272,12,normal,0,test
1323,1701430580000000000,1,33828,13,normal,0,test
1323,1701427040000000000,6,32080,12,normal,0,test
1323,1701516320000000000,6,42872,13,normal,0,test
1323,1701598160000000000,6,42793,11,normal,0,test
1323,1701642800000000000,6,112386,12,spend spike,1,test
1323,1701644000000000000,6,149848,12,spend spike,1,test
1323,1701645200000000000,6,187310,12,spend spike,1,test
1324,1700054300000000000,2,51643,15,normal,0,test
1324,1700049140000000000,2,54910,13,normal,0,test
1324,1700142200000000000,2,51177,15,normal,0,test
1324,1700222720000000000,2,54348,13,normal,0,test
1324,1700310920000000000,6,53971,14,normal,0,test
1324,1700392520000000000,2,57127,13,normal,0,test
1324,1700484680000000000,6,54114,14,normal,0,test
1324,1700569940000000000,6,60578,14,normal,0,test
1324,1700660000000000000,6,55168,15,normal,0,test
1324,1700659400000000000,6,54138,15,normal,0,test
1324,1700738720000000000,2,53181,13,normal,0,test
1324,1700825900000000000,6,60934,13,normal,0,test
1324,1700917880000000000,2,54852,14,normal,0,test
1324,1700928080000000000,6,133186,17,legit: team order,0,test
1324,1700999000000000000,6,61901,13,normal,0,test
1324,1700999540000000000,6,56342,13,normal,0,test
1324,1701090320000000000,6,54658,14,normal,0,test
1324,1701175400000000000,2,58202,14,normal,0,test
1324,1701257900000000000,2,54709,13,normal,0,test
1324,1701347480000000000,2,57231,14,normal,0,test
1324,1701439640000000000,2,62342,15,normal,0,test
1324,1701516860000000000,2,54070,13,normal,0,test
1324,1701520280000000000,6,58555,14,legit: occasional merchant,0,test
1324,1701610340000000000,2,56997,15,normal,0,test
1324,1701641600000000000,59,113186,14,new merchant,1,test
1324,1701652400000000000,55,113186,14,new merchant,1,test
1324,1701663200000000000,46,113186,14,new merchant,1,test
1325,1700048360000000000,2,18494,13,normal,0,test
1325,1700138840000000000,2,12494,14,normal,0,test
1325,1700225300000000000,2,20855,14,normal,0,test
1325,1700309960000000000,2,14389,14,normal,0,test
1325,1700313020000000000,2,12519,14,normal,0,test
1325,1700399540000000000,2,14131,14,normal,0,test
1325,1700485460000000000,2,10194,14,normal,0,test
1325,1700566760000000000,2,20655,13,normal,0,test
1325,1700656100000000000,1,18812,14,legit: occasional merchant,0,test
1325,1700659280000000000,2,18223,15,normal,0,test
1325,1700745740000000000,1,9050,15,legit: occasional merchant,0,test
1325,1700834000000000000,2,14642,15,normal,0,test
1325,1700834540000000000,2,16311,15,normal,0,test
1325,1700917220000000000,2,15341,14,normal,0,test
1325,1700914820000000000,2,15048,14,normal,0,test
1325,1701007640000000000,2,50036,15,legit: team order,0,test
1325,1701083780000000000,2,12503,13,normal,0,test
1325,1701176300000000000,2,18852,14,normal,0,test
1325,1701264680000000000,2,10591,15,normal,0,test
1325,1701349820000000000,2,20738,14,normal,0,test
1325,1701436640000000000,2,18641,15,normal,0,test
1325,1701521300000000000,2,19957,14,normal,0,test
1325,1701609140000000000,2,18825,14,normal,0,test
1325,1701612620000000000,2,15924,15,normal,0,test
1325,1701689540000000000,2,14784,13,normal,0,test
1326,1700047340000000000,6,40443,13,normal,0,test
1326,1700041760000000000,3,50234,11,normal,0,test
1326,1700128700000000000,6,49551,11,normal,0,test
1326,1700222480000000000,6,47569,13,normal,0,test
1326,1700306360000000000,6,39217,13,normal,0,test
1326,1700390120000000000,3,40509,12,normal,0,test
1326,1700391980000000000,6,39688,12,normal,0,test
1326,1700476580000000000,6,108788,12,legit: team order,0,test
1326,1700478080000000000,6,47002,12,normal,0,test
1326,1700566280000000000,6,108788,13,legit: team order,0,test
1326,1700558660000000000,3,45191,11,normal,0,test
1326,1700654420000000000,3,39092,13,normal,0,test
1326,1700740400000000000,3,48503,13,normal,0,test
1326,1700731640000000000,6,49068,11,normal,0,test
1326,1700834060000000000,6,42306,15,legit: late lunch,0,test
1326,1700910080000000000,3,47135,12,normal,0,test
1326,1700991680000000000,3,49480,11,normal,0,test
1326,1701084980000000000,6,50268,13,normal,0,test
1326,1701168200000000000,6,41288,12,normal,0,test
1326,1701250220000000000,6,43059,11,normal,0,test
1326,1701343220000000000,3,49311,13,normal,0,test
1326,1701382400000000000,3,44394,12,burst,1,test
1326,1701382520000000000,3,44394,12,burst,1,test
1326,1701382640000000000,3,44394,12,burst,1,test
1326,1701382760000000000,3,44394,12,burst,1,test
1326,1701382880000000000,3,44394,12,burst,1,test
1326,1701383000000000000,3,44394,12,burst,1,test
1327,1700050760000000000,6,34247,14,normal,0,test
1327,1700142200000000000,4,34673,15,normal,0,test
1327,1700222540000000000,4,41012,13,normal,0,test
1327,1700307680000000000,6,39848,13,normal,0,test
1327,1700410340000000000,4,36405,17,legit: late lunch,0,test
1327,1700484680000000000,4,41212,14,normal,0,test
1327,1700485100000000000,4,40757,14,normal,0,test
1327,1700575400000000000,6,41549,15,normal,0,test
1327,1700657000000000000,6,32724,14,normal,0,test
1327,1700748500000000000,6,36662,15,normal,0,test
1327,1700831540000000000,6,33334,14,normal,0,test
1327,1700910920000000000,6,33298,13,normal,0,test
1327,1700998940000000000,6,37574,13,normal,0,test
1328,1700057120000000000,6,49779,15,legit: late lunch,0,test
1328,1700131640000000000,4,44141,12,normal,0,test
1328,1700222720000000000,6,48604,13,normal,0,test
1328,1700217200000000000,6,49444,12,normal,0,test
1328,1700306540000000000,6,43670,13,normal,0,test
1328,1700394560000000000,4,46070,13,normal,0,test
1328,1700482220000000000,4,45403,13,normal,0,test
1328,1700561540000000000,6,54222,11,normal,0,test
1328,1700651480000000000,4,46559,12,normal,0,test
1328,1700735480000000000,6,43535,12,normal,0,test
1328,1700734460000000000,6,45936,12,normal,0,test
1328,1700827700000000000,6,44166,13,normal,0,test
1328,1700906300000000000,4,45413,11,normal,0,test
1328,1700904920000000000,4,43619,11,normal,0,test
1328,1700992700000000000,4,53169,11,normal,0,test
1328,1701085820000000000,4,47814,13,normal,0,test
1328,1701084200000000000,6,52495,13,normal,0,test
1328,1701173540000000000,6,46310,13,normal,0,test
1328,1701173480000000000,4,49099,13,normal,0,test
1328,1701253280000000000,6,43588,12,normal,0,test
1328,1701259400000000000,4,46279,13,normal,0,test
1328,1701340940000000000,6,52334,12,normal,0,test
1328,1701343940000000000,6,44148,13,normal,0,test
1328,1701382400000000000,52,97520,12,new merchant,1,test
1328,1701393200000000000,45,97520,12,new merchant,1,test
1328,1701404000000000000,57,97520,12,new merchant,1,test
1329,1700050640000000000,2,21061,14,legit: occasional merchant,0,test
1329,1700132660000000000,6,23885,12,normal,0,test
1329,1700135900000000000,6,25340,13,normal,0,test
1329,1700216900000000000,6,21444,12,normal,0,test
1329,1700303480000000000,2,26368,12,normal,0,test
1329,1700397320000000000,2,19320,14,normal,0,test
1329,1700479640000000000,6,22910,13,normal,0,test
1329,1700482100000000000,2,19360,13,normal,0,test
1329,1700568020000000000,5,26627,13,legit: occasional merchant,0,test
1329,1700655500000000000,2,16526,14,normal,0,test
1329,1700652680000000000,2,63362,13,legit: team order,0,test
1329,1700748800000000000,6,18543,16,legit: late lunch,0,test
1329,1700743460000000000,2,26195,14,normal,0,test
1329,1700826500000000000,2,25258,13,normal,0,test
1329,1700917520000000000,2,18114,14,normal,0,test
1329,1701002120000000000,2,22639,14,normal,0,test
1329,1701008480000000000,2,20333,16,legit: late lunch,0,test
1329,1701082940000000000,2,24765,12,normal,0,test
1329,1701167060000000000,6,24680,12,legit: occasional merchant,0,test
1329,1701260060000000000,2,16178,14,normal,0,test
1329,1701346220000000000,2,20269,13,normal,0,test
1329,1701431300000000000,6,25520,13,normal,0,test
1329,1701520160000000000,6,26156,14,normal,0,test
1329,1701605180000000000,6,26618,13,normal,0,test
1329,1701603080000000000,1,18637,13,legit: occasional merchant,0,test
1329,1701641600000000000,2,21681,13,burst,1,test
1329,1701641720000000000,2,21681,13,burst,1,test
1329,1701641840000000000,2,21681,13,burst,1,test
1329,1701641960000000000,2,21681,13,burst,1,test
1329,1701642080000000000,2,21681,13,burst,1,test
1329,1701642200000000000,2,21681,13,burst,1,test
1330,1700054180000000000,5,43819,15,normal,0,test
1330,1700046860000000000,5,37877,13,normal,0,test
1330,1700136440000000000,6,44937,13,normal,0,test
1330,1700140460000000000,5,43897,15,normal,0,test
1330,1700220020000000000,5,44265,13,normal,0,test
1330,1700313440000000000,6,42217,15,normal,0,test
1330,1700403080000000000,5,41486,15,normal,0,test
1330,1700481680000000000,5,40618,13,normal,0,test
1330,1700484020000000000,6,40351,14,normal,0,test
1330,1700574380000000000,6,47973,15,normal,0,test
1330,1700660000000000000,5,40876,15,normal,0,test
1330,1700744960000000000,6,44814,14,normal,0,test
1330,1700833880000000000,6,48730,15,normal,0,test
1330,1700829860000000000,6,107142,14,legit: team order,0,test
1330,1700915120000000000,6,38130,14,normal,0,test
1330,1700998100000000000,5,41547,13,normal,0,test
1330,1701084560000000000,5,42712,13,normal,0,test
1330,1701177920000000000,6,39925,15,normal,0,test
1330,1701260720000000000,6,43963,14,normal,0,test
1330,1701265100000000000,6,45235,15,normal,0,test
1331,1700045720000000000,5,24984,12,normal,0,test
1331,1700130080000000000,5,17882,12,normal,0,test
1331,1700219600000000000,5,23728,13,normal,0,test
1331,1700220200000000000,5,17656,13,normal,0,test
1331,1700304020000000000,5,23463,12,normal,0,test
1331,1700404040000000000,1,20908,16,legit: occasional merchant,0,test
1331,1700395280000000000,4,21828,13,normal,0,test
1331,1700482400000000000,5,23018,14,normal,0,test
1331,1700571800000000000,4,18928,14,normal,0,test
1331,1700650820000000000,5,21180,12,normal,0,test
1331,1700649260000000000,4,19788,12,normal,0,test
1331,1700744300000000000,4,23053,14,normal,0,test
1331,1700742740000000000,3,26262,14,legit: occasional merchant,0,test
1331,1700823200000000000,5,18200,12,normal,0,test
1331,1700916680000000000,5,17951,14,normal,0,test
1331,1700999780000000000,4,24101,13,normal,0,test
1331,1701088280000000000,4,18187,14,normal,0,test
1331,1701167540000000000,4,18565,12,normal,0,test
1331,1701260060000000000,5,16703,14,normal,0,test
1331,1701262460000000000,4,16523,14,normal,0,test
1331,1701354560000000000,5,17976,16,legit: late lunch,0,test
1331,1701434840000000000,5,63178,14,legit: team order,0,test
1332,1700052920000000000,2,53633,14,normal,0,test
1332,1700052320000000000,2,55688,14,normal,0,test
1332,1700143820000000000,2,53926,15,normal,0,test
1332,1700220560000000000,2,48062,13,normal,0,test
1332,1700309960000000000,2,50709,14,normal,0,test
1332,1700312900000000000,2,52694,14,normal,0,test
1332,1700401400000000000,2,51767,15,normal,0,test
1332,1700396900000000000,2,45250,14,normal,0,test
1332,1700489300000000000,2,49622,15,normal,0,test
1332,1700565740000000000,2,45801,13,normal,0,test
1332,1700571680000000000,2,51842,14,normal,0,test
1332,1700667320000000000,2,56032,17,legit: late lunch,0,test
1332,1700739500000000000,2,48444,13,normal,0,test
1332,1700829320000000000,3,46028,14,legit: occasional merchant,0,test
1332,1700917460000000000,2,54392,14,normal,0,test
1332,1701000920000000000,2,52855,14,normal,0,test
1332,1701001520000000000,2,51933,14,normal,0,test
1332,1701087680000000000,2,45374,14,normal,0,test
1332,1701184880000000000,2,55445,17,legit: late lunch,0,test
1332,1701220400000000000,2,50191,3,odd hour,1,test
1332,1701306800000000000,2,50191,3,odd hour,1,test
1333,1700048660000000000,6,22172,13,normal,0,test
1333,1700135240000000000,6,20377,13,normal,0,test
1333,1700139560000000000,6,72094,14,legit: team order,0,test
1333,1700222840000000000,6,25613,13,normal,0,test
1333,1700308340000000000,6,21030,13,normal,0,test
1333,1700396240000000000,6,29257,14,normal,0,test
1333,1700488940000000000,6,22182,15,normal,0,test
1333,1700480420000000000,6,22457,13,normal,0,test
1333,1700567240000000000,6,27707,13,normal,0,test
1333,1700660420000000000,6,26362,15,normal,0,test
1333,1700742980000000000,6,29619,14,normal,0,test
1333,1700830700000000000,6,26298,14,normal,0,test
1333,1700833760000000000,6,22374,15,normal,0,test
1333,1700914100000000000,6,29381,13,normal,0,test
1333,1700914880000000000,6,25845,14,normal,0,test
1333,1701000740000000000,6,21927,13,normal,0,test
1333,1701007700000000000,6,23238,15,legit: occasional merchant,0,test
1333,1701087980000000000,6,29780,14,normal,0,test
1333,1701179540000000000,6,20605,15,normal,0,test
1333,1701259040000000000,6,30910,13,normal,0,test
1333,1701352100000000000,6,25241,15,normal,0,test
1333,1701430940000000000,6,31576,13,normal,0,test
1333,1701533240000000000,6,72094,17,legit: team order,0,test
1333,1701602660000000000,6,21211,13,normal,0,test
1333,1701617240000000000,6,31382,17,legit: late lunch,0,test
1333,1701688880000000000,6,25079,13,normal,0,test
1333,1701789620000000000,6,21726,17,legit: late lunch,0,test
1333,1701776660000000000,6,30283,13,normal,0,test
1333,1701825200000000000,6,26047,3,odd hour,1,test
1333,1701911600000000000,6,26047,3,odd hour,1,test
1334,1700047880000000000,1,22015,13,normal,0,test
1334,1700044400000000000,1,16377,12,normal,0,test
1334,1700133680000000000,4,14713,13,normal,0,test
1334,1700216600000000000,4,22513,12,normal,0,test
1334,1700303300000000000,4,53758,12,legit: team order,0,test
1334,1700399000000000000,4,12306,14,normal,0,test
1334,1700479340000000000,1,15260,13,normal,0,test
1334,1700484080000000000,1,13466,14,normal,0,test
1334,1700564000000000000,4,13440,12,normal,0,test
1334,1700565200000000000,1,21538,13,normal,0,test
1334,1700653700000000000,1,10898,13,normal,0,test
1334,1700649140000000000,4,16406,12,normal,0,test
1334,1700736320000000000,4,20847,12,normal,0,test
1334,1700821340000000000,4,11523,12,normal,0,test
1334,1700831300000000000,1,19848,14,normal,0,test
1334,1700908760000000000,1,12758,12,normal,0,test
1334,1700997080000000000,1,13163,12,normal,0,test
1334,1701002360000000000,1,20284,14,normal,0,test
1334,1701086420000000000,4,15631,13,normal,0,test
1334,1701175100000000000,4,16289,14,normal,0,test
1334,1701253760000000000,1,22835,12,normal,0,test
1334,1701340640000000000,1,22280,12,normal,0,test
1334,1701441500000000000,1,16688,16,legit: late lunch,0,test
1334,1701431300000000000,4,19956,13,normal,0,test
1334,1701516980000000000,1,53758,13,legit: team order,0,test
1334,1701515120000000000,4,19354,12,normal,0,test
1334,1701605720000000000,1,20527,14,normal,0,test
1335,1700048300000000000,1,19636,13,normal,0,test
1335,1700129060000000000,6,17349,11,normal,0,test
1335,1700219960000000000,1,16121,13,normal,0,test
1335,1700221820000000000,6,22675,13,normal,0,test
1335,1700300600000000000,6,16204,11,normal,0,test
1335,1700387660000000000,1,21840,11,normal,0,test
1335,1700472860000000000,1,23861,11,normal,0,test
1335,1700472080000000000,1,23514,11,normal,0,test
1335,1700565200000000000,6,21542,13,normal,0,test
1335,1700564060000000000,6,20265,12,normal,0,test
1335,1700652380000000000,6,16493,13,normal,0,test
1335,1700738060000000000,6,17643,13,normal,0,test
1335,1700826740000000000,2,14580,13,legit: occasional merchant,0,test
1335,1700910740000000000,6,19418,12,normal,0,test
1335,1700996720000000000,1,16903,12,normal,0,test
1335,1701081440000000000,1,17006,12,normal,0,test
1336,1700046380000000000,2,21316,12,normal,0,test
1336,1700143100000000000,2,23993,15,legit: late lunch,0,test
1336,1700216660000000000,4,23597,12,normal,0,test
1336,1700300840000000000,4,26124,11,legit: occasional merchant,0,test
1336,1700301140000000000,2,26950,11,normal,0,test
1336,1700395580000000000,4,21288,13,normal,0,test
1336,1700481560000000000,2,23181,13,normal,0,test
1336,1700567960000000000,4,25639,13,normal,0,test
1336,1700645360000000000,2,21157,11,normal,0,test
1336,1700732660000000000,4,71210,11,legit: team order,0,test
1336,1700825600000000000,2,19763,13,normal,0,test
1336,1700835020000000000,4,25385,15,legit: late lunch,0,test
1336,1700913980000000000,4,30797,13,normal,0,test
1336,1700991560000000000,4,25752,11,normal,0,test
1336,1701083780000000000,4,26238,13,normal,0,test
1336,1701172640000000000,4,19843,13,normal,0,test
1336,1701162800000000000,4,28927,11,normal,0,test
1336,1701259040000000000,2,71210,13,legit: team order,0,test
1336,1701339500000000000,2,23539,12,normal,0,test
1336,1701342920000000000,2,21254,13,normal,0,test
1336,1701427700000000000,4,71210,12,legit: team order,0,test
1336,1701468800000000000,43,51210,12,new merchant,1,test
1336,1701479600000000000,59,51210,12,new merchant,1,test
1336,1701490400000000000,48,51210,12,new merchant,1,test
1337,1700046980000000000,5,27359,13,normal,0,test
1337,1700148620000000000,2,28359,17,legit: late lunch,0,test
1337,1700134760000000000,2,31390,13,normal,0,test
1337,1700224160000000000,2,21364,14,normal,0,test
1337,1700221520000000000,2,27427,13,normal,0,test
1337,1700313020000000000,5,24587,14,normal,0,test
1337,1700399240000000000,2,21008,14,normal,0,test
1337,1700485700000000000,2,31452,14,normal,0,test
1337,1700486180000000000,5,23305,15,normal,0,test
1337,1700570180000000000,2,20776,14,normal,0,test
1337,1700566580000000000,2,26524,13,normal,0,test
1337,1700657600000000000,5,25429,14,normal,0,test
1337,1700660360000000000,5,29089,15,normal,0,test
1337,1700738360000000000,5,23839,13,normal,0,test
1337,1700741540000000000,6,27113,13,legit: occasional merchant,0,test
1337,1700824640000000000,5,19758,13,normal,0,test
1337,1700835080000000000,2,20408,15,normal,0,test
1337,1700919740000000000,5,28700,15,normal,0,test
1337,1701000740000000000,2,31424,13,normal,0,test
1337,1701085280000000000,5,21453,13,normal,0,test
1337,1701172160000000000,5,23057,13,normal,0,test
1337,1701265700000000000,2,26035,15,normal,0,test
1337,1701266300000000000,2,24434,15,normal,0,test
1337,1701345200000000000,5,22800,13,normal,0,test
1337,1701436160000000000,5,21370,14,normal,0,test
1337,1701516500000000000,5,22614,13,normal,0,test
1338,1700055440000000000,6,49316,15,normal,0,test
1338,1700137040000000000,3,46574,14,normal,0,test
1338,1700228420000000000,6,54995,15,normal,0,test
1338,1700311640000000000,6,124956,14,legit: team order,0,test
1338,1700313080000000000,3,55227,14,normal,0,test
1338,1700395940000000000,6,51425,13,normal,0,test
1338,1700396360000000000,6,49550,14,normal,0,test
1338,1700480300000000000,3,57530,13,normal,0,test
1338,1700567960000000000,3,57429,13,normal,0,test
1338,1700653040000000000,6,124956,13,legit: team order,0,test
1338,1700742920000000000,3,49354,14,normal,0,test
1338,1700833820000000000,3,56486,15,normal,0,test
1338,1700834840000000000,6,48312,15,normal,0,test
1338,1700919620000000000,3,58289,15,normal,0,test
1338,1700920760000000000,6,58211,15,normal,0,test
1338,1701000140000000000,3,55524,13,normal,0,test
1338,1701003140000000000,6,48111,14,normal,0,test
1338,1701094040000000000,6,49311,15,normal,0,test
1338,1701184640000000000,6,49016,17,legit: late lunch,0,test
1338,1701261920000000000,3,49337,14,normal,0,test
1338,1701348200000000000,3,58451,14,normal,0,test
1338,1701343280000000000,6,47057,13,normal,0,test
1338,1701430580000000000,6,47517,13,normal,0,test
1338,1701516260000000000,6,49470,13,normal,0,test
1338,1701603320000000000,6,47309,13,normal,0,test
1338,1701689660000000000,6,54351,13,normal,0,test
1338,1701694400000000000,6,46915,14,normal,0,test
1339,1700045840000000000,5,35451,12,normal,0,test
1339,1700053940000000000,5,36150,14,normal,0,test
1339,1700137520000000000,6,36570,14,normal,0,test
1339,1700133980000000000,6,32245,13,normal,0,test
1339,1700226320000000000,5,42072,14,normal,0,test
1339,1700216060000000000,6,39212,12,normal,0,test
1339,1700307620000000000,6,38617,13,normal,0,test
1339,1700396120000000000,5,34674,14,normal,0,test
1339,1700480900000000000,6,34330,13,normal,0,test
1339,1700570060000000000,5,32665,14,normal,0,test
1339,1700571440000000000,5,41781,14,normal,0,test
1339,1700656880000000000,6,37287,14,normal,0,test
1339,1700649860000000000,5,42886,12,normal,0,test
1339,1700735900000000000,5,42745,12,normal,0,test
1339,1700824160000000000,5,94070,12,legit: team order,0,test
1339,1700915720000000000,5,94070,14,legit: team order,0,test
1339,1701003740000000000,6,35321,14,normal,0,test
1339,1700998040000000000,6,36236,13,normal,0,test
1339,1701080180000000000,5,32448,12,normal,0,test
1339,1701173300000000000,6,39630,13,normal,0,test
1339,1701261680000000000,5,41158,14,normal,0,test
1339,1701356660000000000,6,33251,16,legit: late lunch,0,test
1339,1701431060000000000,5,35361,13,normal,0,test
1339,1701515180000000000,5,37324,12,normal,0,test
1339,1701607640000000000,6,40601,14,normal,0,test
1339,1701686480000000000,6,33783,12,normal,0,test
1339,1701685580000000000,6,32748,12,normal,0,test
1340,1700056760000000000,2,21048,15,legit: late lunch,0,test
1340,1700126000000000000,5,20749,11,normal,0,test
1340,1700220920000000000,2,26561,13,normal,0,test
1340,1700307260000000000,2,17157,13,normal,0,test
1340,1700300660000000000,2,18014,11,normal,0,test
1340,1700390480000000000,2,26448,12,normal,0,test
1340,1700474420000000000,2,22983,11,normal,0,test
1340,1700565500000000000,5,20566,13,normal,0,test
1340,1700568020000000000,5,24922,13,normal,0,test
1340,1700653340000000000,2,25591,13,normal,0,test
1340,1700736140000000000,2,28162,12,normal,0,test
1340,1700825180000000000,5,17501,13,normal,0,test
1340,1700822300000000000,5,17118,12,normal,0,test
1340,1700908580000000000,2,27911,12,normal,0,test
1340,1700908580000000000,5,65390,12,legit: team order,0,test
1340,1700998160000000000,2,18580,13,normal,0,test
1340,1701078620000000000,4,25260,11,legit: occasional merchant,0,test
1340,1701166220000000000,5,22951,11,normal,0,test
1340,1701250160000000000,2,22845,11,normal,0,test
1340,1701255440000000000,5,28020,12,normal,0,test
1340,1701336620000000000,2,28498,11,normal,0,test
1340,1701422600000000000,2,23977,11,normal,0,test
1340,1701423440000000000,5,23511,11,normal,0,test
1341,1700051060000000000,2,55319,14,normal,0,test
1341,1700143100000000000,1,55154,15,normal,0,test
1341,1700222480000000000,1,51495,13,normal,0,test
1341,1700306240000000000,2,54935,13,normal,0,test
1341,1700401940000000000,1,51630,15,normal,0,test
1341,1700402180000000000,1,52287,15,normal,0,test
1341,1700485940000000000,2,53908,14,normal,0,test
1341,1700568920000000000,2,57956,14,normal,0,test
1341,1700654720000000000,2,59298,13,normal,0,test
1341,1700746280000000000,2,52985,15,normal,0,test
1341,1700834300000000000,1,56362,15,legit: occasional merchant,0,test
1341,1700834120000000000,2,59515,15,normal,0,test
1341,1700915480000000000,1,50196,14,normal,0,test
1341,1700999000000000000,1,129466,13,legit: team order,0,test
1341,1701090980000000000,2,56905,15,normal,0,test
1341,1701178940000000000,4,58029,15,legit: occasional merchant,0,test
1341,1701171380000000000,2,56130,13,normal,0,test
1342,1700049800000000000,6,17270,13,normal,0,test
1342,1700136260000000000,6,23540,13,normal,0,test
1342,1700220980000000000,6,28446,13,normal,0,test
1342,1700223020000000000,6,24408,13,normal,0,test
1342,1700310020000000000,6,21602,14,normal,0,test
1342,1700396780000000000,6,20839,14,normal,0,test
1342,1700490080000000000,6,16792,16,legit: late lunch,0,test
1342,1700568920000000000,6,24898,14,normal,0,test
1342,1700567360000000000,6,23116,13,normal,0,test
1342,1700652380000000000,6,17272,13,normal,0,test
1342,1700745080000000000,1,18241,14,legit: occasional merchant,0,test
1342,1700825960000000000,6,20491,13,normal,0,test
1342,1700914460000000000,6,25965,14,normal,0,test
1342,1700999780000000000,6,20123,13,normal,0,test
1342,1701081920000000000,6,16783,12,normal,0,test
1342,1701088460000000000,6,20061,14,normal,0,test
1342,1701170780000000000,6,22638,13,normal,0,test
1342,1701261080000000000,6,18596,14,normal,0,test
1342,1701345620000000000,6,24217,13,normal,0,test
1342,1701347840000000000,6,20345,14,normal,0,test
1342,1701430460000000000,6,27615,13,normal,0,test
1342,1701428720000000000,6,17457,12,normal,0,test
1342,1701520820000000000,6,17598,14,normal,0,test
1342,1701514880000000000,6,23268,12,normal,0,test
1342,1701599180000000000,6,19392,12,normal,0,test
1342,1701692240000000000,5,27096,14,legit: occasional merchant,0,test
1342,1701781580000000000,6,27891,14,normal,0,test
1342,1701825200000000000,6,22462,3,odd hour,1,test
1342,1701911600000000000,6,22462,3,odd hour,1,test
1343,1700049260000000000,6,24124,13,normal,0,test
1343,1700051120000000000,1,19345,14,normal,0,test
1343,1700138120000000000,1,16525,14,normal,0,test
1343,1700228000000000000,6,23152,15,normal,0,test
1343,1700315540000000000,1,21751,15,normal,0,test
1343,1700399000000000000,6,19131,14,normal,0,test
1343,1700484920000000000,6,16881,14,normal,0,test
1343,1700574020000000000,1,26777,15,normal,0,test
1343,1700658920000000000,1,19150,15,normal,0,test
1343,1700739260000000000,6,26918,13,normal,0,test
1343,1700824880000000000,6,20505,13,normal,0,test
1343,1700926040000000000,1,26685,17,legit: late lunch,0,test
1343,1700998640000000000,4,28001,13,legit: occasional merchant,0,test
1343,1700999060000000000,1,23728,13,normal,0,test
1343,1701086360000000000,1,23749,13,normal,0,test
1343,1701170240000000000,6,23283,13,normal,0,test
1344,1700044700000000000,2,52632,12,normal,0,test
1344,1700133080000000000,5,52511,12,normal,0,test
1344,1700225480000000000,2,50750,14,normal,0,test
1344,1700305400000000000,5,50209,12,normal,0,test
1344,1700396420000000000,5,50386,14,normal,0,test
1344,1700475380000000000,5,56909,12,normal,0,test
1344,1700566280000000000,2,53585,13,normal,0,test
1344,1700658140000000000,5,52641,14,normal,0,test
1344,1700662520000000000,5,57598,16,legit: late lunch,0,test
1344,1700739380000000000,2,60980,13,normal,0,test
1344,1700831540000000000,5,53177,14,normal,0,test
1344,1700912720000000000,5,54778,13,normal,0,test
1344,1700997320000000000,2,55355,13,normal,0,test
1344,1701080960000000000,2,61306,12,normal,0,test
1344,1701083840000000000,2,50900,13,normal,0,test
1345,1700044460000000000,2,29007,12,normal,0,test
1345,1700057120000000000,4,24403,15,legit: late lunch,0,test
1345,1700132960000000000,4,30910,12,normal,0,test
1345,1700217380000000000,2,30888,12,normal,0,test
1345,1700213960000000000,2,30389,11,normal,0,test
1345,1700308100000000000,4,28099,13,normal,0,test
1345,1700387480000000000,4,23672,11,normal,0,test
1345,1700476640000000000,4,24659,12,normal,0,test
1345,1700475440000000000,4,78126,12,legit: team order,0,test
1345,1700573720000000000,2,29477,15,legit: late lunch,0,test
1345,1700646860000000000,2,27554,11,normal,0,test
1345,1700644880000000000,2,25120,11,normal,0,test
1345,1700738660000000000,2,23739,13,normal,0,test
1345,1700822600000000000,2,30400,12,normal,0,test
1345,1700906900000000000,4,25655,11,normal,0,test
1345,1700906480000000000,2,23680,11,normal,0,test
1345,1700993540000000000,4,34014,11,normal,0,test
1345,1701076760000000000,4,29232,11,normal,0,test
1345,1701085580000000000,4,24480,13,normal,0,test
1345,1701170900000000000,4,23894,13,normal,0,test
1345,1701255440000000000,2,23837,12,normal,0,test
1345,1701252440000000000,2,34841,11,normal,0,test
1345,1701337100000000000,2,32718,11,normal,0,test
1346,1700047460000000000,2,45029,13,normal,0,test
1346,1700052800000000000,2,41423,14,normal,0,test
1346,1700141540000000000,6,41529,15,normal,0,test
1346,1700226320000000000,2,43128,14,normal,0,test
1346,1700312600000000000,6,43397,14,normal,0,test
1346,1700396480000000000,2,49990,14,normal,0,test
1346,1700479640000000000,2,51123,13,normal,0,test
1346,1700569700000000000,2,113436,14,legit: team order,0,test
1346,1700661560000000000,6,46533,15,normal,0,test
1346,1700746820000000000,2,42441,15,normal,0,test
1346,1700829920000000000,6,51359,14,normal,0,test
1346,1700915720000000000,6,48080,14,normal,0,test
1346,1701005600000000000,2,113436,15,legit: team order,0,test
1346,1701086600000000000,6,42030,13,normal,0,test
1346,1701176360000000000,6,41123,14,normal,0,test
1346,1701173120000000000,6,47721,13,normal,0,test
1346,1701259400000000000,2,42409,13,normal,0,test
1346,1701358760000000000,6,46201,17,legit: late lunch,0,test
1347,1700045900000000000,4,19619,12,normal,0,test
1347,1700133860000000000,1,20557,13,legit: occasional merchant,0,test
1347,1700225180000000000,6,27189,14,normal,0,test
1347,1700310200000000000,6,27347,14,normal,0,test
1347,1700397320000000000,4,20851,14,legit: occasional merchant,0,test
1347,1700477900000000000,6,21845,12,normal,0,test
1347,1700564240000000000,6,17752,12,normal,0,test
1347,1700569160000000000,6,23357,14,normal,0,test
1347,1700649200000000000,4,23586,12,legit: occasional merchant,0,test
1347,1700734880000000000,6,20214,12,normal,0,test
1347,1700824220000000000,5,23818,12,legit: occasional merchant,0,test
1347,1700923580000000000,4,21052,16,legit: late lunch,0,test
1347,1700998760000000000,6,21153,13,normal,0,test
1347,1701090200000000000,4,18822,14,normal,0,test
1347,1701080720000000000,4,18365,12,normal,0,test
1347,1701168740000000000,4,18536,12,normal,0,test
1347,1701255440000000000,6,26815,12,normal,0,test
1347,1701340220000000000,6,16993,12,normal,0,test
1347,1701346580000000000,4,19752,14,normal,0,test
1347,1701425780000000000,6,22605,12,normal,0,test
1347,1701426380000000000,6,17979,12,normal,0,test
1347,1701513560000000000,6,26808,12,normal,0,test
1347,1701518240000000000,4,20270,13,normal,0,test
1347,1701606140000000000,4,17727,14,normal,0,test
1347,1701602600000000000,4,22105,13,normal,0,test
1347,1701642800000000000,6,65520,13,spend spike,1,test
1347,1701644000000000000,6,87360,13,spend spike,1,test
1347,1701645200000000000,6,109200,13,spend spike,1,test
1348,1700043860000000000,2,27680,12,normal,0,test
1348,1700129840000000000,2,25050,12,normal,0,test
1348,1700219420000000000,5,30172,12,normal,0,test
1348,1700221940000000000,5,27074,13,normal,0,test
1348,1700299700000000000,2,23569,11,normal,0,test
1348,1700299400000000000,2,24166,11,normal,0,test
1348,1700392820000000000,5,29601,13,normal,0,test
1348,1700479580000000000,5,32166,13,normal,0,test
1348,1700475680000000000,2,30387,12,normal,0,test
1348,1700565860000000000,5,34281,13,normal,0,test
1348,1700564900000000000,5,31751,12,normal,0,test
1348,1700644880000000000,2,29161,11,normal,0,test
1348,1700738240000000000,2,30018,13,normal,0,test
1348,1700822420000000000,2,27164,12,normal,0,test
1348,1700908640000000000,5,27664,12,normal,0,test
1348,1700991680000000000,5,28417,11,normal,0,test
1348,1701086300000000000,5,25448,13,normal,0,test
1348,1701171260000000000,5,30346,13,normal,0,test
1348,1701264440000000000,5,32422,15,legit: late lunch,0,test
1348,1701254960000000000,2,77988,12,legit: team order,0,test
1348,1701342920000000000,5,23155,13,normal,0,test
1348,1701428360000000000,5,23604,12,normal,0,test
1348,1701432140000000000,2,31312,13,normal,0,test
1348,1701513080000000000,2,24869,12,normal,0,test
1349,1700046140000000000,5,43291,12,normal,0,test
1349,1700133560000000000,5,42916,13,normal,0,test
1349,1700221580000000000,2,40251,13,normal,0,test
1349,1700305340000000000,2,39345,12,normal,0,test
1349,1700390720000000000,2,37987,12,normal,0,test
1349,1700485400000000000,5,46239,14,normal,0,test
1349,1700483960000000000,5,43645,14,normal,0,test
1349,1700570060000000000,5,38089,14,normal,0,test
1349,1700657780000000000,2,44763,14,normal,0,test
1349,1700654300000000000,2,46621,13,normal,0,test
1349,1700735240000000000,5,45685,12,normal,0,test
1349,1700835200000000000,5,46655,16,legit: late lunch,0,test
1349,1700828900000000000,5,42036,14,normal,0,test
1349,1700914520000000000,2,107368,14,legit: team order,0,test
1349,1700995820000000000,2,41225,12,normal,0,test
1349,1700993900000000000,2,40269,12,normal,0,test
1349,1701081320000000000,2,38361,12,normal,0,test
1349,1701177080000000000,5,49525,14,normal,0,test
1349,1701255080000000000,2,44967,12,normal,0,test
1349,1701343460000000000,5,49642,13,normal,0,test
1349,1701432740000000000,2,40705,13,normal,0,test
1349,1701517880000000000,2,45675,13,normal,0,test
1350,1700062820000000000,4,109128,17,legit: team order,0,test
1350,1700136380000000000,4,46059,13,normal,0,test
1350,1700220740000000000,4,109128,13,legit: team order,0,test
1350,1700313860000000000,4,40796,15,normal,0,test
1350,1700395460000000000,4,47297,13,normal,0,test
1350,1700408780000000000,4,50003,17,legit: late lunch,0,test
1350,1700489120000000000,4,42242,15,normal,0,test
1350,1700569340000000000,4,50511,14,normal,0,test
1350,1700574740000000000,4,49491,15,legit: occasional merchant,0,test
1350,1700655740000000000,4,41085,14,normal,0,test
1350,1700659880000000000,4,50053,15,normal,0,test
1350,1700746580000000000,4,47828,15,normal,0,test
1350,1700744540000000000,4,49455,14,normal,0,test
1350,1700828000000000000,4,43591,14,normal,0,test
1350,1700828120000000000,4,46176,14,normal,0,test
1350,1700917700000000000,4,44258,14,normal,0,test
1350,1700916860000000000,4,49343,14,normal,0,test
1350,1701000920000000000,4,45934,14,normal,0,test
1350,1700997740000000000,4,42326,13,normal,0,test
1350,1701101240000000000,4,42585,17,legit: late lunch,0,test
1350,1701175400000000000,4,40884,14,normal,0,test
1350,1701185780000000000,4,48363,17,legit: late lunch,0,test
1350,1701261560000000000,4,40791,14,normal,0,test
1350,1701264080000000000,4,43218,15,normal,0,test
1350,1701345140000000000,4,46316,13,normal,0,test
1351,1700056520000000000,3,34949,15,normal,0,test
1351,1700150240000000000,3,30614,17,legit: late lunch,0,test
1351,1700225420000000000,6,36105,14,normal,0,test
1351,1700306540000000000,6,35285,13,normal,0,test
1351,1700393900000000000,3,28128,13,normal,0,test
1351,1700489240000000000,3,33628,15,normal,0,test
1351,1700488820000000000,6,27708,15,normal,0,test
1351,1700566880000000000,6,28072,13,normal,0,test
1351,1700655020000000000,6,83148,13,legit: team order,0,test
1351,1700741060000000000,3,36442,13,normal,0,test
1351,1700833460000000000,6,33799,15,normal,0,test
1351,1700825660000000000,6,26820,13,normal,0,test
1351,1700921360000000000,3,30614,15,normal,0,test
1351,1701007340000000000,3,32731,15,normal,0,test
1351,1701091760000000000,3,27630,15,normal,0,test
1351,1701092180000000000,6,29034,15,normal,0,test
1351,1701174860000000000,6,33778,14,normal,0,test
1351,1701173960000000000,6,29720,14,normal,0,test
1351,1701263840000000000,3,31244,15,normal,0,test
1351,1701347720000000000,3,34774,14,normal,0,test
1351,1701433940000000000,3,29308,14,normal,0,test
1351,1701517040000000000,3,30912,13,normal,0,test
1351,1701517700000000000,3,35521,13,normal,0,test
1351,1701608600000000000,3,36932,14,normal,0,test
1351,1701641600000000000,3,31574,14,burst,1,test
1351,1701641720000000000,3,31574,14,burst,1,test
1351,1701641840000000000,3,31574,14,burst,1,test
1351,1701641960000000000,3,31574,14,burst,1,test
1351,1701642080000000000,3,31574,14,burst,1,test
1351,1701642200000000000,3,31574,14,burst,1,test
1352,1700048420000000000,5,20540,13,normal,0,test
1352,1700148860000000000,3,16929,17,legit: late lunch,0,test
1352,1700220140000000000,3,22562,13,normal,0,test
1352,1700309240000000000,3,18626,13,normal,0,test
1352,1700311280000000000,3,27245,14,normal,0,test
1352,1700407040000000000,3,20621,17,legit: late lunch,0,test
1352,1700489060000000000,3,27551,15,normal,0,test
1352,1700574020000000000,5,65362,15,legit: team order,0,test
1352,1700657600000000000,3,25293,14,normal,0,test
1352,1700743400000000000,5,27405,14,normal,0,test
1352,1700834180000000000,5,24536,15,normal,0,test
1352,1700915480000000000,5,65362,14,legit: team order,0,test
1352,1701005360000000000,5,19440,15,normal,0,test
1352,1700997980000000000,3,24928,13,normal,0,test
1353,1700050220000000000,6,51986,13,normal,0,test
1353,1700049620000000000,6,55957,13,normal,0,test
1353,1700130920000000000,6,53391,12,normal,0,test
1353,1700130320000000000,1,56616,12,normal,0,test
1353,1700221580000000000,6,52241,13,normal,0,test
1353,1700307500000000000,6,50571,13,normal,0,test
1353,1700394860000000000,6,55461,13,normal,0,test
1353,1700483900000000000,6,58519,14,normal,0,test
1353,1700565200000000000,6,56846,13,normal,0,test
1353,1700655440000000000,1,50150,14,normal,0,test
1353,1700738480000000000,1,56693,13,normal,0,test
1353,1700827100000000000,5,125222,13,legit: occasional merchant,0,test
1353,1700910320000000000,1,49891,12,normal,0,test
1353,1701004040000000000,1,52730,14,normal,0,test
1353,1701085160000000000,1,58538,13,normal,0,test
1353,1701171140000000000,6,48026,13,normal,0,test
1353,1701270560000000000,1,49419,16,legit: late lunch,0,test
1353,1701347060000000000,6,53845,14,normal,0,test
1353,1701426620000000000,6,49675,12,normal,0,test
1353,1701470000000000000,6,157833,13,spend spike,1,test
1353,1701471200000000000,6,210444,13,spend spike,1,test
1353,1701472400000000000,6,263055,13,spend spike,1,test
1354,1700048000000000000,6,25617,13,legit: occasional merchant,0,test
1354,1700039780000000000,3,22283,11,normal,0,test
1354,1700133560000000000,5,32511,13,normal,0,test
1354,1700228060000000000,5,74722,15,legit: team order,0,test
1354,1700299580000000000,3,31404,11,normal,0,test
1354,1700387960000000000,5,30698,11,normal,0,test
1354,1700399780000000000,5,29671,15,legit: late lunch,0,test
1354,1700472860000000000,3,23057,11,normal,0,test
1354,1700565500000000000,5,30822,13,normal,0,test
1354,1700565800000000000,5,25033,13,normal,0,test
1354,1700651960000000000,3,29046,13,normal,0,test
1354,1700652860000000000,3,74722,13,legit: team order,0,test
1354,1700732480000000000,5,25815,11,normal,0,test
1354,1700732660000000000,3,24303,11,normal,0,test
1354,1700826500000000000,5,26718,13,normal,0,test
1354,1700913140000000000,3,28394,13,normal,0,test
1354,1700992340000000000,3,21929,11,normal,0,test
1354,1701086420000000000,3,74722,13,legit: team order,0,test
1354,1701171860000000000,5,31054,13,normal,0,test
1354,1701255140000000000,3,22901,12,normal,0,test
1354,1701344720000000000,5,22910,13,normal,0,test
1354,1701431660000000000,3,23255,13,normal,0,test
1354,1701425600000000000,3,22192,12,normal,0,test
1354,1701508400000000000,5,31726,11,normal,0,test
1354,1701603020000000000,3,31409,13,normal,0,test
1354,1701597080000000000,4,31920,11,legit: occasional merchant,0,test
1354,1701685940000000000,3,24069,12,normal,0,test
1354,1701681620000000000,5,26833,11,normal,0,test
1354,1701738800000000000,3,27361,3,odd hour,1,test
1354,1701825200000000000,3,27361,3,odd hour,1,test
1355,1700047520000000000,4,33837,13,normal,0,test
1355,1700135420000000000,4,38114,13,normal,0,test
1355,1700218760000000000,3,91478,12,legit: team order,0,test
1355,1700306900000000000,4,35837,13,normal,0,test
1355,1700395640000000000,4,35834,13,normal,0,test
1355,1700479760000000000,3,39408,13,normal,0,test
1355,1700562920000000000,3,36047,12,normal,0,test
1355,1700659160000000000,3,33138,15,legit: late lunch,0,test
1355,1700732480000000000,3,30246,11,normal,0,test
1355,1700818820000000000,3,34254,11,normal,0,test
1355,1700825360000000000,4,30509,13,normal,0,test
1355,1700912240000000000,3,34476,13,normal,0,test
1355,1700994080000000000,3,36308,12,normal,0,test
1355,1701087080000000000,3,32631,13,normal,0,test
1355,1701169880000000000,4,30128,12,normal,0,test
1355,1701259700000000000,4,31562,13,normal,0,test
1355,1701341600000000000,4,91478,12,legit: occasional merchant,0,test
1356,1700052140000000000,1,29686,14,legit: occasional merchant,0,test
1356,1700141420000000000,3,28377,15,normal,0,test
1356,1700225480000000000,3,20613,14,normal,0,test
1356,1700306840000000000,3,28109,13,normal,0,test
1356,1700396120000000000,4,22304,14,normal,0,test
1356,1700483300000000000,3,31239,14,normal,0,test
1356,1700566640000000000,4,27443,13,normal,0,test
1356,1700651900000000000,4,23841,13,normal,0,test
1356,1700741600000000000,4,30559,14,normal,0,test
1356,1700825540000000000,3,71888,13,legit: team order,0,test
1356,1700912540000000000,4,23953,13,normal,0,test
1356,1700911640000000000,3,29601,13,normal,0,test
1356,1701000080000000000,4,27969,13,normal,0,test
1356,1701090500000000000,3,20923,14,normal,0,test
1356,1701176600000000000,3,21307,14,normal,0,test
1356,1701260300000000000,3,21510,14,normal,0,test
1356,1701264920000000000,4,21347,15,normal,0,test
1356,1701353480000000000,3,21399,15,normal,0,test
1356,1701432560000000000,3,22147,13,normal,0,test
1356,1701518660000000000,4,23977,13,normal,0,test
1356,1701566000000000000,3,25944,3,odd hour,1,test
1356,1701652400000000000,3,25944,3,odd hour,1,test
1357,1700046620000000000,5,56023,12,normal,0,test
1357,1700130500000000000,5,51647,12,normal,0,test
1357,1700132960000000000,1,50126,12,normal,0,test
1357,1700216660000000000,5,49223,12,normal,0,test
1357,1700306120000000000,1,47215,13,normal,0,test
1357,1700391800000000000,5,57958,12,normal,0,test
1357,1700473700000000000,1,51977,11,normal,0,test
1357,1700568740000000000,1,48128,13,normal,0,test
1357,1700652680000000000,5,51561,13,normal,0,test
1357,1700734940000000000,5,53901,12,normal,0,test
1357,1700819840000000000,5,54053,11,normal,0,test
1357,1700911340000000000,5,46217,13,normal,0,test
1357,1700998160000000000,5,56532,13,normal,0,test
1357,1701083840000000000,5,48821,13,normal,0,test
1357,1701166940000000000,1,51090,12,normal,0,test
1357,1701171620000000000,5,49251,13,normal,0,test
1357,1701259220000000000,5,52670,13,normal,0,test
1357,1701336800000000000,1,46721,11,normal,0,test
1357,1701425480000000000,5,51653,11,normal,0,test
1357,1701510800000000000,1,55395,11,normal,0,test
1357,1701598340000000000,5,57729,11,normal,0,test
1358,1700055680000000000,2,26355,15,normal,0,test
1358,1700136740000000000,2,27569,13,normal,0,test
1358,1700226980000000000,1,30653,15,normal,0,test
1358,1700316740000000000,1,22989,15,normal,0,test
1358,1700396300000000000,1,30822,14,normal,0,test
1358,1700489180000000000,2,27791,15,normal,0,test
1358,1700482520000000000,1,30195,14,normal,0,test
1358,1700565980000000000,2,24035,13,normal,0,test
1358,1700661980000000000,1,25205,15,normal,0,test
1358,1700746460000000000,1,31947,15,normal,0,test
1358,1700838980000000000,1,31825,17,legit: late lunch,0,test
1358,1700915840000000000,2,26586,14,normal,0,test
1358,1701001640000000000,2,21250,14,normal,0,test
1358,1701091520000000000,2,23240,15,normal,0,test
1358,1701173720000000000,2,31982,14,normal,0,test
1358,1701262580000000000,1,22126,14,normal,0,test
1358,1701351260000000000,2,24407,15,normal,0,test
1359,1700047460000000000,6,14612,13,normal,0,test
1359,1700054180000000000,6,19856,15,normal,0,test
1359,1700134280000000000,6,15875,13,normal,0,test
1359,1700141960000000000,6,16377,15,normal,0,test
1359,1700219900000000000,6,14349,13,normal,0,test
1359,1700315300000000000,6,22397,15,normal,0,test
1359,1700396540000000000,6,24571,14,normal,0,test
1359,1700484260000000000,6,16111,14,normal,0,test
1359,1700574380000000000,6,15955,15,normal,0,test
1359,1700566160000000000,6,19464,13,normal,0,test
1359,1700662220000000000,6,23049,15,normal,0,test
1359,1700746280000000000,6,60452,15,legit: team order,0,test
1359,1700746160000000000,6,24946,15,normal,0,test
1359,1700842160000000000,6,26067,17,legit: late lunch,0,test
1359,1700826320000000000,6,20740,13,normal,0,test
1359,1700917220000000000,6,19368,14,normal,0,test
1359,1700911580000000000,6,21589,13,normal,0,test
1359,1701000260000000000,6,15584,13,normal,0,test
1359,1701083960000000000,6,25236,13,normal,0,test
1360,1700047400000000000,3,45456,13,normal,0,train
1360,1700140700000000000,3,49211,15,normal,0,train
1360,1700136080000000000,3,49529,13,normal,0,train
1360,1700226140000000000,3,47080,14,normal,0,train
1360,1700315360000000000,2,45012,15,normal,0,train
1360,1700315480000000000,2,44583,15,normal,0,train
1360,1700393540000000000,3,42628,13,normal,0,train
1360,1700486120000000000,3,47231,15,normal,0,train
1360,1700575520000000000,3,41465,15,normal,0,train
1360,1700652500000000000,2,42949,13,normal,0,train
1360,1700754380000000000,2,40303,17,legit: late lunch,0,train
1360,1700834720000000000,3,41728,15,normal,0,train
1360,1700827880000000000,2,44404,13,normal,0,train
1360,1700920460000000000,3,49223,15,normal,0,train
1360,1701002540000000000,3,48457,14,normal,0,train
1360,1701004160000000000,2,42848,14,normal,0,train
1360,1701091100000000000,2,46293,15,normal,0,train
1360,1701170180000000000,3,47841,13,normal,0,train
1360,1701260120000000000,2,45651,14,normal,0,train
1360,1701351440000000000,2,46942,15,normal,0,train
1360,1701348380000000000,4,41689,14,legit: occasional merchant,0,train
1360,1701432140000000000,3,48369,13,normal,0,train
1360,1701525980000000000,3,38751,15,normal,0,train
1360,1701519140000000000,2,48235,13,normal,0,train
1361,1700044220000000000,2,121772,12,legit: team order,0,train
1361,1700145560000000000,2,52154,16,legit: late lunch,0,train
1361,1700224760000000000,3,54058,14,normal,0,train
1361,1700311040000000000,2,51009,14,normal,0,train
1361,1700398460000000000,2,53260,14,normal,0,train
1361,1700483660000000000,2,56628,14,normal,0,train
1361,1700477840000000000,3,55867,12,normal,0,train
1361,1700569760000000000,2,46709,14,normal,0,train
1361,1700562200000000000,2,121772,12,legit: team order,0,train
1361,1700650820000000000,2,54013,12,normal,0,train
1361,1700737340000000000,2,53753,12,normal,0,train
1361,1700835560000000000,2,56601,16,legit: late lunch,0,train
1361,1700908400000000000,2,53285,12,normal,0,train
1361,1700999480000000000,2,53183,13,normal,0,train
1361,1701085280000000000,2,56475,13,normal,0,train
1361,1701095000000000000,1,54284,16,legit: occasional merchant,0,train
1361,1701168440000000000,2,121772,12,legit: team order,0,train
1361,1701255500000000000,2,121772,12,legit: team order,0,train
1361,1701340700000000000,3,52142,12,normal,0,train
1361,1701429680000000000,2,121772,13,legit: team order,0,train
1361,1701513560000000000,2,53299,12,normal,0,train
1361,1701515900000000000,3,49747,13,normal,0,train
1361,1701602240000000000,3,44908,13,normal,0,train
1361,1701687560000000000,2,121772,12,legit: team order,0,train
1361,1701779900000000000,3,50293,14,normal,0,train
1362,1700047580000000000,5,44721,13,normal,0,train
1362,1700050580000000000,6,120976,14,legit: team order,0,train
1362,1700133500000000000,5,48959,13,normal,0,train
1362,1700218820000000000,6,45538,12,normal,0,train
1362,1700306420000000000,6,45463,13,normal,0,train
1362,1700397560000000000,6,47080,14,normal,0,train
1362,1700477180000000000,5,50701,12,normal,0,train
1362,1700568860000000000,6,53741,14,normal,0,train
1362,1700655140000000000,5,54187,13,normal,0,train
1362,1700736260000000000,6,46608,12,normal,0,train
1362,1700822780000000000,5,50305,12,normal,0,train
1362,1700830760000000000,5,50907,14,normal,0,train
1362,1700917580000000000,5,54815,14,normal,0,train
1362,1700999960000000000,6,47261,13,normal,0,train
1362,1701081740000000000,6,48315,12,normal,0,train
1362,1701088580000000000,6,51802,14,normal,0,train
1362,1701169520000000000,5,56093,12,normal,0,train
1362,1701253100000000000,6,50567,12,normal,0,train
1362,1701347720000000000,5,48701,14,normal,0,train
1362,1701426380000000000,5,48272,12,normal,0,train
1362,1701516980000000000,5,49767,13,normal,0,train
1362,1701514400000000000,6,53483,12,normal,0,train
1363,1700054840000000000,3,59072,15,normal,0,train
1363,1700047460000000000,2,54095,13,legit: occasional merchant,0,train
1363,1700150900000000000,3,59509,17,legit: late lunch,0,train
1363,1700229080000000000,3,64675,15,normal,0,train
1363,1700309420000000000,3,64098,13,normal,0,train
1363,1700395220000000000,3,60490,13,normal,0,train
1363,1700396540000000000,3,55029,14,normal,0,train
1363,1700487440000000000,3,58035,15,normal,0,train
1363,1700571740000000000,1,54653,14,normal,0,train
1363,1700667200000000000,3,64406,17,legit: late lunch,0,train
1363,1700657180000000000,3,57577,14,normal,0,train
1363,1700741540000000000,1,63268,13,normal,0,train
1363,1700745740000000000,3,61379,15,normal,0,train
1363,1700834060000000000,1,60893,15,normal,0,train
1363,1700826800000000000,3,65684,13,normal,0,train
1363,1700912240000000000,3,57708,13,normal,0,train
1363,1700998700000000000,1,58317,13,normal,0,train
1363,1701090380000000000,1,56034,14,normal,0,train
1363,1701084020000000000,3,61328,13,normal,0,train
1363,1701172280000000000,3,56292,13,normal,0,train
1363,1701259700000000000,3,62611,13,normal,0,train
1364,1700043260000000000,1,33534,12,normal,0,train
1364,1700132540000000000,1,41833,12,normal,0,train
1364,1700130860000000000,1,43475,12,normal,0,train
1364,1700226440000000000,1,41117,14,normal,0,train
1364,1700310980000000000,1,98086,14,legit: team order,0,train
1364,1700393780000000000,1,35595,13,normal,0,train
1364,1700478320000000000,1,41035,12,normal,0,train
1364,1700562140000000000,1,38505,12,normal,0,train
1364,1700561600000000000,1,36475,12,normal,0,train
1364,1700658620000000000,1,36451,14,normal,0,train
1364,1700745140000000000,1,33803,14,normal,0,train
1364,1700838440000000000,1,43111,16,legit: late lunch,0,train
1364,1700911280000000000,1,38028,13,normal,0,train
1364,1701001280000000000,1,40214,14,normal,0,train
1364,1701000800000000000,1,37734,14,normal,0,train
1365,1700050700000000000,4,53682,14,normal,0,train
1365,1700142800000000000,4,63063,15,normal,0,train
1365,1700234840000000000,4,56702,17,legit: late lunch,0,train
1365,1700313860000000000,5,63067,15,normal,0,train
1365,1700307920000000000,5,59478,13,normal,0,train
1365,1700402240000000000,5,60982,15,normal,0,train
1365,1700493740000000000,4,59208,17,legit: late lunch,0,train
1365,1700488280000000000,5,134690,15,legit: team order,0,train
1365,1700573960000000000,4,52470,15,normal,0,train
1365,1700653880000000000,5,57684,13,normal,0,train
1365,1700741420000000000,4,53361,13,normal,0,train
1365,1700829320000000000,5,62182,14,normal,0,train
1365,1700917580000000000,4,59205,14,normal,0,train
1365,1700917760000000000,5,61417,14,normal,0,train
1365,1701006860000000000,5,60396,15,normal,0,train
1365,1701101120000000000,4,60987,17,legit: late lunch,0,train
1365,1701174920000000000,4,57651,14,normal,0,train
1366,1700043800000000000,1,23731,12,normal,0,train
1366,1700042360000000000,4,24486,11,normal,0,train
1366,1700127440000000000,1,72716,11,legit: team order,0,train
1366,1700220560000000000,1,20447,13,normal,0,train
1366,1700308640000000000,4,28768,13,normal,0,train
1366,1700304140000000000,1,31319,12,normal,0,train
1366,1700386820000000000,4,25031,11,normal,0,train
1366,1700388740000000000,4,30085,11,normal,0,train
1366,1700472440000000000,1,30231,11,normal,0,train
1366,1700565440000000000,4,30096,13,normal,0,train
1366,1700565980000000000,4,21301,13,normal,0,train
1366,1700653100000000000,4,27235,13,normal,0,train
1366,1700645360000000000,4,29025,11,normal,0,train
1366,1700741000000000000,1,30510,13,normal,0,train
1366,1700822060000000000,4,24670,12,normal,0,train
1366,1700912240000000000,4,26814,13,normal,0,train
1366,1700908160000000000,1,27479,12,normal,0,train
1366,1700996780000000000,1,20499,12,normal,0,train
1367,1700045000000000000,4,17486,12,normal,0,train
1367,1700132600000000000,4,13044,12,normal,0,train
1367,1700213660000000000,1,21911,11,normal,0,train
1367,1700305640000000000,1,12519,12,normal,0,train
1367,1700394500000000000,4,20296,13,normal,0,train
1367,1700481260000000000,4,19028,13,normal,0,train
1367,1700562500000000000,1,11836,12,normal,0,train
1367,1700560580000000000,4,11805,11,normal,0,train
1367,1700646620000000000,4,11529,11,normal,0,train
1367,1700649680000000000,4,12447,12,normal,0,train
1367,1700739500000000000,1,11878,13,normal,0,train
1367,1700821340000000000,1,19122,12,normal,0,train
1367,1700904200000000000,1,19377,11,normal,0,train
1367,1700992280000000000,1,18676,11,normal,0,train
1367,1701077780000000000,4,53158,11,legit: team order,0,train
1367,1701169940000000000,1,11364,12,normal,0,train
1367,1701169400000000000,1,21416,12,normal,0,train
1367,1701254060000000000,1,20764,12,normal,0,train
1367,1701343400000000000,1,11658,13,normal,0,train
1367,1701427700000000000,1,15422,12,normal,0,train
1367,1701518420000000000,1,15711,13,normal,0,train
1367,1701509540000000000,4,21893,11,normal,0,train
1367,1701605180000000000,1,17367,13,normal,0,train
1367,1701689600000000000,4,53158,13,legit: team order,0,train
1368,1700058260000000000,6,23250,16,legit: late lunch,0,train
1368,1700139260000000000,6,17512,14,normal,0,train
1368,1700220380000000000,6,17412,13,normal,0,train
1368,1700306780000000000,6,21554,13,normal,0,train
1368,1700398520000000000,6,16679,14,normal,0,train
1368,1700479880000000000,6,15988,13,normal,0,train
1368,1700564060000000000,6,24090,12,normal,0,train
1368,1700652800000000000,6,14953,13,normal,0,train
1368,1700735540000000000,6,25455,12,normal,0,train
1368,1700830460000000000,6,22864,14,normal,0,train
1368,1700907800000000000,6,18300,12,normal,0,train
1368,1701002960000000000,6,23818,14,normal,0,train
1368,1701083600000000000,6,25262,13,normal,0,train
1369,1700053340000000000,3,25896,14,normal,0,train
1369,1700135900000000000,3,33333,13,normal,0,train
1369,1700226260000000000,3,23205,14,normal,0,train
1369,1700317880000000000,3,32717,16,legit: late lunch,0,train
1369,1700395640000000000,1,25307,13,normal,0,train
1369,1700398220000000000,1,32946,14,normal,0,train
1369,1700484320000000000,3,26072,14,normal,0,train
1369,1700483540000000000,1,29145,14,normal,0,train
1369,1700576480000000000,3,24472,16,legit: late lunch,0,train
1369,1700656580000000000,4,22534,14,legit: occasional merchant,0,train
1369,1700738420000000000,3,31848,13,normal,0,train
1369,1700831300000000000,3,24106,14,normal,0,train
1369,1700913080000000000,1,75786,13,legit: team order,0,train
1369,1700913800000000000,1,27883,13,normal,0,train
1369,1701003440000000000,3,23066,14,normal,0,train
1369,1701089780000000000,3,27244,14,normal,0,train
1369,1701174860000000000,3,28743,14,normal,0,train
1370,1700046140000000000,4,46826,12,normal,0,train
1370,1700127740000000000,6,50294,11,normal,0,train
1370,1700218100000000000,4,53974,12,normal,0,train
1370,1700306480000000000,6,48403,13,normal,0,train
1370,1700385920000000000,4,125328,11,legit: team order,0,train
1370,1700480360000000000,6,54702,13,normal,0,train
1370,1700567960000000000,6,57758,13,normal,0,train
1370,1700560460000000000,4,51474,11,normal,0,train
1370,1700654960000000000,6,53812,13,normal,0,train
1370,1700651900000000000,4,48833,13,normal,0,train
1370,1700733440000000000,6,54135,11,normal,0,train
1370,1700831720000000000,4,47452,15,legit: late lunch,0,train
1370,1700910380000000000,4,47728,12,normal,0,train
1370,1701000140000000000,4,53543,13,normal,0,train
1370,1701078560000000000,4,56266,11,normal,0,train
1370,1701086960000000000,4,48046,13,normal,0,train
1370,1701172760000000000,6,47647,13,normal,0,train
1370,1701256400000000000,4,55692,13,normal,0,train
1370,1701338960000000000,4,52470,11,normal,0,train
1370,1701338420000000000,6,49680,11,normal,0,train
1370,1701426740000000000,4,55114,12,normal,0,train
1370,1701439580000000000,6,50829,15,legit: late lunch,0,train
1370,1701512900000000000,4,57271,12,normal,0,train
1370,1701511160000000000,6,58278,11,normal,0,train
1370,1701603560000000000,4,58472,13,normal,0,train
1370,1701599660000000000,6,47356,12,normal,0,train
1370,1701686180000000000,4,55431,12,normal,0,train
1370,1701690560000000000,4,52309,13,normal,0,train
1370,1701768500000000000,4,47268,11,normal,0,train
1370,1701777680000000000,6,48163,13,normal,0,train
1370,1701814400000000000,54,105328,12,new merchant,1,train
1370,1701825200000000000,55,105328,12,new merchant,1,train
1370,1701836000000000000,42,105328,12,new merchant,1,train
1371,1700046920000000000,3,28548,13,normal,0,train
1371,1700135240000000000,1,28616,13,legit: occasional merchant,0,train
1371,1700226620000000000,4,33645,14,normal,0,train
1371,1700313260000000000,4,27917,15,normal,0,train
1371,1700316560000000000,4,25843,15,normal,0,train
1371,1700402300000000000,3,28654,15,normal,0,train
1371,1700484980000000000,3,30380,14,normal,0,train
1371,1700565200000000000,4,31950,13,normal,0,train
1371,1700651900000000000,4,35659,13,normal,0,train
1371,1700662100000000000,4,28272,15,normal,0,train
1371,1700742020000000000,4,29934,14,normal,0,train
1371,1700841500000000000,4,26868,17,legit: late lunch,0,train
1371,1700914460000000000,3,30511,14,normal,0,train
1371,1701006440000000000,3,33766,15,normal,0,train
1371,1701092600000000000,4,26816,15,normal,0,train
1371,1701176120000000000,4,25367,14,normal,0,train
1371,1701260060000000000,4,31885,14,normal,0,train
1371,1701343700000000000,4,25539,13,normal,0,train
1371,1701439940000000000,4,32383,15,normal,0,train
1371,1701520640000000000,4,25714,14,normal,0,train
1371,1701524120000000000,4,29497,15,normal,0,train
1371,1701607340000000000,3,27100,14,normal,0,train
1372,1700046440000000000,4,38439,12,normal,0,train
1372,1700132000000000000,4,35055,12,normal,0,train
1372,1700134400000000000,4,43902,13,normal,0,train
1372,1700220980000000000,4,45991,13,normal,0,train
1372,1700220560000000000,4,39081,13,normal,0,train
1372,1700306000000000000,4,42853,13,normal,0,train
1372,1700392580000000000,4,37176,13,normal,0,train
1372,1700476340000000000,4,35180,12,normal,0,train
1372,1700565200000000000,4,43578,13,normal,0,train
1372,1700652080000000000,4,34912,13,normal,0,train
1372,1700744240000000000,4,46510,14,normal,0,train
1372,1700821640000000000,4,41977,12,normal,0,train
1372,1700923760000000000,4,41173,16,legit: late lunch,0,train
1372,1700907560000000000,4,44822,12,normal,0,train
1372,1701001340000000000,4,40527,14,normal,0,train
1372,1701086180000000000,4,42580,13,normal,0,train
1372,1701176180000000000,4,46156,14,normal,0,train
1372,1701257120000000000,4,35093,13,normal,0,train
1372,1701346760000000000,4,35068,14,normal,0,train
1372,1701432800000000000,4,45196,14,normal,0,train
1372,1701432320000000000,4,37846,13,normal,0,train
1372,1701521240000000000,4,37307,14,normal,0,train
1372,1701521960000000000,4,101662,14,legit: team order,0,train
1372,1701598880000000000,4,36083,12,normal,0,train
1372,1701686660000000000,4,37296,12,normal,0,train
1372,1701729200000000000,4,122493,13,spend spike,1,train
1372,1701730400000000000,4,163324,13,spend spike,1,train
1372,1701731600000000000,4,204155,13,spend spike,1,train
1373,1700053580000000000,2,50716,14,normal,0,train
1373,1700053280000000000,6,42607,14,normal,0,train
1373,1700134220000000000,2,49406,13,normal,0,train
1373,1700224160000000000,6,112132,14,legit: team order,0,train
1373,1700309960000000000,5,43648,14,legit: occasional merchant,0,train
1373,1700312360000000000,6,42625,14,normal,0,train
1373,1700394260000000000,2,43685,13,normal,0,train
1373,1700478500000000000,6,41913,12,normal,0,train
1373,1700571920000000000,6,51136,14,normal,0,train
1373,1700562680000000000,2,46883,12,normal,0,train
1373,1700651540000000000,2,51691,12,normal,0,train
1373,1700652560000000000,6,49512,13,normal,0,train
1373,1700734940000000000,6,49060,12,normal,0,train
1373,1700734700000000000,6,43458,12,normal,0,train
1373,1700826080000000000,6,46256,13,normal,0,train
1373,1700827580000000000,6,44699,13,normal,0,train
1373,1700910800000000000,6,49473,13,normal,0,train
1373,1701003440000000000,6,44538,14,normal,0,train
1374,1700044640000000000,1,10871,12,normal,0,train
1374,1700134820000000000,6,20476,13,normal,0,train
1374,1700221700000000000,6,21532,13,normal,0,train
1374,1700308940000000000,1,52648,13,legit: team order,0,train
1374,1700395640000000000,6,52648,13,legit: team order,0,train
1374,1700476640000000000,6,13149,12,normal,0,train
1374,1700567780000000000,6,11217,13,normal,0,train
1374,1700647220000000000,1,10719,11,normal,0,train
1374,1700651540000000000,6,18759,12,normal,0,train
1374,1700738000000000000,6,13244,13,normal,0,train
1374,1700739620000000000,6,20894,13,normal,0,train
1374,1700820500000000000,6,14144,11,normal,0,train
1374,1700905880000000000,6,13699,11,normal,0,train
1374,1700909600000000000,1,21780,12,normal,0,train
1374,1700996120000000000,1,20377,12,normal,0,train
1374,1701086960000000000,6,22179,13,normal,0,train
1374,1701086480000000000,6,12036,13,normal,0,train
1374,1701165800000000000,1,19690,11,normal,0,train
1374,1701254780000000000,1,11071,12,normal,0,train
1374,1701250400000000000,1,21047,11,normal,0,train
1374,1701352100000000000,5,15106,15,legit: occasional merchant,0,train
1374,1701431360000000000,6,12849,13,normal,0,train
1374,1701511460000000000,1,20036,11,normal,0,train
1374,1701597980000000000,6,11749,11,normal,0,train
1374,1701641600000000000,59,32648,12,new merchant,1,train
1374,1701652400000000000,45,32648,12,new merchant,1,train
1374,1701663200000000000,52,32648,12,new merchant,1,train
1375,1700048300000000000,6,49279,13,normal,0,train
1375,1700143040000000000,4,50910,15,normal,0,train
1375,1700221580000000000,4,54725,13,normal,0,train
1375,1700229620000000000,4,49894,15,normal,0,train
1375,1700313860000000000,6,49679,15,normal,0,train
1375,1700407040000000000,4,57360,17,legit: late lunch,0,train
1375,1700396060000000000,4,54308,14,normal,0,train
1375,1700485700000000000,4,54270,14,normal,0,train
1375,1700572760000000000,6,56586,15,normal,0,train
1375,1700661080000000000,6,57195,15,normal,0,train
1375,1700652440000000000,6,56148,13,normal,0,train
1375,1700739440000000000,6,48799,13,normal,0,train
1375,1700831660000000000,6,55834,15,normal,0,train
1375,1700831720000000000,4,49881,15,normal,0,train
1375,1700916980000000000,6,50557,14,normal,0,train
1375,1701000800000000000,6,56329,14,normal,0,train
1375,1701047600000000000,6,53447,3,odd hour,1,train
1375,1701134000000000000,6,53447,3,odd hour,1,train
1376,1700051480000000000,6,54693,14,normal,0,train
1376,1700133860000000000,6,62623,13,legit: occasional merchant,0,train
1376,1700223200000000000,3,56122,14,normal,0,train
1376,1700307560000000000,6,58310,13,normal,0,train
1376,1700396060000000000,3,60451,14,normal,0,train
1376,1700484980000000000,3,55315,14,normal,0,train
1376,1700482280000000000,6,62127,13,normal,0,train
1376,1700562260000000000,3,62807,12,normal,0,train
1376,1700649560000000000,6,64051,12,normal,0,train
1376,1700737940000000000,6,55770,12,normal,0,train
1376,1700822660000000000,6,60783,12,normal,0,train
1376,1700917460000000000,1,59021,14,legit: occasional merchant,0,train
1376,1700915600000000000,6,57234,14,normal,0,train
1376,1701002960000000000,3,54448,14,normal,0,train
1376,1701009200000000000,6,56798,16,legit: late lunch,0,train
1376,1701089780000000000,6,55796,14,normal,0,train
1376,1701090560000000000,6,56623,14,normal,0,train
1376,1701175520000000000,3,60759,14,normal,0,train
1376,1701168560000000000,3,59460,12,normal,0,train
1376,1701270620000000000,3,56712,16,legit: late lunch,0,train
1376,1701263000000000000,6,57329,14,normal,0,train
1376,1701343820000000000,3,62507,13,normal,0,train
1376,1701343700000000000,6,56987,13,normal,0,train
1376,1701432680000000000,3,61446,13,normal,0,train
1377,1700045120000000000,4,33300,12,normal,0,train
1377,1700129780000000000,4,32768,12,normal,0,train
1377,1700219780000000000,2,22187,13,normal,0,train
1377,1700223920000000000,4,23621,14,normal,0,train
1377,1700304680000000000,4,31548,12,normal,0,train
1377,1700399480000000000,4,23811,14,normal,0,train
1377,1700394200000000000,2,26247,13,normal,0,train
1377,1700478680000000000,2,76240,12,legit: team order,0,train
1377,1700570420000000000,2,24939,14,normal,0,train
1377,1700655680000000000,4,28582,14,normal,0,train
1377,1700743100000000000,2,26541,14,normal,0,train
1377,1700736740000000000,4,24108,12,normal,0,train
1377,1700827280000000000,4,25452,13,normal,0,train
1377,1700911700000000000,2,23472,13,normal,0,train
1377,1701000800000000000,2,26634,14,normal,0,train
1377,1701002540000000000,2,27046,14,normal,0,train
1377,1701082460000000000,4,30617,12,normal,0,train
1377,1701174560000000000,4,26585,14,normal,0,train
1377,1701176480000000000,2,30833,14,normal,0,train
1377,1701263180000000000,2,29983,14,normal,0,train
1377,1701255860000000000,4,76240,12,legit: team order,0,train
1377,1701341060000000000,4,29174,12,legit: occasional merchant,0,train
1378,1700056640000000000,1,12269,15,normal,0,train
1378,1700053400000000000,1,21263,14,normal,0,train
1378,1700138300000000000,1,18836,14,normal,0,train
1378,1700133980000000000,1,13729,13,normal,0,train
1378,1700229620000000000,1,11758,15,normal,0,train
1378,1700315780000000000,5,55080,15,legit: team order,0,train
1378,1700308400000000000,5,21949,13,normal,0,train
1378,1700393180000000000,5,18804,13,normal,0,train
1378,1700482760000000000,1,19010,14,normal,0,train
1378,1700481260000000000,5,22831,13,normal,0,train
1378,1700571560000000000,1,20386,14,normal,0,train
1378,1700653280000000000,3,20171,13,legit: occasional merchant,0,train
1378,1700745320000000000,1,11998,15,normal,0,train
1378,1700826740000000000,1,14234,13,normal,0,train
1378,1700911220000000000,5,18592,13,normal,0,train
1378,1701002780000000000,5,17682,14,normal,0,train
1378,1701085400000000000,1,19443,13,normal,0,train
1378,1701175340000000000,1,16713,14,normal,0,train
1378,1701259100000000000,1,14497,13,normal,0,train
1378,1701346100000000000,1,14647,13,normal,0,train
1378,1701432260000000000,1,11962,13,normal,0,train
1378,1701468800000000000,56,35080,14,new merchant,1,train
1378,1701479600000000000,59,35080,14,new merchant,1,train
1378,1701490400000000000,44,35080,14,new merchant,1,train
1379,1700054300000000000,1,20756,15,normal,0,train
1379,1700133320000000000,1,14224,13,normal,0,train
1379,1700230340000000000,1,14693,15,normal,0,train
1379,1700314820000000000,1,19207,15,normal,0,train
1379,1700399000000000000,1,18713,14,normal,0,train
1379,1700398220000000000,1,20984,14,normal,0,train
1379,1700485580000000000,1,18021,14,normal,0,train
1379,1700573720000000000,1,10149,15,normal,0,train
1379,1700653520000000000,1,14259,13,normal,0,train
1379,1700747300000000000,1,16453,15,normal,0,train
1379,1700834660000000000,1,12274,15,normal,0,train
1379,1700911580000000000,1,18669,13,normal,0,train
1379,1701006740000000000,1,18059,15,normal,0,train
1379,1701085580000000000,1,16906,13,normal,0,train
1379,1701172340000000000,1,21795,13,normal,0,train
1379,1701258200000000000,1,12544,13,normal,0,train
1379,1701259760000000000,1,11274,13,normal,0,train
1379,1701348020000000000,1,12043,14,normal,0,train
1379,1701431540000000000,1,20124,13,normal,0,train
1379,1701519380000000000,1,13671,14,normal,0,train
1380,1700050820000000000,2,42705,14,normal,0,train
1380,1700052440000000000,2,46320,14,normal,0,train
1380,1700135420000000000,4,43452,13,normal,0,train
1380,1700219900000000000,4,44727,13,normal,0,train
1380,1700310200000000000,2,44709,14,normal,0,train
1380,1700302460000000000,4,51006,12,normal,0,train
1380,1700397620000000000,2,41422,14,normal,0,train
1380,1700484680000000000,2,48956,14,legit: occasional merchant,0,train
1380,1700565380000000000,4,51254,13,normal,0,train
1380,1700649920000000000,4,49229,12,normal,0,train
1380,1700656460000000000,4,46140,14,normal,0,train
1380,1700741300000000000,4,50110,13,normal,0,train
1380,1700831300000000000,4,43612,14,normal,0,train
1380,1700912060000000000,2,45563,13,normal,0,train
1380,1700998220000000000,4,43584,13,normal,0,train
1380,1701081740000000000,2,44374,12,normal,0,train
1380,1701174620000000000,2,45081,14,normal,0,train
1380,1701174620000000000,2,47125,14,normal,0,train
1380,1701260720000000000,4,52057,14,normal,0,train
1380,1701340520000000000,4,42325,12,normal,0,train
1381,1700052740000000000,4,43525,14,normal,0,train
1381,1700150240000000000,1,40724,17,legit: late lunch,0,train
1381,1700225360000000000,1,44560,14,normal,0,train
1381,1700225060000000000,4,40280,14,normal,0,train
1381,1700306180000000000,1,42933,13,normal,0,train
1381,1700306300000000000,4,40508,13,normal,0,train
1381,1700398760000000000,1,43139,14,normal,0,train
1381,1700495900000000000,1,45338,17,legit: late lunch,0,train
1381,1700570660000000000,1,41039,14,normal,0,train
1381,1700657840000000000,4,107724,14,legit: team order,0,train
1381,1700652560000000000,1,46243,13,normal,0,train
1381,1700745500000000000,1,45888,15,normal,0,train
1381,1700832800000000000,1,39342,15,normal,0,train
1381,1700919200000000000,4,44029,15,normal,0,train
1381,1701001160000000000,1,39207,14,normal,0,train
1381,1701086780000000000,1,39656,13,normal,0,train
1381,1701178820000000000,4,44788,15,normal,0,train
1382,1700048720000000000,1,31007,13,normal,0,train
1382,1700142020000000000,4,28283,15,normal,0,train
1382,1700135000000000000,1,34426,13,normal,0,train
1382,1700220140000000000,4,32977,13,normal,0,train
1382,1700227640000000000,1,32716,15,normal,0,train
1382,1700316320000000000,1,35993,15,normal,0,train
1382,1700396840000000000,1,27243,14,normal,0,train
1382,1700484140000000000,1,36163,14,normal,0,train
1382,1700568740000000000,1,27728,13,normal,0,train
1382,1700659100000000000,1,31626,15,normal,0,train
1382,1700660900000000000,1,28466,15,normal,0,train
1382,1700748260000000000,4,28565,15,normal,0,train
1382,1700833760000000000,4,29237,15,normal,0,train
1382,1700913500000000000,1,31636,13,normal,0,train
1382,1701004820000000000,1,36877,15,normal,0,train
1382,1701001160000000000,1,35589,14,normal,0,train
1382,1701091460000000000,4,28483,15,normal,0,train
1382,1701092000000000000,4,36030,15,normal,0,train
1382,1701180080000000000,4,35946,15,normal,0,train
1382,1701257480000000000,4,34880,13,normal,0,train
1382,1701342800000000000,1,32119,13,normal,0,train
1382,1701434660000000000,4,29106,14,normal,0,train
1382,1701521000000000000,4,27359,14,normal,0,train
1382,1701609200000000000,1,37173,15,normal,0,train
1382,1701693860000000000,4,32900,14,normal,0,train
1383,1700057480000000000,4,40282,15,normal,0,train
1383,1700135780000000000,4,32281,13,normal,0,train
1383,1700229380000000000,5,38032,15,normal,0,train
1383,1700322080000000000,4,94730,17,legit: team order,0,train
1383,1700398760000000000,5,39834,14,normal,0,train
1383,1700400500000000000,4,39311,15,normal,0,train
1383,1700482280000000000,4,42827,13,normal,0,train
1383,1700486840000000000,4,43116,15,normal,0,train
1383,1700573060000000000,5,31900,15,normal,0,train
1383,1700654000000000000,5,40125,13,normal,0,train
1383,1700745140000000000,4,34311,14,normal,0,train
1383,1700738240000000000,5,36717,13,normal,0,train
1383,1700833880000000000,4,37304,15,normal,0,train
1383,1700915420000000000,5,38146,14,normal,0,train
1383,1701005420000000000,4,31652,15,normal,0,train
1383,1701088640000000000,4,38861,14,normal,0,train
1383,1701173900000000000,5,31764,14,normal,0,train
1383,1701262220000000000,4,38452,14,normal,0,train
1383,1701263780000000000,5,42070,15,normal,0,train
1383,1701351140000000000,4,31699,15,normal,0,train
1384,1700046320000000000,1,26275,12,normal,0,train
1384,1700139920000000000,1,19059,14,normal,0,train
1384,1700217560000000000,1,24637,12,normal,0,train
1384,1700308880000000000,1,23247,13,normal,0,train
1384,1700307080000000000,6,22204,13,normal,0,train
1384,1700396360000000000,1,27494,14,normal,0,train
1384,1700481920000000000,1,21606,13,normal,0,train
1384,1700490260000000000,6,20457,16,legit: late lunch,0,train
1384,1700572040000000000,6,27799,14,normal,0,train
1384,1700654600000000000,1,24703,13,normal,0,train
1384,1700744660000000000,1,28290,14,normal,0,train
1384,1700821040000000000,1,27338,12,normal,0,train
1384,1700828180000000000,1,18431,14,normal,0,train
1384,1700914940000000000,6,18464,14,normal,0,train
1384,1700917160000000000,2,27195,14,legit: occasional merchant,0,train
1384,1700995640000000000,1,25045,12,normal,0,train
1384,1701085040000000000,6,22949,13,normal,0,train
1384,1701088400000000000,6,16974,14,normal,0,train
1384,1701168260000000000,6,25915,12,normal,0,train
1384,1701255020000000000,1,26182,12,normal,0,train
1384,1701341120000000000,6,21452,12,normal,0,train
1384,1701435140000000000,6,23553,14,normal,0,train
1384,1701519020000000000,1,23078,13,normal,0,train
1384,1701605180000000000,6,26172,13,normal,0,train
1384,1701692600000000000,6,21123,14,normal,0,train
1384,1701779780000000000,1,28047,14,normal,0,train
1385,1700048960000000000,6,57097,13,normal,0,train
1385,1700050040000000000,3,52989,13,normal,0,train
1385,1700131040000000000,6,55253,12,normal,0,train
1385,1700133500000000000,3,54681,13,normal,0,train
1385,1700221460000000000,3,45993,13,legit: occasional merchant,0,train
1385,1700226560000000000,6,45867,14,normal,0,train
1385,1700306480000000000,6,50770,13,normal,0,train
1385,1700393000000000000,6,46472,13,normal,0,train
1385,1700485280000000000,6,49941,14,normal,0,train
1385,1700572280000000000,3,53194,14,normal,0,train
1385,1700658380000000000,6,46510,14,normal,0,train
1385,1700653160000000000,6,50250,13,normal,0,train
1385,1700739920000000000,6,52575,13,normal,0,train
1385,1700829380000000000,6,47379,14,normal,0,train
1385,1700823080000000000,3,55800,12,normal,0,train
1385,1700915480000000000,3,47830,14,normal,0,train
1385,1701010400000000000,3,55028,16,legit: late lunch,0,train
1385,1701083660000000000,6,47494,13,normal,0,train
1386,1700052200000000000,5,36737,14,normal,0,train
1386,1700134880000000000,2,26536,13,normal,0,train
1386,1700137100000000000,2,27727,14,normal,0,train
1386,1700224400000000000,5,28921,14,normal,0,train
1386,1700311220000000000,2,30639,14,normal,0,train
1386,1700395700000000000,2,30787,13,normal,0,train
1386,1700484140000000000,2,25413,14,normal,0,train
1386,1700479220000000000,2,27230,13,normal,0,train
1386,1700575220000000000,5,30204,15,normal,0,train
1386,1700570480000000000,5,30714,14,normal,0,train
1386,1700654960000000000,5,31507,13,normal,0,train
1386,1700655800000000000,2,30978,14,normal,0,train
1386,1700738780000000000,2,27125,13,normal,0,train
1386,1700827220000000000,2,37147,13,normal,0,train
1386,1700914100000000000,6,37073,13,legit: occasional merchant,0,train
1386,1700999240000000000,2,26123,13,normal,0,train
1386,1701087800000000000,5,34192,14,normal,0,train
1386,1701086660000000000,5,32139,13,normal,0,train
1386,1701180200000000000,1,28882,15,legit: occasional merchant,0,train
1386,1701173540000000000,2,82756,13,legit: team order,0,train
1386,1701265400000000000,2,26537,15,normal,0,train
1386,1701346460000000000,5,35436,14,normal,0,train
1386,1701393200000000000,5,31378,3,odd hour,1,train
1386,1701479600000000000,5,31378,3,odd hour,1,train
1387,1700055380000000000,5,55487,15,normal,0,train
1387,1700134820000000000,5,54387,13,normal,0,train
1387,1700223140000000000,5,46238,13,normal,0,train
1387,1700313800000000000,5,51640,15,normal,0,train
1387,1700393480000000000,5,55454,13,normal,0,train
1387,1700487140000000000,5,52066,15,normal,0,train
1387,1700569700000000000,3,54747,14,normal,0,train
1387,1700652380000000000,3,47169,13,normal,0,train
1387,1700738180000000000,3,50946,13,normal,0,train
1387,1700834420000000000,5,57454,15,normal,0,train
1387,1700911880000000000,3,46455,13,normal,0,train
1387,1700916440000000000,3,46249,14,normal,0,train
1387,1701013760000000000,3,55302,17,legit: late lunch,0,train
1387,1701093440000000000,5,55938,15,normal,0,train
1388,1700057360000000000,1,65000,15,legit: late lunch,0,train
1388,1700133440000000000,1,57943,13,normal,0,train
1388,1700221520000000000,2,60449,13,normal,0,train
1388,1700216960000000000,1,55077,12,normal,0,train
1388,1700305760000000000,1,57659,12,normal,0,train
1388,1700402480000000000,2,57355,15,legit: late lunch,0,train
1388,1700472800000000000,1,59536,11,normal,0,train
1388,1700568560000000000,2,61732,13,normal,0,train
1388,1700647040000000000,1,57858,11,normal,0,train
1388,1700739920000000000,2,59906,13,normal,0,train
1388,1700823260000000000,1,59294,12,normal,0,train
1388,1700910680000000000,2,56166,12,normal,0,train
1388,1700992040000000000,2,59512,11,normal,0,train
1388,1701080960000000000,2,63190,12,normal,0,train
1388,1701165020000000000,1,59866,11,normal,0,train
1389,1700047040000000000,3,49626,13,normal,0,train
1389,1700142440000000000,3,43189,15,legit: late lunch,0,train
1389,1700214080000000000,3,42604,11,legit: occasional merchant,0,train
1389,1700299880000000000,3,49372,11,normal,0,train
1389,1700390420000000000,3,47135,12,normal,0,train
1389,1700480540000000000,5,43102,13,normal,0,train
1389,1700573300000000000,5,45840,15,legit: late lunch,0,train
1389,1700647940000000000,5,47778,11,normal,0,train
1389,1700732780000000000,5,45240,11,normal,0,train
1389,1700827040000000000,3,46303,13,normal,0,train
1389,1700909420000000000,5,42005,12,normal,0,train
1389,1700905520000000000,3,42827,11,normal,0,train
1389,1700997560000000000,3,48307,13,normal,0,train
1389,1701082520000000000,3,48996,12,normal,0,train
1389,1701167660000000000,1,46939,12,legit: occasional merchant,0,train
1389,1701255080000000000,3,49771,12,normal,0,train
1389,1701335660000000000,5,40443,11,normal,0,train
1389,1701382400000000000,56,90494,12,new merchant,1,train
1389,1701393200000000000,52,90494,12,new merchant,1,train
1389,1701404000000000000,44,90494,12,new merchant,1,train
1390,1700042360000000000,2,33847,11,normal,0,train
1390,1700132000000000000,3,27835,12,normal,0,train
1390,1700134640000000000,2,29880,13,normal,0,train
1390,1700215760000000000,2,35610,11,normal,0,train
1390,1700303900000000000,3,30014,12,normal,0,train
1390,1700392640000000000,3,34294,13,normal,0,train
1390,1700482220000000000,3,35149,13,normal,0,train
1390,1700559800000000000,2,33810,11,normal,0,train
1390,1700649080000000000,3,36878,12,normal,0,train
1390,1700650580000000000,3,35139,12,normal,0,train
1390,1700738360000000000,2,82222,13,legit: team order,0,train
1390,1700825960000000000,2,28451,13,normal,0,train
1390,1700906600000000000,3,33880,11,normal,0,train
1390,1700990120000000000,3,35625,11,normal,0,train
1390,1700994320000000000,3,32505,12,normal,0,train
1390,1701077420000000000,2,25818,11,normal,0,train
1390,1701172700000000000,2,37017,13,normal,0,train
1390,1701256760000000000,2,27113,13,normal,0,train
1390,1701341900000000000,2,27222,12,normal,0,train
1390,1701335900000000000,2,33874,11,normal,0,train
1390,1701437540000000000,3,33169,15,legit: late lunch,0,train
1391,1700053820000000000,6,44381,14,normal,0,train
1391,1700135240000000000,6,50059,13,normal,0,train
1391,1700222000000000000,6,44594,13,normal,0,train
1391,1700304620000000000,6,53359,12,normal,0,train
1391,1700389760000000000,6,51231,12,normal,0,train
1391,1700476040000000000,2,46530,12,normal,0,train
1391,1700571260000000000,6,44506,14,normal,0,train
1391,1700654120000000000,2,53241,13,normal,0,train
1391,1700649380000000000,2,46691,12,normal,0,train
1391,1700735000000000000,6,47648,12,normal,0,train
1391,1700734760000000000,2,53275,12,normal,0,train
1391,1700826140000000000,6,43587,13,normal,0,train
1391,1700915360000000000,2,49240,14,normal,0,train
1391,1700915120000000000,6,49084,14,normal,0,train
1391,1700995220000000000,2,54054,12,normal,0,train
1391,1701085160000000000,6,50556,13,normal,0,train
1391,1701083660000000000,2,48070,13,normal,0,train
1391,1701166820000000000,2,49692,12,normal,0,train
1391,1701262340000000000,2,47348,14,normal,0,train
1392,1700045600000000000,1,31520,12,normal,0,train
1392,1700133440000000000,1,36099,13,normal,0,train
1392,1700212640000000000,1,35001,11,normal,0,train
1392,1700307260000000000,1,39475,13,normal,0,train
1392,1700388440000000000,1,32667,11,normal,0,train
1392,1700394500000000000,2,31686,13,normal,0,train
1392,1700478860000000000,2,37077,13,normal,0,train
1392,1700472560000000000,1,32430,11,normal,0,train
1392,1700567300000000000,1,29657,13,normal,0,train
1392,1700565980000000000,2,35959,13,normal,0,train
1392,1700661620000000000,5,35028,15,legit: occasional merchant,0,train
1392,1700732000000000000,1,30152,11,normal,0,train
1392,1700740460000000000,1,36173,13,normal,0,train
1392,1700822240000000000,1,40445,12,normal,0,train
1392,1700904200000000000,2,29471,11,normal,0,train
1392,1700997860000000000,2,30683,13,normal,0,train
1392,1701082700000000000,2,35723,12,normal,0,train
1392,1701170360000000000,1,36496,13,normal,0,train
1392,1701259400000000000,2,32499,13,normal,0,train
1392,1701340160000000000,1,31874,12,normal,0,train
1392,1701342380000000000,1,31721,12,normal,0,train
1393,1700052620000000000,1,23327,14,normal,0,train
1393,1700138060000000000,2,31088,14,normal,0,train
1393,1700233520000000000,2,27681,16,legit: late lunch,0,train
1393,1700309720000000000,1,26565,14,normal,0,train
1393,1700312000000000000,2,28028,14,normal,0,train
1393,1700397620000000000,1,29548,14,normal,0,train
1393,1700475980000000000,2,24460,12,normal,0,train
1393,1700571440000000000,2,33248,14,normal,0,train
1393,1700657660000000000,1,25564,14,normal,0,train
1393,1700743820000000000,2,28532,14,normal,0,train
1393,1700823620000000000,1,28984,12,normal,0,train
1393,1700829860000000000,1,30889,14,normal,0,train
1393,1700917160000000000,1,24693,14,normal,0,train
1393,1700907680000000000,1,77714,12,legit: team order,0,train
1393,1701002600000000000,1,28614,14,normal,0,train
1393,1701003320000000000,2,26814,14,normal,0,train
1393,1701036800000000000,1,28857,13,burst,1,train
1393,1701036920000000000,1,28857,13,burst,1,train
1393,1701037040000000000,1,28857,13,burst,1,train
1393,1701037160000000000,1,28857,13,burst,1,train
1393,1701037280000000000,1,28857,13,burst,1,train
1393,1701037400000000000,1,28857,13,burst,1,train
1394,1700047880000000000,2,26545,13,normal,0,train
1394,1700055020000000000,1,19197,15,normal,0,train
1394,1700141480000000000,1,22466,15,normal,0,train
1394,1700143760000000000,1,18547,15,normal,0,train
1394,1700227400000000000,1,28632,15,normal,0,train
1394,1700309120000000000,2,21264,13,normal,0,train
1394,1700398280000000000,2,22584,14,normal,0,train
1394,1700400620000000000,1,18192,15,normal,0,train
1394,1700480180000000000,2,24919,13,normal,0,train
1394,1700572580000000000,2,19988,15,normal,0,train
1394,1700653880000000000,1,20226,13,normal,0,train
1394,1700744600000000000,1,25023,14,normal,0,train
1394,1700738480000000000,1,26905,13,normal,0,train
1394,1700834240000000000,1,27550,15,normal,0,train
1394,1700917880000000000,2,25702,14,normal,0,train
1394,1701000260000000000,2,17554,13,normal,0,train
1394,1701093140000000000,1,18308,15,normal,0,train
1394,1701093020000000000,1,19894,15,normal,0,train
1395,1700049260000000000,3,14694,13,normal,0,train
1395,1700140280000000000,3,16786,14,normal,0,train
1395,1700227040000000000,3,19760,15,normal,0,train
1395,1700306420000000000,3,13013,13,normal,0,train
1395,1700398040000000000,3,16619,14,normal,0,train
1395,1700484320000000000,3,13897,14,normal,0,train
1395,1700484260000000000,3,18769,14,normal,0,train
1395,1700572640000000000,3,13817,15,normal,0,train
1395,1700652080000000000,3,12202,13,normal,0,train
1395,1700739860000000000,3,18574,13,normal,0,train
1395,1700835140000000000,3,22896,15,normal,0,train
1395,1700833100000000000,3,12099,15,normal,0,train
1395,1700921420000000000,3,19059,15,normal,0,train
1395,1701001940000000000,3,19000,14,normal,0,train
1395,1701088580000000000,3,12796,14,normal,0,train
1395,1701170420000000000,3,14364,13,normal,0,train
1395,1701178700000000000,3,20750,15,normal,0,train
1395,1701264680000000000,3,13971,15,normal,0,train
1395,1701343160000000000,3,13778,13,normal,0,train
1396,1700048540000000000,4,20875,13,normal,0,train
1396,1700047400000000000,1,20539,13,normal,0,train
1396,1700143940000000000,4,20428,15,normal,0,train
1396,1700223800000000000,1,14492,14,normal,0,train
1396,1700310620000000000,4,15302,14,normal,0,train
1396,1700396720000000000,1,10437,14,normal,0,train
1396,1700395160000000000,1,10781,13,normal,0,train
1396,1700479400000000000,1,14536,13,normal,0,train
1396,1700481380000000000,1,19453,13,normal,0,train
1396,1700569640000000000,4,52370,14,legit: team order,0,train
1396,1700654240000000000,4,52370,13,legit: team order,0,train
1396,1700748020000000000,4,13570,15,normal,0,train
1396,1700830520000000000,4,16286,14,normal,0,train
1396,1700913380000000000,4,13144,13,normal,0,train
1396,1701002120000000000,4,16601,14,normal,0,train
1396,1701001760000000000,4,13948,14,normal,0,train
1396,1701086660000000000,4,17756,13,normal,0,train
1396,1701085760000000000,1,12277,13,normal,0,train
1396,1701123200000000000,1,16185,14,burst,1,train
1396,1701123320000000000,1,16185,14,burst,1,train
1396,1701123440000000000,1,16185,14,burst,1,train
1396,1701123560000000000,1,16185,14,burst,1,train
1396,1701123680000000000,1,16185,14,burst,1,train
1396,1701123800000000000,1,16185,14,burst,1,train
1397,1700046200000000000,6,61876,12,normal,0,train
1397,1700045900000000000,6,53323,12,normal,0,train
1397,1700134280000000000,6,60380,13,normal,0,train
1397,1700226320000000000,6,60117,14,normal,0,train
1397,1700312360000000000,6,51940,14,normal,0,train
1397,1700388920000000000,6,62221,12,normal,0,train
1397,1700484320000000000,6,52465,14,normal,0,train
1397,1700566580000000000,6,53090,13,normal,0,train
1397,1700656340000000000,6,60762,14,normal,0,train
1397,1700743160000000000,6,59099,14,normal,0,train
1397,1700734760000000000,6,59576,12,normal,0,train
1397,1700831060000000000,6,54855,14,normal,0,train
1397,1700822600000000000,6,134818,12,legit: team order,0,train
1397,1700908160000000000,6,60964,12,normal,0,train
1397,1700996540000000000,2,59862,12,legit: occasional merchant,0,train
1397,1701089600000000000,6,52140,14,normal,0,train
1397,1701169520000000000,6,62111,12,normal,0,train
1397,1701255140000000000,4,60166,12,legit: occasional merchant,0,train
1397,1701260000000000000,6,60998,14,normal,0,train
1397,1701348680000000000,6,62486,14,normal,0,train
1397,1701425720000000000,6,58816,12,normal,0,train
1397,1701430340000000000,6,55480,13,normal,0,train
1398,1700047280000000000,1,18715,13,normal,0,train
1398,1700127380000000000,5,24839,11,normal,0,train
1398,1700213240000000000,1,23007,11,normal,0,train
1398,1700300660000000000,5,24749,11,normal,0,train
1398,1700394260000000000,1,28329,13,normal,0,train
1398,1700476940000000000,5,25336,12,normal,0,train
1398,1700567420000000000,1,24245,13,normal,0,train
1398,1700653640000000000,5,25958,13,normal,0,train
1398,1700735240000000000,1,24659,12,normal,0,train
1398,1700733620000000000,1,29161,11,normal,0,train
1398,1700823680000000000,1,27271,12,normal,0,train
1398,1700911760000000000,5,22066,13,normal,0,train
1398,1700999900000000000,1,23117,13,normal,0,train
1398,1701047600000000000,5,23913,3,odd hour,1,train
1398,1701134000000000000,5,23913,3,odd hour,1,train
1399,1700040200000000000,6,45962,11,normal,0,train
1399,1700050100000000000,6,45034,13,normal,0,train
1399,1700134880000000000,6,50137,13,normal,0,train
1399,1700136560000000000,6,54135,13,normal,0,train
1399,1700221520000000000,6,48098,13,normal,0,train
1399,1700220680000000000,6,42991,13,normal,0,train
1399,1700299160000000000,6,44147,11,normal,0,train
1399,1700387600000000000,6,43805,11,normal,0,train
1399,1700478920000000000,6,47932,13,normal,0,train
1399,1700567720000000000,6,42636,13,normal,0,train
1399,1700652320000000000,6,49163,13,normal,0,train
1399,1700738540000000000,6,49687,13,normal,0,train
1399,1700736740000000000,6,49554,12,normal,0,train
1399,1700820440000000000,6,45892,11,normal,0,train
1399,1700910740000000000,6,54195,12,normal,0,train
1399,1700991440000000000,6,51228,11,normal,0,train
1399,1701079400000000000,6,51263,11,normal,0,train
1399,1701177980000000000,6,46704,15,legit: late lunch,0,train
